pmid,Title,Link,Abstract,FullText_Availability,Abstract_Summary,Full_Text_Summary_With_In_Text_Citations,Full_Text_Summary_Without_Citations,Full_Text_Summary,Raw_Summary_With_Evidence_IDs,Number_of_In_Text_Citations_Found,Used_Evidence_IDs,Invalid_Evidence_IDs,Source_Evidence_Blocks_Sent_To_GPT,Total_Source_Paragraphs,Abstract_vs_FullText_Similarity,Abstract_Flesch_Reading_Ease,Abstract_Flesch_Kincaid_Grade,FullText_Flesch_Reading_Ease,FullText_Flesch_Kincaid_Grade,Abstract_RAGAS_Faithfulness,FullText_RAGAS_Faithfulness,Abstract_RAGAS_Summarization_Score,FullText_RAGAS_Summarization_Score,Abstract_SMOG_Index,FullText_SMOG_Index,Abstract_Gunning_Fog_Score,FullText_Gunning_Fog_Score
15822487,Lung cancer.,https://pubmed.ncbi.nlm.nih.gov/15822487/,"Lung cancer is the leading cause of cancer-related mortality. Since tobacco smoking is the cause in vast majority of cases, the incidence of lung cancer is expected to rise in those countries with high or rising incidence of tobacco smoking. Even though populations at risk of developing lung cancer are easily identified, mass screening for lung cancer is not supported by currently available evidence. In the case of non-small cell lung cancer, a cure may be possible with surgical resection followed by post-operative chemotherapy in those diagnosed at an early stage. A small minority of patients who present with locally advanced disease may also benefit from pre-operative chemotherapy and/or radiation therapy to down stage the tumor to render it potentially operable. In a vast majority of patients, however, lung cancer presents at an advanced stage and a cure is not possible with currently available therapeutic strategies. Similarly, small cell lung cancer confined to one hemi-thorax may be curable with a combination of chemotherapy and thoracic irradiation followed by prophylactic cranial irradiation, if complete remission is achieved at the primary site. Small cell lung cancer that is spread beyond the confines of one hemi-thorax is, however, considered incurable. In this era of molecular targeted therapies, new agents are constantly undergoing pre-clinical and clinical testing with the aim of targeting the molecular pathways thought be involved in etiology and pathogenesis of lung cancer.",Available,"This research looks at lung cancer, which is the top cause of death from cancer (Abstract, sentence 1). We need this study because most lung cancer comes from smoking, and smoking rates are still high in many places (Abstract, sentence 2). Many people at risk are easy to spot, but we still do not have proof that checking everyone with scans or tests helps them live longer (Abstract, sentence 3). The team looked at how well current care works for two main types of lung cancer and at new drug ideas (Abstract, sentence 4). They used past patient cases and test drugs in labs and in people (Abstract, sentence 4). They found that when we find non small cell lung cancer early, surgery plus drug care after can sometimes cure it (Abstract, sentence 4). A few people with lung cancer that has grown nearby may gain from drug care and beam care before surgery (Abstract, sentence 5). But most people learn they have lung cancer late, and then we cannot cure it with today’s care (Abstract, sentence 6). For small cell lung cancer in one side of the chest, strong drug care and beam care can sometimes cure it, but once it spreads more, it is seen as not curable (Abstract, sentence 7)(Abstract, sentence 8). New “target” drugs are now in lab and human tests to block key cancer paths and may give better choices in the future (Abstract, sentence 9).","This research looks at lung cancer, which is the top cause of death from cancer in the world (Abstract, para. 1). It explains what raises your risk, how doctors find it, and what treatments can and cannot do (Abstract, para. 1). We need this study because lung cancer is very common and often deadly, and many people smoke or breathe in smoke from others (Body, para. 1). It may help you if you smoke now, used to smoke, live with a smoker, or worry about lung cancer (Body, para. 3). The team reviewed large health reports and many past studies on smoking, diet, tests, and treatments for lung cancer (Body, para. 1). They looked at both main types of lung cancer and at early and late stages (Body, para. 4). They found that smoking causes about 90% of lung cancer, and even second hand smoke can double risk in some groups (Body, para. 3). Only about 14 out of 100 people with lung cancer are still alive after five years, and cure is mostly possible only when the cancer is found early and removed by surgery, often with added drugs (Body, para. 1). New “targeted” pills like gefitinib and erlotinib can ease symptoms and add a few months of life for some people with advanced disease (Body, para. 30). These findings support strong steps to prevent smoking, find lung cancer earlier, and use newer drug plans to help people live longer and feel better (Body, para. 5).","This research looks at lung cancer, which is the top cause of death from cancer in the world. It explains what raises your risk, how doctors find it, and what treatments can and cannot do. We need this study because lung cancer is very common and often deadly, and many people smoke or breathe in smoke from others. It may help you if you smoke now, used to smoke, live with a smoker, or worry about lung cancer. The team reviewed large health reports and many past studies on smoking, diet, tests, and treatments for lung cancer. They looked at both main types of lung cancer and at early and late stages. They found that smoking causes about 90% of lung cancer, and even second hand smoke can double risk in some groups. Only about 14 out of 100 people with lung cancer are still alive after five years, and cure is mostly possible only when the cancer is found early and removed by surgery, often with added drugs. New “targeted” pills like gefitinib and erlotinib can ease symptoms and add a few months of life for some people with advanced disease. These findings support strong steps to prevent smoking, find lung cancer earlier, and use newer drug plans to help people live longer and feel better.","This research looks at lung cancer, which is the top cause of death from cancer in the world. It explains what raises your risk, how doctors find it, and what treatments can and cannot do. We need this study because lung cancer is very common and often deadly, and many people smoke or breathe in smoke from others. It may help you if you smoke now, used to smoke, live with a smoker, or worry about lung cancer. The team reviewed large health reports and many past studies on smoking, diet, tests, and treatments for lung cancer. They looked at both main types of lung cancer and at early and late stages. They found that smoking causes about 90% of lung cancer, and even second hand smoke can double risk in some groups. Only about 14 out of 100 people with lung cancer are still alive after five years, and cure is mostly possible only when the cancer is found early and removed by surgery, often with added drugs. New “targeted” pills like gefitinib and erlotinib can ease symptoms and add a few months of life for some people with advanced disease. These findings support strong steps to prevent smoking, find lung cancer earlier, and use newer drug plans to help people live longer and feel better.","This research looks at lung cancer, which is the top cause of death from cancer in the world [E1]. It explains what raises your risk, how doctors find it, and what treatments can and cannot do [E1].  

We need this study because lung cancer is very common and often deadly, and many people smoke or breathe in smoke from others [E2]. It may help you if you smoke now, used to smoke, live with a smoker, or worry about lung cancer [E4].  

The team reviewed large health reports and many past studies on smoking, diet, tests, and treatments for lung cancer [E2]. They looked at both main types of lung cancer and at early and late stages [E5].  

They found that smoking causes about 90% of lung cancer, and even second hand smoke can double risk in some groups [E4]. Only about 14 out of 100 people with lung cancer are still alive after five years, and cure is mostly possible only when the cancer is found early and removed by surgery, often with added drugs [E2]. New “targeted” pills like gefitinib and erlotinib can ease symptoms and add a few months of life for some people with advanced disease [E31].  

These findings support strong steps to prevent smoking, find lung cancer earlier, and use newer drug plans to help people live longer and feel better [E6].",10,"E1, E2, E4, E5, E31, E6",,39,39,0.48597855,72.4988112,9.134311203,70.58000691,8.805718894,0.647058824,0.888888889,0.429821664,0.713266667,7.16862163,6.742157985,10.30390041,9.232995392
28061470,Lung cancer and chronic obstructive pulmonary disease: From a clinical perspective.,https://pubmed.ncbi.nlm.nih.gov/28061470/,"Chronic obstructive pulmonary disease (COPD) and lung cancer are devastating pulmonary diseases that commonly coexist and present a number of clinical challenges. COPD confers a higher risk for lung cancer development, but available chemopreventive measures remain rudimentary. Current studies have shown a marked benefit of cancer screening in the COPD population, although challenges remain, including the common underdiagnosis of COPD. COPD-associated lung cancer presents distinct clinical features. Treatment for lung cancer coexisting with COPD is challenging as COPD may increase postoperative morbidities and decrease survival. In this review, we outline current progress in the understanding of the clinical association between COPD and lung cancer, and suggest possible cancer prevention strategies in this patient population.",Available,"This research looks at how a long-term lung disease called COPD and lung cancer often happen in the same person and cause many health problems (Abstract, sentence 1). We need this study because people with COPD have a higher chance of getting lung cancer, but ways to stop cancer before it starts are still very basic (Abstract, sentence 2). It may help you if you have COPD, care for someone with COPD, or treat people with lung disease (Abstract, sentence 1). The team did not test a new drug or run a trial (Abstract, sentence 6). They read and summed up many past studies to see how COPD and lung cancer are linked and how we might lower cancer risk in this group (Abstract, sentence 6). They found that cancer checks, like lung scans, can help people with COPD, but many people with COPD are never told they have it, so they miss these checks (Abstract, sentence 3). They also found that lung cancer in people with COPD can look and act in a different way than lung cancer in people without COPD (Abstract, sentence 4). Treating lung cancer is also harder when COPD is present, with more problems after surgery and lower chance of long life (Abstract, sentence 5). In the future, better cancer checks and new ways to prevent cancer in people with COPD may help more people live longer and feel better (Abstract, sentence 2).","This research looks at how a long-term lung disease called COPD and lung cancer are linked, and what we can do to lower risk and treat both at the same time (Abstract, para. 1). We need this study because many people have both COPD and lung cancer, and COPD makes it more likely you will get lung cancer and can make surgery and recovery harder (Abstract, para. 1)(Body, para. 12). The writers of this paper did not test a new drug on patients. They read and summed up many past studies on COPD, lung cancer risk, lung scans, surgery, and other care (Body, para. 2). They found that people with COPD or lung damage called emphysema have the highest risk of lung cancer when both problems are present (Body, para. 4). Quitting smoking cut lung cancer risk by about half in one long study (Methods, para. 1). Low-dose CT lung scans in people with COPD can find more early-stage cancers and may lower deaths from lung cancer, but COPD is often missed or wrongly named, which makes screening hard to plan (Body, para. 5)(Body, para. 6). These findings matter because they show that if you have COPD, you and your care team may need closer lung cancer checks, strong help to quit smoking, and careful planning before any lung surgery (Methods, para. 1)(Body, para. 23). In the future, better screening rules and rehab plans for people with both COPD and lung cancer may help more people live longer and feel better (Body, para. 23).","This research looks at how a long-term lung disease called COPD and lung cancer are linked, and what we can do to lower risk and treat both at the same time. We need this study because many people have both COPD and lung cancer, and COPD makes it more likely you will get lung cancer and can make surgery and recovery harder. The writers of this paper did not test a new drug on patients. They read and summed up many past studies on COPD, lung cancer risk, lung scans, surgery, and other care. They found that people with COPD or lung damage called emphysema have the highest risk of lung cancer when both problems are present. Quitting smoking cut lung cancer risk by about half in one long study. Low-dose CT lung scans in people with COPD can find more early-stage cancers and may lower deaths from lung cancer, but COPD is often missed or wrongly named, which makes screening hard to plan. These findings matter because they show that if you have COPD, you and your care team may need closer lung cancer checks, strong help to quit smoking, and careful planning before any lung surgery. In the future, better screening rules and rehab plans for people with both COPD and lung cancer may help more people live longer and feel better.","This research looks at how a long-term lung disease called COPD and lung cancer are linked, and what we can do to lower risk and treat both at the same time. We need this study because many people have both COPD and lung cancer, and COPD makes it more likely you will get lung cancer and can make surgery and recovery harder. The writers of this paper did not test a new drug on patients. They read and summed up many past studies on COPD, lung cancer risk, lung scans, surgery, and other care. They found that people with COPD or lung damage called emphysema have the highest risk of lung cancer when both problems are present. Quitting smoking cut lung cancer risk by about half in one long study. Low-dose CT lung scans in people with COPD can find more early-stage cancers and may lower deaths from lung cancer, but COPD is often missed or wrongly named, which makes screening hard to plan. These findings matter because they show that if you have COPD, you and your care team may need closer lung cancer checks, strong help to quit smoking, and careful planning before any lung surgery. In the future, better screening rules and rehab plans for people with both COPD and lung cancer may help more people live longer and feel better.","This research looks at how a long-term lung disease called COPD and lung cancer are linked, and what we can do to lower risk and treat both at the same time [E1].  

We need this study because many people have both COPD and lung cancer, and COPD makes it more likely you will get lung cancer and can make surgery and recovery harder [E1][E16].  

The writers of this paper did not test a new drug on patients. They read and summed up many past studies on COPD, lung cancer risk, lung scans, surgery, and other care [E3].  

They found that people with COPD or lung damage called emphysema have the highest risk of lung cancer when both problems are present [E5]. Quitting smoking cut lung cancer risk by about half in one long study [E6]. Low-dose CT lung scans in people with COPD can find more early-stage cancers and may lower deaths from lung cancer, but COPD is often missed or wrongly named, which makes screening hard to plan [E9][E10].  

These findings matter because they show that if you have COPD, you and your care team may need closer lung cancer checks, strong help to quit smoking, and careful planning before any lung surgery [E6][E27]. In the future, better screening rules and rehab plans for people with both COPD and lung cancer may help more people live longer and feel better [E27].",11,"E1, E16, E3, E5, E6, E9, E10, E27",,27,27,0.670147327,67.66783847,10.39056022,70.91295635,9.551488095,0.80952381,0.95,0.458333333,0.677972862,5.82211442,7.38712967,10.745845,10.8484127
28615068,Quantitative proteomics in lung cancer.,https://pubmed.ncbi.nlm.nih.gov/28615068/,"Lung cancer is the most common cause of cancer-related death worldwide, less than 7% of patients survive 10 years following diagnosis across all stages of lung cancer. Late stage of diagnosis and lack of effective and personalized medicine reflect the need for a better understanding of the mechanisms that underlie lung cancer progression. Quantitative proteomics provides the relative different protein abundance in normal and cancer patients which offers the information for molecular interactions, signaling pathways, and biomarker identification. Here we introduce both theoretical and practical applications in the use of quantitative proteomics approaches, with principles of current technologies and methodologies including gel-based, label free, stable isotope labeling as well as targeted proteomics. Predictive markers of drug resistance, candidate biomarkers for diagnosis, and prognostic markers in lung cancer have also been discovered and analyzed by quantitative proteomic analysis. Moreover, construction of protein networks enables to provide an opportunity to interpret disease pathway and improve our understanding in cancer therapeutic strategies, allowing the discovery of molecular markers and new therapeutic targets for lung cancer.",Available,"This study looks at lung cancer, which is the top cause of cancer death in the world, and only about 7 out of 100 people are still alive 10 years after they learn they have it (Abstract, sentence 1). Many people find out they have lung cancer at a late stage, and there are not enough good, custom treatments, so we need to better understand how this cancer grows and spreads (Abstract, sentence 2). The team used a lab method that measures many proteins, which are tiny parts in your cells that do most of the work, and they compared proteins in normal lung cells and lung cancer cells (Abstract, sentence 3). They explain how this method works in theory and in real lab use, with several types of tests to measure these proteins (Abstract, sentence 4). With this work, they found signs in the proteins that may help tell who will not respond well to some drugs, who may have lung cancer, and who may have better or worse chances over time (Abstract, sentence 5). They also built maps of how proteins link and talk to each other, to see which paths in the cell may be key for new lung cancer drugs (Abstract, sentence 6). In the future, this kind of protein study may help doctors pick better tests and drug plans for people with lung cancer (Abstract, sentence 5).","This research looks at lung cancer and a lab tool called “quantitative proteomics,” which is a way to measure many proteins in the body at once (Abstract, para. 1). Lung cancer causes about 27 out of 100 cancer deaths, and fewer than 7 out of 100 people are alive 10 years after they learn they have it, so we need better tests and treatments (Abstract, para. 1). This work may help people at high risk, people with early lung cancer, and people whose cancer does not respond to drugs (Introduction, para. 1). In this study, teams used several lab methods to compare proteins in normal lung and lung cancer, and in blood, urine, and lung fluid (Body, para. 1). They also used computer tools to link these proteins into “networks” that show how they work together in cancer (Body, para. 17). They found many protein “markers” that may help with early diagnosis, tell stages of disease, or predict who will respond to certain drugs (Body, para. 7). For example, some markers in blood and lung fluid could tell lung cancer from other lung disease, and some markers linked to drug resistance and survival (Body, para. 8). These findings may guide future tests to find lung cancer earlier and to match each person with the drug that is most likely to help them (Body, para. 11).","This research looks at lung cancer and a lab tool called “quantitative proteomics,” which is a way to measure many proteins in the body at once. Lung cancer causes about 27 out of 100 cancer deaths, and fewer than 7 out of 100 people are alive 10 years after they learn they have it, so we need better tests and treatments. This work may help people at high risk, people with early lung cancer, and people whose cancer does not respond to drugs. In this study, teams used several lab methods to compare proteins in normal lung and lung cancer, and in blood, urine, and lung fluid. They also used computer tools to link these proteins into “networks” that show how they work together in cancer. They found many protein “markers” that may help with early diagnosis, tell stages of disease, or predict who will respond to certain drugs. For example, some markers in blood and lung fluid could tell lung cancer from other lung disease, and some markers linked to drug resistance and survival. These findings may guide future tests to find lung cancer earlier and to match each person with the drug that is most likely to help them.","This research looks at lung cancer and a lab tool called “quantitative proteomics,” which is a way to measure many proteins in the body at once. Lung cancer causes about 27 out of 100 cancer deaths, and fewer than 7 out of 100 people are alive 10 years after they learn they have it, so we need better tests and treatments. This work may help people at high risk, people with early lung cancer, and people whose cancer does not respond to drugs. In this study, teams used several lab methods to compare proteins in normal lung and lung cancer, and in blood, urine, and lung fluid. They also used computer tools to link these proteins into “networks” that show how they work together in cancer. They found many protein “markers” that may help with early diagnosis, tell stages of disease, or predict who will respond to certain drugs. For example, some markers in blood and lung fluid could tell lung cancer from other lung disease, and some markers linked to drug resistance and survival. These findings may guide future tests to find lung cancer earlier and to match each person with the drug that is most likely to help them.","This research looks at lung cancer and a lab tool called “quantitative proteomics,” which is a way to measure many proteins in the body at once [E1].  

Lung cancer causes about 27 out of 100 cancer deaths, and fewer than 7 out of 100 people are alive 10 years after they learn they have it, so we need better tests and treatments [E1]. This work may help people at high risk, people with early lung cancer, and people whose cancer does not respond to drugs [E2].  

In this study, teams used several lab methods to compare proteins in normal lung and lung cancer, and in blood, urine, and lung fluid [E4]. They also used computer tools to link these proteins into “networks” that show how they work together in cancer [E20].  

They found many protein “markers” that may help with early diagnosis, tell stages of disease, or predict who will respond to certain drugs [E10]. For example, some markers in blood and lung fluid could tell lung cancer from other lung disease, and some markers linked to drug resistance and survival [E11].  

These findings may guide future tests to find lung cancer earlier and to match each person with the drug that is most likely to help them [E14].",8,"E1, E2, E4, E20, E10, E11, E14",,27,27,0.672856909,65.25706897,12.3908867,64.7450653,10.47044154,0.894736842,1,0.333333333,0.510628431,5.288315135,8.841846275,13.25714286,11.44303483
30935143,The Roles of MicroRNA in Lung Cancer.,https://pubmed.ncbi.nlm.nih.gov/30935143/,"Lung cancer is the most devastating malignancy in the world. Beyond genetic research, epigenomic studies-especially investigations of microRNAs-have grown rapidly in quantity and quality in the past decade. This has enriched our understanding about basic cancer biology and lit up the opportunities for potential therapeutic development. In this review, we summarize the involvement of microRNAs in lung cancer carcinogenesis and behavior, by illustrating the relationship to each cancer hallmark capability, and in addition, we briefly describe the clinical applications of microRNAs in lung cancer diagnosis and prognosis. Finally, we discuss the potential therapeutic use of microRNAs in lung cancer.",Available,"This research paper looks at lung cancer and tiny gene control parts in the cell called microRNAs.(Abstract, sentence 1)Lung cancer is the most deadly type of cancer in the world, so we need new ways to find it, tell how it will act, and treat it.(Abstract, sentence 1)In the last ten years, work on these tiny gene control parts has grown fast and has added a lot to what we know about cancer.(Abstract, sentence 2)The writers did not test new drugs in people.(Abstract, sentence 4)They read and summed up many past lab and clinic studies on how these tiny parts change lung cancer growth and spread.(Abstract, sentence 4)They also looked at how these parts link to key “hallmarks” of cancer, like fast growth and the power to move to other body sites.(Abstract, sentence 4)They found that changes in these tiny gene control parts can help start lung cancer and shape how it acts.(Abstract, sentence 4)They also found that these parts may serve as lab tests to help find lung cancer and to guess how a person may do over time.(Abstract, sentence 4)The paper also talks about how we may one day use these tiny parts as new drugs to treat lung cancer.(Abstract, sentence 3)In the future, this work may guide new tests and drug plans for lung cancer, but this still needs more study.(Abstract, sentence 5)","This research looks at tiny gene control switches, called microRNAs, and how they link to lung cancer (Abstract, para. 1). Lung cancer is the top cause of cancer death, and many people are still found late, when cure is hard (Introduction, para. 1). We need better ways to find lung cancer early and to choose the best treatment for each person (Introduction, para. 1). The authors read and summed up many lab and patient studies on how these small switches change cancer cell growth, spread, and death (Abstract, para. 1). They also looked at how these switches may help with tests and new drugs (Abstract, para. 1). They found that some microRNAs slow cancer cell growth, while others make cells grow, move, or form new blood pipes (Body, para. 1)(Body, para. 5). Certain patterns of microRNAs in blood or tissue can tell lung cancer types apart and may help with early checks, with test kits reaching about 75–94% accuracy in some groups (Body, para. 29)(Body, para. 33). Some microRNAs also link to how long people live and how well chemo, radiation, or drug pills work (Body, para. 34)(Body, para. 36). These findings may lead to blood tests that help with lung cancer screening and to new add‑on treatments, but early drug trials had safety issues, so more careful work is still needed (Body, para. 43)(Conclusion, para. 1).","This research looks at tiny gene control switches, called microRNAs, and how they link to lung cancer. Lung cancer is the top cause of cancer death, and many people are still found late, when cure is hard. We need better ways to find lung cancer early and to choose the best treatment for each person. The authors read and summed up many lab and patient studies on how these small switches change cancer cell growth, spread, and death. They also looked at how these switches may help with tests and new drugs. They found that some microRNAs slow cancer cell growth, while others make cells grow, move, or form new blood pipes. Certain patterns of microRNAs in blood or tissue can tell lung cancer types apart and may help with early checks, with test kits reaching about 75–94% accuracy in some groups. Some microRNAs also link to how long people live and how well chemo, radiation, or drug pills work. These findings may lead to blood tests that help with lung cancer screening and to new add‑on treatments, but early drug trials had safety issues, so more careful work is still needed.","This research looks at tiny gene control switches, called microRNAs, and how they link to lung cancer. Lung cancer is the top cause of cancer death, and many people are still found late, when cure is hard. We need better ways to find lung cancer early and to choose the best treatment for each person. The authors read and summed up many lab and patient studies on how these small switches change cancer cell growth, spread, and death. They also looked at how these switches may help with tests and new drugs. They found that some microRNAs slow cancer cell growth, while others make cells grow, move, or form new blood pipes. Certain patterns of microRNAs in blood or tissue can tell lung cancer types apart and may help with early checks, with test kits reaching about 75–94% accuracy in some groups. Some microRNAs also link to how long people live and how well chemo, radiation, or drug pills work. These findings may lead to blood tests that help with lung cancer screening and to new add‑on treatments, but early drug trials had safety issues, so more careful work is still needed.","This research looks at tiny gene control switches, called microRNAs, and how they link to lung cancer [E1].  

Lung cancer is the top cause of cancer death, and many people are still found late, when cure is hard [E2]. We need better ways to find lung cancer early and to choose the best treatment for each person [E2].  

The authors read and summed up many lab and patient studies on how these small switches change cancer cell growth, spread, and death [E1]. They also looked at how these switches may help with tests and new drugs [E1].  

They found that some microRNAs slow cancer cell growth, while others make cells grow, move, or form new blood pipes [E6][E10]. Certain patterns of microRNAs in blood or tissue can tell lung cancer types apart and may help with early checks, with test kits reaching about 75–94% accuracy in some groups [E34][E38]. Some microRNAs also link to how long people live and how well chemo, radiation, or drug pills work [E39][E41].  

These findings may lead to blood tests that help with lung cancer screening and to new add‑on treatments, but early drug trials had safety issues, so more careful work is still needed [E48][E58].",13,"E1, E2, E6, E10, E34, E38, E39, E41, E48, E58",,58,58,0.526719441,76.30083266,7.720957361,74.14416667,8.2175,0.588235294,1,0.416666667,0.481883333,7.348242739,7.793537801,9.280128721,9.783333333
31963413,Immunosurveillance and Immunoediting of Lung Cancer: Current Perspectives and Challenges.,https://pubmed.ncbi.nlm.nih.gov/31963413/,"The immune system plays a dual role in tumor evolution-it can identify and control nascent tumor cells in a process called immunosurveillance and can promote tumor progression through immunosuppression via various mechanisms. Thus, bilateral host-protective and tumor-promoting actions of immunity are integrated as cancer immunoediting. In this decade, immune checkpoint inhibitors, specifically programmed cell death 1 (PD-1) pathway inhibitors, have changed the treatment paradigm of advanced non-small cell lung cancer (NSCLC). These agents are approved for the treatment of patients with NSCLC and demonstrate impressive clinical activity and durable responses in some patients. However, for many NSCLC patients, the efficacy of immune checkpoint inhibitors is limited. To optimize the full utility of the immune system for eradicating cancer, a broader understanding of cancer immunosurveillance and immunoediting is essential. In this review, we discuss the fundamental knowledge of the phenomena and provide an overview of the next-generation immunotherapies in the pipeline.",Available,"This research looks at how your own defense system can both fight and help lung cancer, and how new drugs use this system. (Abstract, sentence 1)Your body’s defense cells can see and kill early cancer cells, but they can also be turned off and then help the cancer grow. (Abstract, sentence 1)Over time, these “good and bad” actions of your defense system shape how the cancer changes. (Abstract, sentence 2)We need this study because new immune drugs now treat many people with a common type of lung cancer called non‑small cell lung cancer, but they do not work well for everyone. (Abstract, sentence 3)These drugs, called “checkpoint blockers,” can give strong and long‑lasting help to some people. (Abstract, sentence 4)But for many others, the benefit is small. (Abstract, sentence 5)The writers of this paper read and summed up many past studies to explain how the defense system watches for cancer and how cancer learns to hide. (Abstract, sentence 6)They also list new immune drug ideas now being tested. (Abstract, sentence 7)They found that we must better understand this “watch and hide” process to use the defense system to fully clear cancer. (Abstract, sentence 6)In the future, this may guide new drug plans so more lung cancer patients can gain from immune treatment. (Abstract, sentence 7)","This research looks at how your own defense system, called the immune system, can both fight and, at times, help cancer grow, with a focus on lung cancer (Abstract, para. 1). We need this work because new drugs that “take the brakes off” the immune system help some people with advanced lung cancer live longer, but many people still do not get good or lasting results (Abstract, para. 1)(Methods, para. 8). The authors read and summed up many past studies on how immune cells see and kill cancer cells, how tumors learn to hide, and how new drugs try to fix these problems (Introduction, para. 1)(Body, para. 8). They also review large lung cancer trials that tested drugs blocking PD-1 or PD-L1, which are “brake” signals on immune cells and cancer cells (Methods, para. 2)(Methods, para. 4). They found that drugs like pembrolizumab and nivolumab can double median survival in some lung cancer groups, but only a part of patients benefit, and tumors can later escape (Methods, para. 4)(Methods, para. 5)(Methods, para. 8). They also describe new ideas, like cancer vaccines, cell therapies, and drugs that target support cells around the tumor, now in early human tests (Methods, para. 13)(Methods, para. 24). These findings matter because they point to smarter, mix-and-match immune treatments that fit each person’s tumor. In the future, this may give more lung cancer patients longer and better control of their disease (Body, para. 31)(Conclusion, para. 1).","This research looks at how your own defense system, called the immune system, can both fight and, at times, help cancer grow, with a focus on lung cancer. We need this work because new drugs that “take the brakes off” the immune system help some people with advanced lung cancer live longer, but many people still do not get good or lasting results. The authors read and summed up many past studies on how immune cells see and kill cancer cells, how tumors learn to hide, and how new drugs try to fix these problems. They also review large lung cancer trials that tested drugs blocking PD-1 or PD-L1, which are “brake” signals on immune cells and cancer cells. They found that drugs like pembrolizumab and nivolumab can double median survival in some lung cancer groups, but only a part of patients benefit, and tumors can later escape. They also describe new ideas, like cancer vaccines, cell therapies, and drugs that target support cells around the tumor, now in early human tests. These findings matter because they point to smarter, mix-and-match immune treatments that fit each person’s tumor. In the future, this may give more lung cancer patients longer and better control of their disease.","This research looks at how your own defense system, called the immune system, can both fight and, at times, help cancer grow, with a focus on lung cancer. We need this work because new drugs that “take the brakes off” the immune system help some people with advanced lung cancer live longer, but many people still do not get good or lasting results. The authors read and summed up many past studies on how immune cells see and kill cancer cells, how tumors learn to hide, and how new drugs try to fix these problems. They also review large lung cancer trials that tested drugs blocking PD-1 or PD-L1, which are “brake” signals on immune cells and cancer cells. They found that drugs like pembrolizumab and nivolumab can double median survival in some lung cancer groups, but only a part of patients benefit, and tumors can later escape. They also describe new ideas, like cancer vaccines, cell therapies, and drugs that target support cells around the tumor, now in early human tests. These findings matter because they point to smarter, mix-and-match immune treatments that fit each person’s tumor. In the future, this may give more lung cancer patients longer and better control of their disease.","This research looks at how your own defense system, called the immune system, can both fight and, at times, help cancer grow, with a focus on lung cancer [E1].  

We need this work because new drugs that “take the brakes off” the immune system help some people with advanced lung cancer live longer, but many people still do not get good or lasting results [E1][E40].  

The authors read and summed up many past studies on how immune cells see and kill cancer cells, how tumors learn to hide, and how new drugs try to fix these problems [E2][E10]. They also review large lung cancer trials that tested drugs blocking PD-1 or PD-L1, which are “brake” signals on immune cells and cancer cells [E34][E36].  

They found that drugs like pembrolizumab and nivolumab can double median survival in some lung cancer groups, but only a part of patients benefit, and tumors can later escape [E36][E37][E40]. They also describe new ideas, like cancer vaccines, cell therapies, and drugs that target support cells around the tumor, now in early human tests [E45][E56].  

These findings matter because they point to smarter, mix-and-match immune treatments that fit each person’s tumor. In the future, this may give more lung cancer patients longer and better control of their disease [E57][E58].",14,"E1, E40, E2, E10, E34, E36, E37, E45, E56, E57, E58",,58,58,0.571365027,68.55636364,8.552727273,62.79830793,10.86618902,0.882352941,1,0.277777778,0.538856863,7.348242739,8.076483399,8.562367865,11.42073171
31999917,Lung Cancer Staging and Associated Genetic and Epigenetic Events.,https://pubmed.ncbi.nlm.nih.gov/31999917/,"The first step in treating lung cancer is to establish the stage of the disease, which in turn determines the treatment options and prognosis of the patient. Many factors are involved in lung cancer staging, but all involve anatomical information. However, new approaches, mainly those based on the molecular biology of cancer, have recently changed the paradigm for lung cancer treatment and have not yet been incorporated into staging. In a group of patients of the same stage who receive the same treatment, some may experience unexpected recurrence or metastasis, largely because current staging methods do not reflect the findings of molecular biological studies. In this review, we provide a brief summary of the latest research on lung cancer staging and the molecular events associated with carcinogenesis. We hope that this paper will serve as a bridge between clinicians and basic researchers and aid in our understanding of lung cancer.",Available,"This research paper looks at how we sort, or “stage,” lung cancer and how tiny changes inside cells may help us do this better (Abstract, sentence 1). We need this study because people with the same stage of lung cancer and the same treatment can still have very different outcomes (Abstract, sentence 4). You or someone you love may be told you are at one stage, but that stage may not show how the cancer will really act (Abstract, sentence 1). Right now, doctors stage lung cancer by looking at where the tumor is in the body and how far it has spread (Abstract, sentence 2). The writers of this paper read and summed up many recent lab and clinic studies that look at small changes in cancer cells, such as gene changes, that can guide treatment (Abstract, sentence 3)(Abstract, sentence 5). They found that these cell changes can affect how lung cancer starts, grows, and comes back, but these changes are not yet part of the staging system (Abstract, sentence 3)(Abstract, sentence 4). The authors say that mixing cell change data with the current staging system may help doctors better predict how a lung cancer will behave and choose treatment (Abstract, sentence 3). They hope this work will help lab teams and clinic teams work together to better understand lung cancer and improve care over time (Abstract, sentence 5)(Abstract, sentence 6).","This research looks at how we sort, or “stage,” lung cancer and how changes in cancer cells’ genes may give extra clues about how the disease will act (Abstract, para. 1). Today, we stage lung cancer mainly by where the tumor is, how big it is, and whether it has spread in the body (Body, para. 1). This helps choose treatment, but people with the same stage and same care can still have very different outcomes (Abstract, para. 1). You may want better ways to know who needs stronger treatment and who might do well with less (Body, para. 7). The writers review large staging systems and then look at lab and patient studies of gene changes and “on–off” switches on genes in lung cancer (Body, para. 1). They describe gene changes such as EGFR, KRAS, B‑RAF, RET, and MET, and show that some of these are linked to better or worse survival, or to spread to unusual lymph nodes (Body, para. 10). They also show that early “on–off” changes in genes like RUNX3, p16, MGMT, and RASSF1 can appear before major gene damage and are tied to worse outcomes in some early cancers (Body, para. 13). The authors say that, in the future, lung cancer staging and treatment should use both body scans and these gene and gene–switch changes to guide care more exactly (Conclusion, para. 1).","This research looks at how we sort, or “stage,” lung cancer and how changes in cancer cells’ genes may give extra clues about how the disease will act. Today, we stage lung cancer mainly by where the tumor is, how big it is, and whether it has spread in the body. This helps choose treatment, but people with the same stage and same care can still have very different outcomes. You may want better ways to know who needs stronger treatment and who might do well with less. The writers review large staging systems and then look at lab and patient studies of gene changes and “on–off” switches on genes in lung cancer. They describe gene changes such as EGFR, KRAS, B‑RAF, RET, and MET, and show that some of these are linked to better or worse survival, or to spread to unusual lymph nodes. They also show that early “on–off” changes in genes like RUNX3, p16, MGMT, and RASSF1 can appear before major gene damage and are tied to worse outcomes in some early cancers. The authors say that, in the future, lung cancer staging and treatment should use both body scans and these gene and gene–switch changes to guide care more exactly.","This research looks at how we sort, or “stage,” lung cancer and how changes in cancer cells’ genes may give extra clues about how the disease will act. Today, we stage lung cancer mainly by where the tumor is, how big it is, and whether it has spread in the body. This helps choose treatment, but people with the same stage and same care can still have very different outcomes. You may want better ways to know who needs stronger treatment and who might do well with less. The writers review large staging systems and then look at lab and patient studies of gene changes and “on–off” switches on genes in lung cancer. They describe gene changes such as EGFR, KRAS, B‑RAF, RET, and MET, and show that some of these are linked to better or worse survival, or to spread to unusual lymph nodes. They also show that early “on–off” changes in genes like RUNX3, p16, MGMT, and RASSF1 can appear before major gene damage and are tied to worse outcomes in some early cancers. The authors say that, in the future, lung cancer staging and treatment should use both body scans and these gene and gene–switch changes to guide care more exactly.","This research looks at how we sort, or “stage,” lung cancer and how changes in cancer cells’ genes may give extra clues about how the disease will act [E1].  

Today, we stage lung cancer mainly by where the tumor is, how big it is, and whether it has spread in the body [E2]. This helps choose treatment, but people with the same stage and same care can still have very different outcomes [E1]. You may want better ways to know who needs stronger treatment and who might do well with less [E8].  

The writers review large staging systems and then look at lab and patient studies of gene changes and “on–off” switches on genes in lung cancer [E2]. They describe gene changes such as EGFR, KRAS, B‑RAF, RET, and MET, and show that some of these are linked to better or worse survival, or to spread to unusual lymph nodes [E11]. They also show that early “on–off” changes in genes like RUNX3, p16, MGMT, and RASSF1 can appear before major gene damage and are tied to worse outcomes in some early cancers [E14].  

The authors say that, in the future, lung cancer staging and treatment should use both body scans and these gene and gene–switch changes to guide care more exactly [E23].",8,"E1, E2, E8, E11, E14, E23",,24,24,0.515687887,62.53362069,11.74155172,71.88485294,9.567745098,0.368421053,1,0.416666667,0.577670286,6.627428351,7.16862163,11.6,10.78823529
32117295,"Insights Into Lung Cancer Immune-Based Biology, Prevention, and Treatment.",https://pubmed.ncbi.nlm.nih.gov/32117295/,"Lung cancer is the number one cause of cancer-related deaths. The malignancy is characterized by dismal prognosis and poor clinical outcome mostly due to advanced-stage at diagnosis, thereby inflicting a heavy burden on public health worldwide. Recent breakthroughs in immunotherapy have greatly benefited a subset of lung cancer patients, and more importantly, they are undauntedly bringing forth a paradigm shift in the drugs approved for cancer treatment, by introducing ""tumor-type agnostic therapies"". Yet, and to fulfill immunotherapy's potential of personalized cancer treatment, demarcating the immune and genomic landscape of cancers at their earliest possible stages will be crucial to identify ideal targets for early treatment and to predict how a particular patient will fare with immunotherapy. Recent genomic surveys of premalignant lung cancer have shed light on early alterations in the evolution of lung cancer. More recently, the advent of immunogenomic technologies has provided prodigious opportunities to study the multidimensional landscape of lung tumors as well as their microenvironment at the molecular, genomic, and cellular resolution. In this review, we will summarize the current state of immune-based therapies for cancer, with a focus on lung malignancy, and highlight learning outcomes from clinical and preclinical studies investigating the naïve immune biology of lung cancer. The review also collates immunogenomic-based evidence from seminal reports which collectively warrant future investigations of premalignancy, the tumor-adjacent normal-appearing lung tissue, pulmonary inflammatory conditions such as chronic obstructive pulmonary disease, as well as systemic microbiome imbalance. Such future directions enable novel insights into the evolution of lung cancers and, thus, can provide a low-hanging fruit of targets for early immune-based treatment of this fatal malignancy.",Available,"This research looks at lung cancer, which is the top cause of cancer death in the world (Abstract, sentence 1). Many people learn they have lung cancer only when it is at a late stage, so care often does not work well and many lives are lost (Abstract, sentence 2). We need better ways to treat lung cancer early and to match each person with the right new immune drugs, which help the body’s own defense system fight cancer (Abstract, sentence 3). In this paper, the team reviews past studies of these immune drugs in lung cancer and what we can learn from them (Abstract, sentence 7). They also look at gene changes that happen very early in lung growths that are not yet full cancer (Abstract, sentence 5). New lab tools now let us study lung tumors and nearby tissue in great detail, down to single cells (Abstract, sentence 6). The authors say we should also study nearby “normal” lung, long-term lung swelling, and germs in the body to see how they may shape lung cancer (Abstract, sentence 8). These ideas may point to new, easier targets for early immune care of lung cancer in the future (Abstract, sentence 9).","This research looks at how your own immune system can help find and fight lung cancer, especially at very early stages before a clear tumor forms (Abstract, para. 1). Lung cancer is the top cause of cancer death, in part because we often find it late, when it is hard to treat (Abstract, para. 1). We need better ways to spot early changes and to choose which immune‑based drugs may work best for each person (Introduction, para. 1). The authors review many lab and patient studies that map gene changes in lung cells and track how immune cells and germs in the body change as lung spots grow from tiny early lesions into full cancers (Abstract, para. 1). They also look at how new tools can read these changes cell by cell (Body, para. 26). They report that early lung lesions already show gene changes, new “foreign” targets on cells, and shifts in immune cells that can either attack or protect the future tumor (Body, para. 44). Some early spots with strong anti‑tumor immune signs tend to shrink, while others with more “off” signals tend to turn into cancer (Body, para. 44). These findings suggest that, in the future, doctors may use immune markers in early lung spots to predict which ones will turn into cancer and to test immune drugs earlier to stop or slow disease (Conclusion, para. 1).","This research looks at how your own immune system can help find and fight lung cancer, especially at very early stages before a clear tumor forms. Lung cancer is the top cause of cancer death, in part because we often find it late, when it is hard to treat. We need better ways to spot early changes and to choose which immune‑based drugs may work best for each person. The authors review many lab and patient studies that map gene changes in lung cells and track how immune cells and germs in the body change as lung spots grow from tiny early lesions into full cancers. They also look at how new tools can read these changes cell by cell. They report that early lung lesions already show gene changes, new “foreign” targets on cells, and shifts in immune cells that can either attack or protect the future tumor. Some early spots with strong anti‑tumor immune signs tend to shrink, while others with more “off” signals tend to turn into cancer. These findings suggest that, in the future, doctors may use immune markers in early lung spots to predict which ones will turn into cancer and to test immune drugs earlier to stop or slow disease.","This research looks at how your own immune system can help find and fight lung cancer, especially at very early stages before a clear tumor forms. Lung cancer is the top cause of cancer death, in part because we often find it late, when it is hard to treat. We need better ways to spot early changes and to choose which immune‑based drugs may work best for each person. The authors review many lab and patient studies that map gene changes in lung cells and track how immune cells and germs in the body change as lung spots grow from tiny early lesions into full cancers. They also look at how new tools can read these changes cell by cell. They report that early lung lesions already show gene changes, new “foreign” targets on cells, and shifts in immune cells that can either attack or protect the future tumor. Some early spots with strong anti‑tumor immune signs tend to shrink, while others with more “off” signals tend to turn into cancer. These findings suggest that, in the future, doctors may use immune markers in early lung spots to predict which ones will turn into cancer and to test immune drugs earlier to stop or slow disease.","This research looks at how your own immune system can help find and fight lung cancer, especially at very early stages before a clear tumor forms [E1].  

Lung cancer is the top cause of cancer death, in part because we often find it late, when it is hard to treat [E1]. We need better ways to spot early changes and to choose which immune‑based drugs may work best for each person [E2].  

The authors review many lab and patient studies that map gene changes in lung cells and track how immune cells and germs in the body change as lung spots grow from tiny early lesions into full cancers [E1]. They also look at how new tools can read these changes cell by cell [E31].  

They report that early lung lesions already show gene changes, new “foreign” targets on cells, and shifts in immune cells that can either attack or protect the future tumor [E49]. Some early spots with strong anti‑tumor immune signs tend to shrink, while others with more “off” signals tend to turn into cancer [E49].  

These findings suggest that, in the future, doctors may use immune markers in early lung spots to predict which ones will turn into cancer and to test immune drugs earlier to stop or slow disease [E50].",8,"E1, E2, E31, E49, E50",,52,52,0.541598321,68.11222948,10.0007898,66.52981796,10.37677184,0.894736842,1,0.408181344,0.571859091,5.985473137,7.16862163,10.44800995,10.88252427
32281704,New insights into small-cell lung cancer development and therapy.,https://pubmed.ncbi.nlm.nih.gov/32281704/,"Small-cell lung cancer (SCLC) accounts for approximately 15% of lung cancer cases; however, it is characterized by easy relapse and low survival rate, leading to one of the most intractable diseases in clinical practice. Despite decades of basic and clinical research, little progress has been made in the management of SCLC. The current standard first-line regimens of SCLC still remain to be cisplatin or carboplatin combined with etoposide, and the adverse events of chemotherapy are by no means negligible. Besides, the immunotherapy on SCLC is still in an early stage and novel studies are urgently needed. In this review, we describe SCLC development and current therapy, aiming at providing useful advices on basic research and clinical strategy.",Available,"This research paper looks at a fast‑growing lung cancer called small‑cell lung cancer, or SCLC (Abstract, sentence 1). It makes up about 15 out of 100 lung cancer cases and often comes back after treatment, so many people do not live long with it (Abstract, sentence 1). We need this study because, even after many years of work, care for this cancer has not improved much, and many people still die from it (Abstract, sentence 2). This may help people who have SCLC now or may get it in the future (Abstract, sentence 1). The team read and summed up many past studies on how SCLC starts and how we treat it now (Abstract, sentence 5). They looked at the main drug care, which still uses two old drugs, cisplatin or carboplatin, with another drug called etoposide (Abstract, sentence 3). These drugs can cause strong side effects that are hard for many people (Abstract, sentence 3). They also found that new “immune” drugs, which help your own body fight cancer, are still very early in use for this disease (Abstract, sentence 4). The paper may guide new lab work and better care plans so that, in time, people with SCLC can have safer and more helpful treatment choices (Abstract, sentence 5).","This research paper looks at a fast‑growing lung cancer called small‑cell lung cancer, or SCLC (Abstract, para. 1). SCLC makes up about 15 out of 100 lung cancer cases and often comes back after treatment, so many people do not live long with it (Abstract, para. 1)(Introduction, para. 1). You may care about this if you or someone you know has SCLC, or if you want to understand why it is so hard to treat (Body, para. 10). The writers review what we know about how SCLC starts, how it grows, and how we treat it now (Abstract, para. 1). They explain that most people get strong drug treatment with two drugs called platinum and etoposide, sometimes with chest radiation, but the average life span is still only about 10 months (Body, para. 10)(Body, para. 19). When the cancer comes back, a drug called topotecan is often used, but people usually live only a few more months (Body, para. 24)(Body, para. 25). The paper also talks about new immune drugs that, when added to standard drugs, can raise average survival from about 10 to about 13–14 months in large trials (Body, para. 28). The authors say we need better lab tests to match each person to the right drug and to fight drug resistance (Body, para. 30)(Conclusion, para. 1). These steps may one day lead to more tailored care and longer life for people with SCLC (Conclusion, para. 1).","This research paper looks at a fast‑growing lung cancer called small‑cell lung cancer, or SCLC. SCLC makes up about 15 out of 100 lung cancer cases and often comes back after treatment, so many people do not live long with it. You may care about this if you or someone you know has SCLC, or if you want to understand why it is so hard to treat. The writers review what we know about how SCLC starts, how it grows, and how we treat it now. They explain that most people get strong drug treatment with two drugs called platinum and etoposide, sometimes with chest radiation, but the average life span is still only about 10 months. When the cancer comes back, a drug called topotecan is often used, but people usually live only a few more months. The paper also talks about new immune drugs that, when added to standard drugs, can raise average survival from about 10 to about 13–14 months in large trials. The authors say we need better lab tests to match each person to the right drug and to fight drug resistance. These steps may one day lead to more tailored care and longer life for people with SCLC.","This research paper looks at a fast‑growing lung cancer called small‑cell lung cancer, or SCLC. SCLC makes up about 15 out of 100 lung cancer cases and often comes back after treatment, so many people do not live long with it. You may care about this if you or someone you know has SCLC, or if you want to understand why it is so hard to treat. The writers review what we know about how SCLC starts, how it grows, and how we treat it now. They explain that most people get strong drug treatment with two drugs called platinum and etoposide, sometimes with chest radiation, but the average life span is still only about 10 months. When the cancer comes back, a drug called topotecan is often used, but people usually live only a few more months. The paper also talks about new immune drugs that, when added to standard drugs, can raise average survival from about 10 to about 13–14 months in large trials. The authors say we need better lab tests to match each person to the right drug and to fight drug resistance. These steps may one day lead to more tailored care and longer life for people with SCLC.","This research paper looks at a fast‑growing lung cancer called small‑cell lung cancer, or SCLC [E1]. SCLC makes up about 15 out of 100 lung cancer cases and often comes back after treatment, so many people do not live long with it [E1][E2]. You may care about this if you or someone you know has SCLC, or if you want to understand why it is so hard to treat [E14].

The writers review what we know about how SCLC starts, how it grows, and how we treat it now [E1]. They explain that most people get strong drug treatment with two drugs called platinum and etoposide, sometimes with chest radiation, but the average life span is still only about 10 months [E14][E23]. When the cancer comes back, a drug called topotecan is often used, but people usually live only a few more months [E28][E29].

The paper also talks about new immune drugs that, when added to standard drugs, can raise average survival from about 10 to about 13–14 months in large trials [E32]. The authors say we need better lab tests to match each person to the right drug and to fight drug resistance [E34][E39]. These steps may one day lead to more tailored care and longer life for people with SCLC [E39].",13,"E1, E2, E14, E23, E28, E29, E32, E34, E39",,41,41,0.419576849,70.37253818,9.268025276,72.68715686,8.751960784,0.764705882,1,0.4375,0.581616667,6.4273556,8.51512884,9.756924697,10.43921569
33148544,"Gender-specific aspects of epidemiology, molecular genetics and outcome: lung cancer.",https://pubmed.ncbi.nlm.nih.gov/33148544/,"Lung cancer remains the leading cause of cancer-related deaths worldwide in women and men. In incidence, lung cancer ranks second, surpassed by breast cancer in women and prostate cancer in men. However, the historical differences in mortality and incidence rate between both sexes have changed in the last years. In the last decades, we have also witnessed an increased number of lung cancer in female never-smokers. These disparities have grown our interest in studying the impact of the gender and sex in the presentation of lung cancer. The aetiology is yet to be fully elucidated, but the data are clear so far: there is a growing divide between lung cancer presentation in women and men that will change our management and study of lung cancer. This article aims to review the sex and gender differences in lung cancer.",Available,"This research looks at how lung cancer is not the same in women and men (Abstract, sentence 7). Lung cancer is the top cause of death from cancer for both women and men (Abstract, sentence 1). It is also one of the most common cancers, second only to breast cancer in women and prostate cancer in men (Abstract, sentence 2). We need this study because the gap in how often lung cancer starts and how often it leads to death in women and men has changed over time (Abstract, sentence 3). In the last few decades, more women who never smoked have been found to have lung cancer (Abstract, sentence 4). This raises new questions and may affect you or someone you know, even if they have never smoked (Abstract, sentence 4). The writers of this paper read and summed up many past studies to see how sex and gender shape lung cancer risk and signs (Abstract, sentence 7). They found a clear and growing split in how lung cancer shows up in women and men (Abstract, sentence 6). These results matter because they tell us we may need to test, watch, and treat women and men in different ways in the future (Abstract, sentence 6). This may help doctors plan care that fits each group better (Abstract, sentence 5).","This research looks at how lung cancer is different in women and men, and how this may change care in the future (Abstract, para. 1). We need this study because lung cancer is the top cause of cancer death in both women and men, and rates are going down in men but rising in women in many places (Introduction, para. 1). It may help people at risk for lung cancer, and those who plan tests and treatment (Introduction, para. 8). The team read many past studies from 1970 to 2020 and checked large health group and world health web sites to gather data on lung cancer, smoking, and sex and gender (Introduction, para. 9). They looked at how often lung cancer happens, who gets it, how it is found, and how people respond to treatment (Introduction, para. 12). They found more lung cancer in women who never smoked, and in some areas over half of women with lung cancer had never smoked, compared with about 15% of men (Introduction, para. 7). They also found that women often respond better to treatment and live longer than men with the same stage of lung cancer (Body, para. 44). These findings matter because they suggest we may need lung cancer checks and treatment plans that fit women and men differently (Body, para. 38). In the future, screening rules may change to better find lung cancer in women earlier (Conclusion, para. 3).","This research looks at how lung cancer is different in women and men, and how this may change care in the future. We need this study because lung cancer is the top cause of cancer death in both women and men, and rates are going down in men but rising in women in many places. It may help people at risk for lung cancer, and those who plan tests and treatment. The team read many past studies from 1970 to 2020 and checked large health group and world health web sites to gather data on lung cancer, smoking, and sex and gender. They looked at how often lung cancer happens, who gets it, how it is found, and how people respond to treatment. They found more lung cancer in women who never smoked, and in some areas over half of women with lung cancer had never smoked, compared with about 15% of men. They also found that women often respond better to treatment and live longer than men with the same stage of lung cancer. These findings matter because they suggest we may need lung cancer checks and treatment plans that fit women and men differently. In the future, screening rules may change to better find lung cancer in women earlier.","This research looks at how lung cancer is different in women and men, and how this may change care in the future. We need this study because lung cancer is the top cause of cancer death in both women and men, and rates are going down in men but rising in women in many places. It may help people at risk for lung cancer, and those who plan tests and treatment. The team read many past studies from 1970 to 2020 and checked large health group and world health web sites to gather data on lung cancer, smoking, and sex and gender. They looked at how often lung cancer happens, who gets it, how it is found, and how people respond to treatment. They found more lung cancer in women who never smoked, and in some areas over half of women with lung cancer had never smoked, compared with about 15% of men. They also found that women often respond better to treatment and live longer than men with the same stage of lung cancer. These findings matter because they suggest we may need lung cancer checks and treatment plans that fit women and men differently. In the future, screening rules may change to better find lung cancer in women earlier.","This research looks at how lung cancer is different in women and men, and how this may change care in the future [E1].  

We need this study because lung cancer is the top cause of cancer death in both women and men, and rates are going down in men but rising in women in many places [E2]. It may help people at risk for lung cancer, and those who plan tests and treatment [E9].  

The team read many past studies from 1970 to 2020 and checked large health group and world health web sites to gather data on lung cancer, smoking, and sex and gender [E10]. They looked at how often lung cancer happens, who gets it, how it is found, and how people respond to treatment [E13].  

They found more lung cancer in women who never smoked, and in some areas over half of women with lung cancer had never smoked, compared with about 15% of men [E8]. They also found that women often respond better to treatment and live longer than men with the same stage of lung cancer [E59].  

These findings matter because they suggest we may need lung cancer checks and treatment plans that fit women and men differently [E53]. In the future, screening rules may change to better find lung cancer in women earlier [E73].",9,"E1, E2, E9, E10, E13, E8, E59, E53, E73",,73,73,0.675301911,72.98681818,8.544545455,71.57538178,9.100252765,0.857142857,1,0.416666667,0.681016667,4.935628992,6.937597517,8.8,9.946498157
33175991,Update 2020: Management of Non-Small Cell Lung Cancer.,https://pubmed.ncbi.nlm.nih.gov/33175991/,"The past decade has seen a revolution of new advances in the management of non-small cell lung cancer (NSCLC) with remarkable progresses in screening, diagnosis, and treatment. The advances in systemic treatment have been driven primarily by the development of molecularly targeted therapeutics, immune checkpoint inhibitors, and anti-angiogenic agents, all of which have transformed this field with significantly improved patient outcomes. This review will address updates in lung cancer screening, liquid biopsy, and immunotherapy in the front-line setting. We discuss recent advances and highlight the plethora of new approvals of molecular-targeted therapy for subgroups of NSCLC patients with sensitizing EGFR, ALK, ROS1, RET, BRAF V600E, MET, and NTRK alterations.",Available,"This research looks at a common type of lung cancer called non‑small cell lung cancer, or NSCLC (Abstract, sentence 1). We need this study because new tools now help find this cancer sooner and treat it better, and people with NSCLC may live longer with these new care plans (Abstract, sentence 1). The writers of this paper read and summed up many past studies on lung scans to find cancer early, blood tests to look for cancer signs, and new drug types that help the body fight cancer (Abstract, sentence 3). They also looked at drugs that aim at very small gene changes in the cancer cell (Abstract, sentence 2). They found that new drugs that block these gene changes, and drugs that help the immune system, have raised how well many people do with this cancer (Abstract, sentence 2). Some of these drugs work best for people whose tumors have certain gene changes, such as EGFR, ALK, or others (Abstract, sentence 4). These results matter because they show that care for lung cancer is changing fast and can now be more “made to fit” for each person (Abstract, sentence 1). In the future, more people with NSCLC may get blood tests and gene tests to guide which new drug is best for them (Abstract, sentence 3).","This research looks at new ways to find and treat a common type of lung cancer called non‑small cell lung cancer, or NSCLC (Abstract, para. 1). We need this work because lung cancer is the top cause of cancer death, with about 247,000 new cases and 140,000 deaths in the USA in 2020 (Introduction, para. 1). It may help people who smoke now or used to smoke, and people who already have lung cancer (Introduction, para. 2). The team reviews big trials of lung scans, blood tests, and new drugs (Abstract, para. 1). Low‑dose chest scans each year cut the chance of dying from lung cancer by about 20% to 33% in people at high risk, but only about 4 out of 100 who qualify get this test (Body, para. 1). A blood test, called a “liquid biopsy,” can find cancer gene changes faster and helped find 48% more useful markers than tissue tests alone in one study (Body, para. 5). For advanced cancer, drugs that target certain gene changes and drugs that help your own immune system both helped people live longer than standard chemo in many trials (Body, para. 8)(Body, para. 16). These results support wider use of lung scans, blood tests, and matched drugs to give more people the right treatment at the right time (Conclusion, para. 1).","This research looks at new ways to find and treat a common type of lung cancer called non‑small cell lung cancer, or NSCLC. We need this work because lung cancer is the top cause of cancer death, with about 247,000 new cases and 140,000 deaths in the USA in 2020. It may help people who smoke now or used to smoke, and people who already have lung cancer. The team reviews big trials of lung scans, blood tests, and new drugs. Low‑dose chest scans each year cut the chance of dying from lung cancer by about 20% to 33% in people at high risk, but only about 4 out of 100 who qualify get this test. A blood test, called a “liquid biopsy,” can find cancer gene changes faster and helped find 48% more useful markers than tissue tests alone in one study. For advanced cancer, drugs that target certain gene changes and drugs that help your own immune system both helped people live longer than standard chemo in many trials. These results support wider use of lung scans, blood tests, and matched drugs to give more people the right treatment at the right time.","This research looks at new ways to find and treat a common type of lung cancer called non‑small cell lung cancer, or NSCLC. We need this work because lung cancer is the top cause of cancer death, with about 247,000 new cases and 140,000 deaths in the USA in 2020. It may help people who smoke now or used to smoke, and people who already have lung cancer. The team reviews big trials of lung scans, blood tests, and new drugs. Low‑dose chest scans each year cut the chance of dying from lung cancer by about 20% to 33% in people at high risk, but only about 4 out of 100 who qualify get this test. A blood test, called a “liquid biopsy,” can find cancer gene changes faster and helped find 48% more useful markers than tissue tests alone in one study. For advanced cancer, drugs that target certain gene changes and drugs that help your own immune system both helped people live longer than standard chemo in many trials. These results support wider use of lung scans, blood tests, and matched drugs to give more people the right treatment at the right time.","This research looks at new ways to find and treat a common type of lung cancer called non‑small cell lung cancer, or NSCLC [E1].  

We need this work because lung cancer is the top cause of cancer death, with about 247,000 new cases and 140,000 deaths in the USA in 2020 [E2]. It may help people who smoke now or used to smoke, and people who already have lung cancer [E3].  

The team reviews big trials of lung scans, blood tests, and new drugs [E1]. Low‑dose chest scans each year cut the chance of dying from lung cancer by about 20% to 33% in people at high risk, but only about 4 out of 100 who qualify get this test [E4]. A blood test, called a “liquid biopsy,” can find cancer gene changes faster and helped find 48% more useful markers than tissue tests alone in one study [E8].  

For advanced cancer, drugs that target certain gene changes and drugs that help your own immune system both helped people live longer than standard chemo in many trials [E11][E19].  

These results support wider use of lung scans, blood tests, and matched drugs to give more people the right treatment at the right time [E28].",9,"E1, E2, E3, E4, E8, E11, E19, E28",,28,28,0.549406306,70.92155818,10.10580069,72.33129808,9.22599359,0.35,1,0.1,0.532366667,5.148860815,7.645422481,11.0343318,10.57051282
33504342,"Progress on pivotal role and application of exosome in lung cancer carcinogenesis, diagnosis, therapy and prognosis.",https://pubmed.ncbi.nlm.nih.gov/33504342/,"Lung cancer is often diagnosed at an advanced stage and has a poor prognosis. Conventional treatments are not effective for metastatic lung cancer therapy. Although some of molecular targets have been identified with favorable response, those targets cannot be exploited due to the lack of suitable drug carriers. Lung cancer cell-derived exosomes (LCCDEs) receive recent interest in its role in carcinogenesis, diagnosis, therapy, and prognosis of lung cancer due to its biological functions and natural ability to carry donor cell biomolecules. LCCDEs can promote cell proliferation and metastasis, affect angiogenesis, modulate antitumor immune responses during lung cancer carcinogenesis, regulate drug resistance in lung cancer therapy, and be now considered an important component in liquid biopsy assessments for detecting lung cancer. Therapeutic deliverable exosomes are emerging as promising drug delivery agents specifically to tumor high precision medicine because of their natural intercellular communication role, excellent biocompatibility, low immunogenicity, low toxicity, long blood circulation ability, biodegradable characteristics, and their ability to cross various biological barriers. Several studies are currently underway to develop novel diagnostic and prognostic modalities using LCCDEs, and to develop methods of exploiting exosomes for use as efficient drug delivery vehicles. Current status of lung cancer and extensive applicability of LCCDEs are illustrated in this review. The promising data and technologies indicate that the approach on LCCDEs implies the potential application of LCCDEs to clinical management of lung cancer patients.",Available,"This research looks at lung cancer and tiny bubble-like parts from lung cancer cells, called exosomes, that can carry many kinds of cell material (Abstract, sentence 4). We need this study because lung cancer is often found late and is hard to treat, so many people do not live long after they learn they have it (Abstract, sentence 1). Usual drugs do not work well once the cancer has spread to other parts of the body (Abstract, sentence 2). We read and summed up many past studies that tested how these cancer cell exosomes act and how we might use them (Abstract, sentence 8). We found that these exosomes can help lung cancer grow, spread, form new blood supply, dodge the body’s defense cells, and resist drugs (Abstract, sentence 5). We also found that they can be used as a “liquid biopsy,” a blood test to help find and track lung cancer (Abstract, sentence 5). These exosomes may also work as tiny drug carriers, since they move between cells well and are safe, break down in the body, and can cross body barriers (Abstract, sentence 6). Many teams now test new ways to use these exosomes to better find lung cancer and to bring drugs right to the tumor (Abstract, sentence 7). If these tools keep doing well in studies, they may one day help doctors better test and treat people with lung cancer (Abstract, sentence 9).","This research looks at tiny bubbles, called exosomes, that lung cancer cells send out into the body (Abstract, para. 1). Lung cancer is often found late, and many people do not live long after diagnosis, so we need better ways to find it early and treat it more exactly (Introduction, para. 1). This work may help people with all types of lung cancer, both smokers and non‑smokers (Introduction, para. 1). The writers of this paper read and summed up many lab and patient studies on lung cancer cell exosomes (Introduction, para. 16). They looked at how these bubbles help cancer grow, spread, avoid the immune system, resist drugs, and how they might carry cancer drugs (Introduction, para. 16). They found that lung cancer exosomes can speed up tumor growth, help new blood vessels form, and help cancer cells move to other organs (Introduction, para. 17). They also found many exosome markers in blood and other body fluids that may help tell lung cancer patients from healthy people and may predict how well treatment works (Introduction, para. 21). Early tests in mice show that loading cancer drugs into exosomes can shrink lung tumors with low harm to the rest of the body (Introduction, para. 26). These findings suggest that, after more testing in large human studies, exosome blood tests and exosome‑based drug carriers might one day support lung cancer care in the clinic (Introduction, para. 23).","This research looks at tiny bubbles, called exosomes, that lung cancer cells send out into the body. Lung cancer is often found late, and many people do not live long after diagnosis, so we need better ways to find it early and treat it more exactly. This work may help people with all types of lung cancer, both smokers and non‑smokers. The writers of this paper read and summed up many lab and patient studies on lung cancer cell exosomes. They looked at how these bubbles help cancer grow, spread, avoid the immune system, resist drugs, and how they might carry cancer drugs. They found that lung cancer exosomes can speed up tumor growth, help new blood vessels form, and help cancer cells move to other organs. They also found many exosome markers in blood and other body fluids that may help tell lung cancer patients from healthy people and may predict how well treatment works. Early tests in mice show that loading cancer drugs into exosomes can shrink lung tumors with low harm to the rest of the body. These findings suggest that, after more testing in large human studies, exosome blood tests and exosome‑based drug carriers might one day support lung cancer care in the clinic.","This research looks at tiny bubbles, called exosomes, that lung cancer cells send out into the body. Lung cancer is often found late, and many people do not live long after diagnosis, so we need better ways to find it early and treat it more exactly. This work may help people with all types of lung cancer, both smokers and non‑smokers. The writers of this paper read and summed up many lab and patient studies on lung cancer cell exosomes. They looked at how these bubbles help cancer grow, spread, avoid the immune system, resist drugs, and how they might carry cancer drugs. They found that lung cancer exosomes can speed up tumor growth, help new blood vessels form, and help cancer cells move to other organs. They also found many exosome markers in blood and other body fluids that may help tell lung cancer patients from healthy people and may predict how well treatment works. Early tests in mice show that loading cancer drugs into exosomes can shrink lung tumors with low harm to the rest of the body. These findings suggest that, after more testing in large human studies, exosome blood tests and exosome‑based drug carriers might one day support lung cancer care in the clinic.","This research looks at tiny bubbles, called exosomes, that lung cancer cells send out into the body [E1].  

Lung cancer is often found late, and many people do not live long after diagnosis, so we need better ways to find it early and treat it more exactly [E2]. This work may help people with all types of lung cancer, both smokers and non‑smokers [E2].  

The writers of this paper read and summed up many lab and patient studies on lung cancer cell exosomes [E17]. They looked at how these bubbles help cancer grow, spread, avoid the immune system, resist drugs, and how they might carry cancer drugs [E17].  

They found that lung cancer exosomes can speed up tumor growth, help new blood vessels form, and help cancer cells move to other organs [E18]. They also found many exosome markers in blood and other body fluids that may help tell lung cancer patients from healthy people and may predict how well treatment works [E22]. Early tests in mice show that loading cancer drugs into exosomes can shrink lung tumors with low harm to the rest of the body [E27].  

These findings suggest that, after more testing in large human studies, exosome blood tests and exosome‑based drug carriers might one day support lung cancer care in the clinic [E24].",9,"E1, E2, E17, E18, E22, E27, E24",,31,31,0.628809914,65.87881857,10.61248945,63.3916453,10.15891026,0.884615385,1,0.506796615,0.755166667,9.444778639,9.444778639,12.38987342,11.35982906
34018055,Role of lung and gut microbiota on lung cancer pathogenesis.,https://pubmed.ncbi.nlm.nih.gov/34018055/,"BACKGROUND: Lung cancer is the leading cause of cancer-related deaths worldwide (Ferlay et al., Int J Cancer 136:E359-386, 2015). In addition, lung cancer is associated with the highest mortality among all cancer types (Wu et al., Exp Ther Med 16:3004-3010, 2018). Previous studies report that microbiota play an important role in lung cancer. Notably, changes in lung and gut microbiota, are associated with progression of lung cancer. Several studies report that lung and gut microbiome promote lung cancer initiation and development by modulating metabolic pathways, inhibiting the function of immune cells, and producing pro-inflammatory factors. In addition, some factors such as microbiota dysbiosis, affect production of bacteriotoxins, genotoxicity and virulence effect, therefore, they play a key role in cancer progression. These findings imply that lung and gut microbiome are potential markers and targets for lung cancer. However, the role of microbiota in development and progression of lung cancer has not been fully explored. PURPOSE: The aim of this study was to systemically review recent research findings on relationship of lung and gut microbiota with lung cancer. In addition, we explored gut-lung axis and potential mechanisms of lung and gut microbiota in modulating lung cancer progression. CONCLUSION: Pulmonary and intestinal flora influence the occurrence, development, treatment and prognosis of lung cancer, and will provide novel strategies for prevention, diagnosis, and treatment of lung cancer.",Available,"This study looks at tiny germs that live in your lungs and gut, and how they link to lung cancer (Abstract, sentence 5). Lung cancer is the top cause of cancer death in the world, so new ways to find and treat it are very important for many people (Abstract, sentence 1). The team did not test new drugs on people (Abstract, sentence 11). Instead, they read and summed up many recent research papers on lung and gut germs and lung cancer (Abstract, sentence 11). They also looked at how germs in the gut and lungs may “talk” to each other and affect lung cancer growth (Abstract, sentence 12). They found that changes in lung and gut germs are tied to how lung cancer starts and grows (Abstract, sentence 6). These germs may help cancer by changing how the body uses food, by slowing the body’s defense cells, and by making strong “alarm” signals that cause long-term swelling (Abstract, sentence 7). When the mix of germs is off, some germs can make toxins that hurt genes and help cancer spread (Abstract, sentence 8). The team says lung and gut germs may be used in the future as signs to spot lung cancer and as new targets for care (Abstract, sentence 9). They may also guide new ways to help prevent, find, and treat lung cancer (Abstract, sentence 13).","This research looks at tiny germs that live in your lungs and gut, and how they may link to lung cancer (Abstract, para. 1). We need this study because lung cancer kills more people than any other cancer, and we still do not fully know why it starts or how best to treat it (Abstract, para. 1). It may help people who have lung cancer now, or who are at high risk of getting it (Abstract, para. 3). The team did not test new drugs. They read and summed up many past studies on lung and gut germs and lung cancer (Abstract, para. 2). They looked at germs in spit, lung wash fluid, stool, and tumor tissue from people with and without lung cancer (Body, para. 2). They found that people with lung cancer often have a different mix of germs in the lungs and gut than healthy people (Body, para. 2). Some gut germs seem to change how well people respond to new immune drugs and chemo, and higher germ variety was linked with longer time before the cancer grew again (Body, para. 9). These results matter because lung and gut germs may become lab tests to help find lung cancer and to guide treatment choices (Conclusion, para. 1). In the future, doctors may adjust these germs with foods or “good bacteria” to help treatment work better, but this still needs more study (Body, para. 11).","This research looks at tiny germs that live in your lungs and gut, and how they may link to lung cancer. We need this study because lung cancer kills more people than any other cancer, and we still do not fully know why it starts or how best to treat it. It may help people who have lung cancer now, or who are at high risk of getting it. The team did not test new drugs. They read and summed up many past studies on lung and gut germs and lung cancer. They looked at germs in spit, lung wash fluid, stool, and tumor tissue from people with and without lung cancer. They found that people with lung cancer often have a different mix of germs in the lungs and gut than healthy people. Some gut germs seem to change how well people respond to new immune drugs and chemo, and higher germ variety was linked with longer time before the cancer grew again. These results matter because lung and gut germs may become lab tests to help find lung cancer and to guide treatment choices. In the future, doctors may adjust these germs with foods or “good bacteria” to help treatment work better, but this still needs more study.","This research looks at tiny germs that live in your lungs and gut, and how they may link to lung cancer. We need this study because lung cancer kills more people than any other cancer, and we still do not fully know why it starts or how best to treat it. It may help people who have lung cancer now, or who are at high risk of getting it. The team did not test new drugs. They read and summed up many past studies on lung and gut germs and lung cancer. They looked at germs in spit, lung wash fluid, stool, and tumor tissue from people with and without lung cancer. They found that people with lung cancer often have a different mix of germs in the lungs and gut than healthy people. Some gut germs seem to change how well people respond to new immune drugs and chemo, and higher germ variety was linked with longer time before the cancer grew again. These results matter because lung and gut germs may become lab tests to help find lung cancer and to guide treatment choices. In the future, doctors may adjust these germs with foods or “good bacteria” to help treatment work better, but this still needs more study.","This research looks at tiny germs that live in your lungs and gut, and how they may link to lung cancer [E1].  

We need this study because lung cancer kills more people than any other cancer, and we still do not fully know why it starts or how best to treat it [E1]. It may help people who have lung cancer now, or who are at high risk of getting it [E3].  

The team did not test new drugs. They read and summed up many past studies on lung and gut germs and lung cancer [E2]. They looked at germs in spit, lung wash fluid, stool, and tumor tissue from people with and without lung cancer [E6].  

They found that people with lung cancer often have a different mix of germs in the lungs and gut than healthy people [E6]. Some gut germs seem to change how well people respond to new immune drugs and chemo, and higher germ variety was linked with longer time before the cancer grew again [E13].  

These results matter because lung and gut germs may become lab tests to help find lung cancer and to guide treatment choices [E22]. In the future, doctors may adjust these germs with foods or “good bacteria” to help treatment work better, but this still needs more study [E15].",9,"E1, E3, E2, E6, E13, E22, E15",,22,22,0.632546629,76.08773684,8.31077193,77.55428571,7.659047619,0.647058824,1,0.38802356,0.76265,4.935628992,6.2581,9.12,8.780952381
34108973,Host-Microbiome Interaction in Lung Cancer.,https://pubmed.ncbi.nlm.nih.gov/34108973/,"Commensal microbiota has emerged as an essential biomarker and regulator of both tumorigenesis and response to cancer therapy. However, our current knowledge about microbiota in cancer has been largely limited to intestinal microbiota. As a mucosal organ harboring one of the largest surface areas in the body, the lung is exposed to a variety of microbes through inhalation and micro-aspiration, and is colonized by a diverse bacterial community in both physiological and pathological conditions. Importantly, increasing evidence has linked the lung microbiome to cancer development. Studies in lung cancer patients and mouse models have revealed tumor-associated dysregulation of the local microbiome in the lung, which in turn impacts cancer progression by shaping the tumor microenvironment and modulating the activity of tumor-infiltrating immune cells. These findings not only provide novel mechanistic insight into the biology of lung cancer but also shed light on new therapeutic targets and strategies for lung cancer prevention and treatment. The goal of this review is to discuss the key findings, remaining questions, and future directions in this new and exciting field.",Available,"This research looks at tiny germs that live in and on our bodies and how they may link to lung cancer (Abstract, sentence 1). We already know a lot about germs in the gut, but we know much less about germs in the lung (Abstract, sentence 2). This work may help people who have lung cancer now or may get it in the future (Abstract, sentence 4). Your lungs have a very large wet surface that touches the air you breathe, so many kinds of germs can live there in both health and disease (Abstract, sentence 3). In this paper, the writers read and sum up many past studies in people and in mice to see how lung germs and lung cancer may be tied (Abstract, sentence 5). They found that the mix of germs in lungs with tumors is often not normal, and this change can speed up cancer growth by changing nearby cells and the body’s defense cells that move into the tumor (Abstract, sentence 5). These new facts help us better grasp how lung cancer starts and grows and point to new ways to try to stop or treat it (Abstract, sentence 6). In the future, doctors may test or even change lung germs to help prevent or treat lung cancer, but more work is still needed (Abstract, sentence 6)(Abstract, sentence 7).","This research looks at tiny germs that live in your lungs and how they may link to lung cancer (Abstract, para. 1). We need this study because lung cancer is very common and kills many people, and we still do not fully know how things in the lung, like germs, help cancer grow or respond to treatment (Introduction, para. 2). It may help people who have lung cancer now or who are at high risk, such as people who smoke (Introduction, para. 2). The writers read and summed up many past studies on lung germs, lung cancer, and the body’s defense system (Abstract, para. 1). They looked at which germs are present, how many there are, and how they change with cancer and with drugs (Body, para. 4). They found that lung tumors often have more germs but less mix of types, and some mouth germs show up more in lung cancer (Body, para. 5). In mice, changing these germs with drugs or raising mice with no germs slowed lung tumor growth (Body, para. 8). Germs in the gut and lung also seemed to change how well some cancer drugs work (Body, para. 10). These findings matter because lung and gut germs may become useful lab tests to help spot lung cancer or predict how you may respond to treatment (Body, para. 13). In the future, doctors may be able to gently change these germs to help treat lung cancer (Body, para. 16).","This research looks at tiny germs that live in your lungs and how they may link to lung cancer. We need this study because lung cancer is very common and kills many people, and we still do not fully know how things in the lung, like germs, help cancer grow or respond to treatment. It may help people who have lung cancer now or who are at high risk, such as people who smoke. The writers read and summed up many past studies on lung germs, lung cancer, and the body’s defense system. They looked at which germs are present, how many there are, and how they change with cancer and with drugs. They found that lung tumors often have more germs but less mix of types, and some mouth germs show up more in lung cancer. In mice, changing these germs with drugs or raising mice with no germs slowed lung tumor growth. Germs in the gut and lung also seemed to change how well some cancer drugs work. These findings matter because lung and gut germs may become useful lab tests to help spot lung cancer or predict how you may respond to treatment. In the future, doctors may be able to gently change these germs to help treat lung cancer.","This research looks at tiny germs that live in your lungs and how they may link to lung cancer. We need this study because lung cancer is very common and kills many people, and we still do not fully know how things in the lung, like germs, help cancer grow or respond to treatment. It may help people who have lung cancer now or who are at high risk, such as people who smoke. The writers read and summed up many past studies on lung germs, lung cancer, and the body’s defense system. They looked at which germs are present, how many there are, and how they change with cancer and with drugs. They found that lung tumors often have more germs but less mix of types, and some mouth germs show up more in lung cancer. In mice, changing these germs with drugs or raising mice with no germs slowed lung tumor growth. Germs in the gut and lung also seemed to change how well some cancer drugs work. These findings matter because lung and gut germs may become useful lab tests to help spot lung cancer or predict how you may respond to treatment. In the future, doctors may be able to gently change these germs to help treat lung cancer.","This research looks at tiny germs that live in your lungs and how they may link to lung cancer [E1].  

We need this study because lung cancer is very common and kills many people, and we still do not fully know how things in the lung, like germs, help cancer grow or respond to treatment [E3]. It may help people who have lung cancer now or who are at high risk, such as people who smoke [E3].  

The writers read and summed up many past studies on lung germs, lung cancer, and the body’s defense system [E1]. They looked at which germs are present, how many there are, and how they change with cancer and with drugs [E7].  

They found that lung tumors often have more germs but less mix of types, and some mouth germs show up more in lung cancer [E8]. In mice, changing these germs with drugs or raising mice with no germs slowed lung tumor growth [E11]. Germs in the gut and lung also seemed to change how well some cancer drugs work [E13].  

These findings matter because lung and gut germs may become useful lab tests to help spot lung cancer or predict how you may respond to treatment [E16]. In the future, doctors may be able to gently change these germs to help treat lung cancer [E19].",10,"E1, E3, E7, E8, E11, E13, E16, E19",,22,22,0.653420682,71.880125,10.22052778,81.55071127,7.17615493,0.947368421,0.956521739,0.416666667,0.705313316,5.148860815,3.1291,11.25,8.52
34445366,Current and Future Development in Lung Cancer Diagnosis.,https://pubmed.ncbi.nlm.nih.gov/34445366/,"Lung cancer is the leading cause of cancer-related deaths in North America and other developed countries. One of the reasons lung cancer is at the top of the list is that it is often not diagnosed until the cancer is at an advanced stage. Thus, the earliest diagnosis of lung cancer is crucial, especially in screening high-risk populations, such as smokers, exposure to fumes, oil fields, toxic occupational places, etc. Based on the current knowledge, it looks that there is an urgent need to identify novel biomarkers. The current diagnosis of lung cancer includes different types of imaging complemented with pathological assessment of biopsies, but these techniques can still not detect early lung cancer developments. In this review, we described the advantages and disadvantages of current methods used in diagnosing lung cancer, and we provide an analysis of the potential use of body fluids as carriers of biomarkers as predictors of cancer development and progression.",Available,"This research paper looks at new ways to find lung cancer early, before it has spread in the body (Abstract, sentence 1). Lung cancer causes more deaths than any other cancer in rich countries, so this is a big health need (Abstract, sentence 1). We need better tests because lung cancer is often found late, when it is hard to treat (Abstract, sentence 2). This work may help people at high risk, such as smokers or people who work around fumes or other toxic stuff (Abstract, sentence 3). Today, doctors use scans and small tissue samples from the lung to find cancer, but these tests often miss very early cancer (Abstract, sentence 5). The writers of this paper review how these current tests work and where they fall short (Abstract, sentence 6). They also look at signs of cancer that may float in body fluids like blood or spit, which they call “markers” of cancer (Abstract, sentence 4). The paper explains how these markers might help tell if cancer is starting or getting worse (Abstract, sentence 6). These ideas may one day lead to a simple lab test to help find lung cancer sooner in people at high risk (Abstract, sentence 3). This could help doctors start care earlier and may improve outcomes (Abstract, sentence 4).","This research looks at better ways to find lung cancer early by using simple tests on body fluids like blood, spit, and urine instead of only scans and tissue samples (Abstract, para. 1). We need this work because lung cancer is the top cause of cancer death, and most people are found when the disease is already at a late stage (Introduction, para. 1). Early finding could help people who smoke now or smoked in the past, and others who breathe in harmful fumes at work (Introduction, para. 2). The team reviewed many past studies on current scan tests, such as low‑dose chest CT, and on lab tests that look for “biomarkers,” which are signs of cancer in fluids (Abstract, para. 1). They looked at markers in blood, spit, lung wash fluid, and urine, and at new tools like “liquid biopsy,” which is a blood test for tiny bits of tumor material (Methods, para. 6). They found that scans can miss small tumors and often give false alarms, while many single lab markers are not accurate enough by themselves (Body, para. 28)(Body, para. 41). But some marker groups in blood, spit, and urine can tell people with lung cancer from healthy people quite well in early studies (Body, para. 69)(Body, para. 75). These findings suggest that, in the future, simple fluid tests may work with scans to spot lung cancer earlier and with less pain and cost for you as a patient (Conclusion, para. 3)(Conclusion, para. 4).","This research looks at better ways to find lung cancer early by using simple tests on body fluids like blood, spit, and urine instead of only scans and tissue samples. We need this work because lung cancer is the top cause of cancer death, and most people are found when the disease is already at a late stage. Early finding could help people who smoke now or smoked in the past, and others who breathe in harmful fumes at work. The team reviewed many past studies on current scan tests, such as low‑dose chest CT, and on lab tests that look for “biomarkers,” which are signs of cancer in fluids. They looked at markers in blood, spit, lung wash fluid, and urine, and at new tools like “liquid biopsy,” which is a blood test for tiny bits of tumor material. They found that scans can miss small tumors and often give false alarms, while many single lab markers are not accurate enough by themselves. But some marker groups in blood, spit, and urine can tell people with lung cancer from healthy people quite well in early studies. These findings suggest that, in the future, simple fluid tests may work with scans to spot lung cancer earlier and with less pain and cost for you as a patient.","This research looks at better ways to find lung cancer early by using simple tests on body fluids like blood, spit, and urine instead of only scans and tissue samples. We need this work because lung cancer is the top cause of cancer death, and most people are found when the disease is already at a late stage. Early finding could help people who smoke now or smoked in the past, and others who breathe in harmful fumes at work. The team reviewed many past studies on current scan tests, such as low‑dose chest CT, and on lab tests that look for “biomarkers,” which are signs of cancer in fluids. They looked at markers in blood, spit, lung wash fluid, and urine, and at new tools like “liquid biopsy,” which is a blood test for tiny bits of tumor material. They found that scans can miss small tumors and often give false alarms, while many single lab markers are not accurate enough by themselves. But some marker groups in blood, spit, and urine can tell people with lung cancer from healthy people quite well in early studies. These findings suggest that, in the future, simple fluid tests may work with scans to spot lung cancer earlier and with less pain and cost for you as a patient.","This research looks at better ways to find lung cancer early by using simple tests on body fluids like blood, spit, and urine instead of only scans and tissue samples [E1].  

We need this work because lung cancer is the top cause of cancer death, and most people are found when the disease is already at a late stage [E2]. Early finding could help people who smoke now or smoked in the past, and others who breathe in harmful fumes at work [E3].  

The team reviewed many past studies on current scan tests, such as low‑dose chest CT, and on lab tests that look for “biomarkers,” which are signs of cancer in fluids [E1]. They looked at markers in blood, spit, lung wash fluid, and urine, and at new tools like “liquid biopsy,” which is a blood test for tiny bits of tumor material [E47].  

They found that scans can miss small tumors and often give false alarms, while many single lab markers are not accurate enough by themselves [E33][E52]. But some marker groups in blood, spit, and urine can tell people with lung cancer from healthy people quite well in early studies [E80][E86].  

These findings suggest that, in the future, simple fluid tests may work with scans to spot lung cancer earlier and with less pain and cost for you as a patient [E90][E91].",11,"E1, E2, E3, E47, E33, E52, E80, E86, E90, E91",,91,91,0.423465421,69.761,8.895111111,67.02294067,10.64957949,1,1,0.428571429,0.48015,5.683917802,7.645422481,9.01037037,11.58732719
34511114,Tumor-associated exosomes promote lung cancer metastasis through multiple mechanisms.,https://pubmed.ncbi.nlm.nih.gov/34511114/,"As an important medium of intercellular communication, exosomes play an important role in information transmission between tumor cells and their microenvironment. Tumor metastasis is a serious influencing factor for poor treatment effect and shortened survival. Lung cancer is a major malignant tumor that seriously threatens human health. The study of the underlying mechanisms of exosomes in tumor genesis and development may provide new ideas for early and effective diagnosis and treatment of lung cancer metastasis. Many studies have shown that tumor-derived exosomes promote lung cancer development through a number of processes. By promoting epithelial-mesenchymal transition of tumor cells, they induce angiogenesis, establishment of the pretransfer microenvironment, and immune escape. This understanding enables researchers to better understand the mechanism of lung cancer metastasis and explore new treatments for clinical application. In this article, we systematically review current research progress of tumor-derived exosomes in metastasis of lung cancer. Although positive progress has been made toward understanding the mechanism of exosomes in lung cancer metastasis, systematic basic research and clinical translational research remains lacking and are needed to translate our scientific understanding toward applications in the clinical diagnosis and treatment of lung cancer metastasis in the near future.",Available,"This research paper looks at tiny bubble-like parts from cancer cells, called exosomes, and how they help lung cancer spread in the body (Abstract, sentence 1). Lung cancer is a major cause of poor health and death, so we need better ways to find and treat it early (Abstract, sentence 3). When cancer spreads, or “metastasis,” it often makes treatment work less well and can shorten life (Abstract, sentence 2). The writers did not test new drugs in people (Abstract, sentence 8). Instead, they read and summed up many past lab and animal studies on exosomes in lung cancer (Abstract, sentence 8). They looked at how these tiny bubbles move signals between cancer cells and nearby cells (Abstract, sentence 1). They found that exosomes from tumors can help lung cancer grow and spread in many ways (Abstract, sentence 5). They can help cancer cells change shape and move, grow new blood tubes, hide from the body’s defense system, and prepare new spots in the body for cancer to settle (Abstract, sentence 6). This work may give new ideas for lab tests to find lung cancer spread early and for new drugs that block these tiny bubbles (Abstract, sentence 4). But we still need more basic and patient studies before this can be used in the clinic (Abstract, sentence 7)(Abstract, sentence 9).","This research looks at tiny bubbles, called exosomes, that lung cancer cells send out to other cells in the body (Abstract, para. 1). These bubbles carry many signals that can help cancer grow and spread to new places, a process called metastasis (Introduction, para. 3). We need this study because lung cancer is common and often deadly when it spreads, and current tests and treatments are not enough (Abstract, para. 1). This work may help people with lung cancer by pointing to new lab tests and new drug targets in the future (Body, para. 1). The authors did not test a new drug. They read and summed up many lab, animal, and patient studies on exosomes in lung cancer (Body, para. 3). They found that cancer exosomes can help tumor cells move, grow, and avoid death, and can also weaken the body’s defense system and help new blood vessels form (Introduction, para. 14). Exosomes in blood and other body fluids are higher in people with lung cancer and often rise with more advanced stage or spread (Introduction, para. 3). Some exosome signals in blood may act as “markers” that match tumor size, stage, and spread (Introduction, para. 24). These findings matter because they suggest that exosomes and their contents might be used in the future for blood tests to spot lung cancer spread earlier, and as new targets for drugs to slow or block metastasis (Introduction, para. 19).","This research looks at tiny bubbles, called exosomes, that lung cancer cells send out to other cells in the body. These bubbles carry many signals that can help cancer grow and spread to new places, a process called metastasis. We need this study because lung cancer is common and often deadly when it spreads, and current tests and treatments are not enough. This work may help people with lung cancer by pointing to new lab tests and new drug targets in the future. The authors did not test a new drug. They read and summed up many lab, animal, and patient studies on exosomes in lung cancer. They found that cancer exosomes can help tumor cells move, grow, and avoid death, and can also weaken the body’s defense system and help new blood vessels form. Exosomes in blood and other body fluids are higher in people with lung cancer and often rise with more advanced stage or spread. Some exosome signals in blood may act as “markers” that match tumor size, stage, and spread. These findings matter because they suggest that exosomes and their contents might be used in the future for blood tests to spot lung cancer spread earlier, and as new targets for drugs to slow or block metastasis.","This research looks at tiny bubbles, called exosomes, that lung cancer cells send out to other cells in the body. These bubbles carry many signals that can help cancer grow and spread to new places, a process called metastasis. We need this study because lung cancer is common and often deadly when it spreads, and current tests and treatments are not enough. This work may help people with lung cancer by pointing to new lab tests and new drug targets in the future. The authors did not test a new drug. They read and summed up many lab, animal, and patient studies on exosomes in lung cancer. They found that cancer exosomes can help tumor cells move, grow, and avoid death, and can also weaken the body’s defense system and help new blood vessels form. Exosomes in blood and other body fluids are higher in people with lung cancer and often rise with more advanced stage or spread. Some exosome signals in blood may act as “markers” that match tumor size, stage, and spread. These findings matter because they suggest that exosomes and their contents might be used in the future for blood tests to spot lung cancer spread earlier, and as new targets for drugs to slow or block metastasis.","This research looks at tiny bubbles, called exosomes, that lung cancer cells send out to other cells in the body [E1]. These bubbles carry many signals that can help cancer grow and spread to new places, a process called metastasis [E8].  

We need this study because lung cancer is common and often deadly when it spreads, and current tests and treatments are not enough [E1]. This work may help people with lung cancer by pointing to new lab tests and new drug targets in the future [E2].  

The authors did not test a new drug. They read and summed up many lab, animal, and patient studies on exosomes in lung cancer [E4].  

They found that cancer exosomes can help tumor cells move, grow, and avoid death, and can also weaken the body’s defense system and help new blood vessels form [E19]. Exosomes in blood and other body fluids are higher in people with lung cancer and often rise with more advanced stage or spread [E8]. Some exosome signals in blood may act as “markers” that match tumor size, stage, and spread [E29].  

These findings matter because they suggest that exosomes and their contents might be used in the future for blood tests to spot lung cancer spread earlier, and as new targets for drugs to slow or block metastasis [E24].",9,"E1, E8, E2, E4, E19, E29, E24",,35,35,0.593103194,68.41345475,9.207280543,68.34172275,8.96885782,1,1,0.380985751,0.78015,7.90872645,8.841846275,9.925972851,10.14616114
34769372,Gender Differences and Immunotherapy Outcome in Advanced Lung Cancer.,https://pubmed.ncbi.nlm.nih.gov/34769372/,"In developed countries, lung cancer is the leading cause of cancer-related death in both sexes. Although cigarette smoking represents the principal risk factor for lung cancer in females, the higher proportion of this neoplasm among non-smoking women as compared with non-smoking men implies distinctive biological aspects between the two sexes. Gender differences depend not only on genetic, environmental, and hormonal factors but also on the immune system, and all these aspects are closely interconnected. In the last few years, it has been confirmed that the immune system plays a fundamental role in cancer evolution and response to oncological treatments, specifically immunotherapy, with documented distinctions between men and women. Consequently, in order to correctly assess cancer responses and disease control, considering only age and reproductive status, the results of studies conducted in female patients would probably not categorically apply to male patients and vice versa. The aim of this article is to review recent data about gender disparities in both healthy subjects' immune system and lung cancer patients; furthermore, studies concerning gender differences in response to lung cancer immunotherapy are examined.",Available,"This research looks at how lung cancer acts in men and women, and how their body defense system may not work the same way in each group (Abstract, sentence 6). Lung cancer is the top cause of cancer death in rich countries for both men and women, so this topic is very important (Abstract, sentence 1). We need this study because more women who never smoke still get lung cancer than men who never smoke, so there may be sex based body changes that matter (Abstract, sentence 2). This work may help people with lung cancer and the doctors who plan their care (Abstract, sentence 6). The team did not test new drugs in people (Abstract, sentence 6). They read and summed up many past studies on men and women with and without lung cancer (Abstract, sentence 6). They looked at body defense cells, genes, hormones, and other life and world factors (Abstract, sentence 3). They found that the body defense system can act in a different way in men and women and this can change how cancer grows and how well some new cancer drugs work (Abstract, sentence 4). This means we may not be able to use results from women to guide care in men, or the other way around, without care and more study (Abstract, sentence 5). In the future, this work may guide cancer care that fits your sex better and may help pick the right immune based drug for you (Abstract, sentence 4).","This research looks at how lung cancer and the body’s defense system can act in different ways in men and women (Abstract, para. 1). Lung cancer is a top cause of cancer death, so we need to know if sex changes how well new immune drugs work (Abstract, para. 1). Men have about twice the risk of death from many cancers as women, and this may be due in part to differences in the body’s defense system and hormones (Introduction, para. 1). Women often have a stronger defense response, which may lower some cancer risk but can also raise the risk of other immune diseases (Body, para. 1). The authors did not test a new drug in people. They read and summed up many past lab and patient studies on sex, the immune system, lung cancer, and immune drugs (Abstract, para. 1)(Introduction, para. 5). Across many trials of immune drugs for lung cancer, both men and women often lived longer than with standard care, but the size of the benefit was not always the same, and results did not match from study to study (Body, para. 9)(Body, para. 12)(Body, para. 14). Some reports even found no clear sex difference at all (Body, para. 13). These findings suggest sex may matter for how immune drugs work, but we do not have firm answers yet (Body, para. 16)(Conclusion, para. 1). Future trials that plan ahead to study men and women separately may help doctors choose the best treatment for each person (Conclusion, para. 1).","This research looks at how lung cancer and the body’s defense system can act in different ways in men and women. Lung cancer is a top cause of cancer death, so we need to know if sex changes how well new immune drugs work. Men have about twice the risk of death from many cancers as women, and this may be due in part to differences in the body’s defense system and hormones. Women often have a stronger defense response, which may lower some cancer risk but can also raise the risk of other immune diseases. The authors did not test a new drug in people. They read and summed up many past lab and patient studies on sex, the immune system, lung cancer, and immune drugs. Across many trials of immune drugs for lung cancer, both men and women often lived longer than with standard care, but the size of the benefit was not always the same, and results did not match from study to study. Some reports even found no clear sex difference at all. These findings suggest sex may matter for how immune drugs work, but we do not have firm answers yet. Future trials that plan ahead to study men and women separately may help doctors choose the best treatment for each person.","This research looks at how lung cancer and the body’s defense system can act in different ways in men and women. Lung cancer is a top cause of cancer death, so we need to know if sex changes how well new immune drugs work. Men have about twice the risk of death from many cancers as women, and this may be due in part to differences in the body’s defense system and hormones. Women often have a stronger defense response, which may lower some cancer risk but can also raise the risk of other immune diseases. The authors did not test a new drug in people. They read and summed up many past lab and patient studies on sex, the immune system, lung cancer, and immune drugs. Across many trials of immune drugs for lung cancer, both men and women often lived longer than with standard care, but the size of the benefit was not always the same, and results did not match from study to study. Some reports even found no clear sex difference at all. These findings suggest sex may matter for how immune drugs work, but we do not have firm answers yet. Future trials that plan ahead to study men and women separately may help doctors choose the best treatment for each person.","This research looks at how lung cancer and the body’s defense system can act in different ways in men and women [E1]. Lung cancer is a top cause of cancer death, so we need to know if sex changes how well new immune drugs work [E1].

Men have about twice the risk of death from many cancers as women, and this may be due in part to differences in the body’s defense system and hormones [E2]. Women often have a stronger defense response, which may lower some cancer risk but can also raise the risk of other immune diseases [E7].

The authors did not test a new drug in people. They read and summed up many past lab and patient studies on sex, the immune system, lung cancer, and immune drugs [E1][E6].  

Across many trials of immune drugs for lung cancer, both men and women often lived longer than with standard care, but the size of the benefit was not always the same, and results did not match from study to study [E19][E22][E24]. Some reports even found no clear sex difference at all [E23].

These findings suggest sex may matter for how immune drugs work, but we do not have firm answers yet [E26][E29]. Future trials that plan ahead to study men and women separately may help doctors choose the best treatment for each person [E29].",13,"E1, E2, E7, E6, E19, E22, E24, E23, E26, E29",,29,29,0.602543695,71.13719355,9.498129032,70.19014516,8.860096774,0.666666667,1,0.25,0.711553403,5.683917802,7.554174237,9.92,9.417327189
34884642,"The Immunotherapy for Colorectal Cancer, Lung Cancer and Pancreatic Cancer.",https://pubmed.ncbi.nlm.nih.gov/34884642/,"Immunotherapy is a novel anti-cancer method which employs a different mechanism to conventional treatment. It has become a significant strategy because it provides a better or an alternative option for cancer patients. Recently, immunotherapy has been increasingly approved for the treatment of cancer; however, it has various limitations; for instance, it is only suitable for specific patients, the response rate is still low in most cases, etc. Colorectal cancer, lung cancer and pancreatic cancer are known as three major death-causing cancers in most countries. In this review, we discuss immunotherapeutic treatment for these three cancers, and consider the option, prospects and limitations of immunotherapy. The development of immunotherapy should focus on the discovery of biomarkers to screen suitable patients, new targets on tumors, neoadjuvant immunotherapy and the combination of immunotherapy with conventional therapeutic methods. We can expect that immunotherapy potentially will develop as one of the best therapies for patients with advanced cancer or poor responses to traditional methods.",Available,"This research looks at a type of cancer care called immunotherapy, which helps your own body’s defense system fight cancer in a new way (Abstract, sentence 1). We need this kind of care because many people still die from colon, lung, and pancreas cancer, even with surgery, chemo, or other common care (Abstract, sentence 4). Immunotherapy can give a better or extra choice for people when other care does not work well (Abstract, sentence 2). The writers of this paper read and summed up many past studies on how immunotherapy is used for these three cancers (Abstract, sentence 5). They also looked at where it works well and where it fails (Abstract, sentence 3). They found that more and more cancer drugs that use the body’s defense system are now approved, but they do not help all people, and many people still do not get a good response (Abstract, sentence 3). The team says we must find lab tests, called “markers,” to pick which people are most likely to gain from these drugs (Abstract, sentence 6). They also say we should test new drug targets and mix immunotherapy with older cancer care (Abstract, sentence 6). If this work moves ahead, immunotherapy may become one of the best choices for people with late-stage cancer or poor response to usual care (Abstract, sentence 7).","This research looks at a type of cancer care called immunotherapy, which helps your own defense system find and attack cancer cells (Abstract, para. 1). It focuses on three hard‑to‑treat cancers: colon and rectal cancer, lung cancer, and pancreatic cancer, which cause many deaths in the U. S. and worldwide (Introduction, para. 4). We need this work because many people do not do well with surgery, chemo, or radiation alone, and not all people can use or benefit from immunotherapy (Abstract, para. 1). The writers of this paper read and summed up many lab and patient studies on how immunotherapy works and when it helps (Introduction, para. 1). They looked at drugs that block “checkpoints” on immune cells, new lab tests to pick the right patients, and ways to mix these drugs with standard care (Introduction, para. 3). They found that some colon cancers with a certain gene repair problem can respond very well to drugs like nivolumab and pembrolizumab, but most colon cancers do not (Body, para. 2). In lung cancer, these drugs helped some people live a few more months, but many still did not respond (Body, para. 11). For pancreatic cancer, early tests of several immune methods show promise but have not yet changed survival for most patients (Body, para. 14). The authors say future work should find better lab tests to match you to the right immune drug and test smart drug mixes with standard care (Discussion, para. 1).","This research looks at a type of cancer care called immunotherapy, which helps your own defense system find and attack cancer cells. It focuses on three hard‑to‑treat cancers: colon and rectal cancer, lung cancer, and pancreatic cancer, which cause many deaths in the U. S. and worldwide. We need this work because many people do not do well with surgery, chemo, or radiation alone, and not all people can use or benefit from immunotherapy. The writers of this paper read and summed up many lab and patient studies on how immunotherapy works and when it helps. They looked at drugs that block “checkpoints” on immune cells, new lab tests to pick the right patients, and ways to mix these drugs with standard care. They found that some colon cancers with a certain gene repair problem can respond very well to drugs like nivolumab and pembrolizumab, but most colon cancers do not. In lung cancer, these drugs helped some people live a few more months, but many still did not respond. For pancreatic cancer, early tests of several immune methods show promise but have not yet changed survival for most patients. The authors say future work should find better lab tests to match you to the right immune drug and test smart drug mixes with standard care.","This research looks at a type of cancer care called immunotherapy, which helps your own defense system find and attack cancer cells. It focuses on three hard‑to‑treat cancers: colon and rectal cancer, lung cancer, and pancreatic cancer, which cause many deaths in the U. S. and worldwide. We need this work because many people do not do well with surgery, chemo, or radiation alone, and not all people can use or benefit from immunotherapy. The writers of this paper read and summed up many lab and patient studies on how immunotherapy works and when it helps. They looked at drugs that block “checkpoints” on immune cells, new lab tests to pick the right patients, and ways to mix these drugs with standard care. They found that some colon cancers with a certain gene repair problem can respond very well to drugs like nivolumab and pembrolizumab, but most colon cancers do not. In lung cancer, these drugs helped some people live a few more months, but many still did not respond. For pancreatic cancer, early tests of several immune methods show promise but have not yet changed survival for most patients. The authors say future work should find better lab tests to match you to the right immune drug and test smart drug mixes with standard care.","This research looks at a type of cancer care called immunotherapy, which helps your own defense system find and attack cancer cells [E1]. It focuses on three hard‑to‑treat cancers: colon and rectal cancer, lung cancer, and pancreatic cancer, which cause many deaths in the U.S. and worldwide [E5].  

We need this work because many people do not do well with surgery, chemo, or radiation alone, and not all people can use or benefit from immunotherapy [E1].  

The writers of this paper read and summed up many lab and patient studies on how immunotherapy works and when it helps [E2]. They looked at drugs that block “checkpoints” on immune cells, new lab tests to pick the right patients, and ways to mix these drugs with standard care [E4].  

They found that some colon cancers with a certain gene repair problem can respond very well to drugs like nivolumab and pembrolizumab, but most colon cancers do not [E7]. In lung cancer, these drugs helped some people live a few more months, but many still did not respond [E16]. For pancreatic cancer, early tests of several immune methods show promise but have not yet changed survival for most patients [E19].  

The authors say future work should find better lab tests to match you to the right immune drug and test smart drug mixes with standard care [E29].",9,"E1, E5, E2, E4, E7, E16, E19, E29",,30,30,0.528558194,60.99563063,10.87954955,62.23333333,10.5412963,0.692307692,0.894736842,0.428571429,0.679166667,8.51512884,9.444778639,11.30810811,11.63703704
35224964,[Lung Cancer Stem-like Cells and Drug Resistance].,https://pubmed.ncbi.nlm.nih.gov/35224964/,"Lung cancer remains the leading cause of cancer-related death world-wide. Therapy resistance and relapse are considered major reasons contributing to the poor survival rates of lung cancer. Accumulated evidences have demonstrated that a small subpopulation of stem-like cells existed within lung cancer tissues and cell lines, possessing the abilities of self-renewal, multipotent differentiation and unlimited proliferation. These lung cancer stem-like cells (LCSCs) can generate tumors with high effeciency in vivo, survive cytotoxic therapies, and eventually lead to therapy resistance and recurrence. In this review, we would like to present recent knowledges on LCSCs, including the origins where they come from, the molecular features to identify them, and key mechanisms for them to survive and develop resistance, in order to provide a better view for targeting them in future clinic. .",Available,"This research looks at a very deadly type of lung cancer cell that can act like a “seed” and help the cancer grow back after treatment (Abstract, sentence 1). We need this study because many people with lung cancer do not live long, in part because the cancer can resist drugs and then come back after it first shrinks (Abstract, sentence 2). The writers of this paper read and summed up many past lab and animal studies on a small group of lung cancer cells that act like stem cells, which are cells that can make many new cells (Abstract, sentence 3). They looked at where these cells come from, how to spot them, and how they stay alive during treatment (Abstract, sentence 5). They found that these lung cancer stem-like cells can make new tumors very well in animals and can live through strong cancer drugs (Abstract, sentence 4). These cells can keep making more cancer cells, which can lead to the cancer coming back after treatment (Abstract, sentence 3). These findings matter because if we can find and block these stem-like cells, we may be able to stop lung cancer from coming back as often in the future (Abstract, sentence 5).","This research looks at a small group of lung cancer cells that act like “seed” cells and may cause drug resistance and cancer to come back after treatment (Abstract, para. 1). We need this study because lung cancer is the top cause of cancer death in the world, and many people see their cancer return even after strong drugs or new target and immune drugs (Body, para. 1). The writers read and summed up many lab and animal studies on these special lung cancer cells, how they start, how to find them, and how they avoid cancer drugs (Abstract, para. 1). They report that these cells can make copies of themselves, change into many kinds of lung cancer cells, and keep growing without limit (Body, para. 2). These cells pump drugs out, fix DNA damage well, avoid cell death, and can “sleep,” so they often live through chemo, radiation, and other care (Body, para. 20). The review also notes early tests of drugs and natural parts, like disulfiram and curcumin, that may weaken these cells or push them to lose their “seed” traits and respond better to treatment (Body, para. 30)(Body, para. 31)(Body, para. 33). These findings may guide new tests and drug plans that aim at these “seed” cells to lower lung cancer drug resistance and relapse in the future (Body, para. 35)(Body, para. 36).","This research looks at a small group of lung cancer cells that act like “seed” cells and may cause drug resistance and cancer to come back after treatment. We need this study because lung cancer is the top cause of cancer death in the world, and many people see their cancer return even after strong drugs or new target and immune drugs. The writers read and summed up many lab and animal studies on these special lung cancer cells, how they start, how to find them, and how they avoid cancer drugs. They report that these cells can make copies of themselves, change into many kinds of lung cancer cells, and keep growing without limit. These cells pump drugs out, fix DNA damage well, avoid cell death, and can “sleep,” so they often live through chemo, radiation, and other care. The review also notes early tests of drugs and natural parts, like disulfiram and curcumin, that may weaken these cells or push them to lose their “seed” traits and respond better to treatment. These findings may guide new tests and drug plans that aim at these “seed” cells to lower lung cancer drug resistance and relapse in the future.","This research looks at a small group of lung cancer cells that act like “seed” cells and may cause drug resistance and cancer to come back after treatment. We need this study because lung cancer is the top cause of cancer death in the world, and many people see their cancer return even after strong drugs or new target and immune drugs. The writers read and summed up many lab and animal studies on these special lung cancer cells, how they start, how to find them, and how they avoid cancer drugs. They report that these cells can make copies of themselves, change into many kinds of lung cancer cells, and keep growing without limit. These cells pump drugs out, fix DNA damage well, avoid cell death, and can “sleep,” so they often live through chemo, radiation, and other care. The review also notes early tests of drugs and natural parts, like disulfiram and curcumin, that may weaken these cells or push them to lose their “seed” traits and respond better to treatment. These findings may guide new tests and drug plans that aim at these “seed” cells to lower lung cancer drug resistance and relapse in the future.","This research looks at a small group of lung cancer cells that act like “seed” cells and may cause drug resistance and cancer to come back after treatment [E1].  

We need this study because lung cancer is the top cause of cancer death in the world, and many people see their cancer return even after strong drugs or new target and immune drugs [E2].  

The writers read and summed up many lab and animal studies on these special lung cancer cells, how they start, how to find them, and how they avoid cancer drugs [E1]. They report that these cells can make copies of themselves, change into many kinds of lung cancer cells, and keep growing without limit [E3]. These cells pump drugs out, fix DNA damage well, avoid cell death, and can “sleep,” so they often live through chemo, radiation, and other care [E21].  

The review also notes early tests of drugs and natural parts, like disulfiram and curcumin, that may weaken these cells or push them to lose their “seed” traits and respond better to treatment [E31][E32][E34].  

These findings may guide new tests and drug plans that aim at these “seed” cells to lower lung cancer drug resistance and relapse in the future [E36][E37].",10,"E1, E2, E3, E21, E31, E32, E34, E36, E37",,38,38,0.624931849,66.54482759,11.18206897,64.89658291,11.27000718,0.722222222,1,0.35,0.548114713,6.182691328,9.236282657,11.79704433,12.77846375
35581523,Lung cancer screening-Marching along ….,https://pubmed.ncbi.nlm.nih.gov/35581523/,Abstract unavailable,Available,No text available,"This research looks at lung cancer tests that can find cancer early, before it spreads in the body (Body, para. 1). We need this work because lung cancer is still the top cause of cancer death in the world, with about 1.8 million deaths each year (Body, para. 1). If we can find it early, more people may live longer (Body, para. 2). The team looked at past test rules and new ideas on who should get a scan, such as age, smoking, and other health and life factors (Body, para. 4). They also looked at how to use computer tools and normal doctor visits to help choose people for tests and to give help to quit smoking (Body, para. 5). They found that after test advice began in 2013, early lung cancer cases went up from 17% to 28%, and late cases went down (Body, para. 2). Early lung cancer has about a 60% five year survival, while far spread lung cancer has about 6% (Body, para. 2). They also found that risk based test rules and strong quit help may make tests work better and more fair for many groups (Body, para. 4). These results may guide safe, fair lung cancer test plans that can fit into normal care and help more people quit smoking (Body, para. 6).","This research looks at lung cancer tests that can find cancer early, before it spreads in the body. We need this work because lung cancer is still the top cause of cancer death in the world, with about 1.8 million deaths each year. If we can find it early, more people may live longer. The team looked at past test rules and new ideas on who should get a scan, such as age, smoking, and other health and life factors. They also looked at how to use computer tools and normal doctor visits to help choose people for tests and to give help to quit smoking. They found that after test advice began in 2013, early lung cancer cases went up from 17% to 28%, and late cases went down. Early lung cancer has about a 60% five year survival, while far spread lung cancer has about 6%. They also found that risk based test rules and strong quit help may make tests work better and more fair for many groups. These results may guide safe, fair lung cancer test plans that can fit into normal care and help more people quit smoking.","This research looks at lung cancer tests that can find cancer early, before it spreads in the body. We need this work because lung cancer is still the top cause of cancer death in the world, with about 1.8 million deaths each year. If we can find it early, more people may live longer. The team looked at past test rules and new ideas on who should get a scan, such as age, smoking, and other health and life factors. They also looked at how to use computer tools and normal doctor visits to help choose people for tests and to give help to quit smoking. They found that after test advice began in 2013, early lung cancer cases went up from 17% to 28%, and late cases went down. Early lung cancer has about a 60% five year survival, while far spread lung cancer has about 6%. They also found that risk based test rules and strong quit help may make tests work better and more fair for many groups. These results may guide safe, fair lung cancer test plans that can fit into normal care and help more people quit smoking.","This research looks at lung cancer tests that can find cancer early, before it spreads in the body [E1].  

We need this work because lung cancer is still the top cause of cancer death in the world, with about 1.8 million deaths each year [E1]. If we can find it early, more people may live longer [E2].  

The team looked at past test rules and new ideas on who should get a scan, such as age, smoking, and other health and life factors [E4]. They also looked at how to use computer tools and normal doctor visits to help choose people for tests and to give help to quit smoking [E5].  

They found that after test advice began in 2013, early lung cancer cases went up from 17% to 28%, and late cases went down [E2]. Early lung cancer has about a 60% five year survival, while far spread lung cancer has about 6% [E2]. They also found that risk based test rules and strong quit help may make tests work better and more fair for many groups [E4].  

These results may guide safe, fair lung cancer test plans that can fit into normal care and help more people quit smoking [E6].",9,"E1, E2, E4, E5, E6",,10,10,,,,80.72840155,6.793994819,,1,,0.685953786,,6.2581,,8.341761658
36821071,MicroRNA in lung cancer-a novel potential way for early diagnosis and therapy.,https://pubmed.ncbi.nlm.nih.gov/36821071/,"Lung cancer is the most common cause of cancer-related deaths in the world. One of the reasons of poor prognosis and high mortality of lung cancer patients is the diagnosis of the disease in its advanced stage. Despite innovative diagnostic methods and multiple completed and ongoing clinical trials aiming at therapy improvement, no significant increase in patients' long-term survival has been noted over last decades. Patients would certainly benefit from early detection of lung cancer. Therefore, it is crucial to find new biomarkers that can help predict outcomes and tumor responses in order to maximize therapy effectiveness and avoid over- or under-treating patients with lung cancer. Nowadays, scientists' attention is mainly dedicated to so-called liquid biopsy, which is fully non-invasive and easily available method based on simple blood draw. Among common liquid biopsy elements, circulating tumor nucleic acids are worth mentioning. Epigenetic biomarkers, particularly miRNA expression, have several distinct features that make them promising prognostic markers. In this review, we described miRNA's involvement in tumorigenesis and present it as a predictor of cancer development and progression, potential indicator of treatment efficacy, and most importantly promising therapeutic target.",Available,"This research looks at lung cancer, which is the top cause of cancer death in the world (Abstract, sentence 1). Many people learn they have lung cancer only when it is at a late stage, which makes it hard to treat and leads to more deaths (Abstract, sentence 2). Even with new tests and many drug trials, people with lung cancer have not seen big gains in long-term survival over many years (Abstract, sentence 3). So we need better ways to find lung cancer early and to choose the right treatment for each person (Abstract, sentence 4). The writers of this paper review work on “markers” in the blood that may help us do this (Abstract, sentence 5). They focus on a “liquid biopsy,” which is a test that uses a simple blood draw instead of a tissue sample from the lung (Abstract, sentence 6). In this blood, we can look for bits from the tumor, such as small gene control pieces called miRNA (Abstract, sentence 7). The review says that changes in miRNA levels may help tell how a lung tumor starts, grows, and responds to treatment (Abstract, sentence 8). The authors say miRNA may help predict if cancer will get worse, if treatment will work, and may even be a new target for drugs in the future (Abstract, sentence 9).","This research looks at a blood test to help find and track lung cancer using tiny gene control pieces called microRNAs, or miRNAs (Abstract, para. 1). Lung cancer is the top cause of cancer death, and most people learn they have it only when it is already at a late stage (Abstract, para. 1)(Introduction, para. 4). You and other patients could do better if doctors could find lung cancer early and choose the right treatment for each person (Abstract, para. 1)(Introduction, para. 5). In this work, the team reviewed many past studies on miRNAs in lung cancer (Abstract, para. 1). They looked at how miRNAs change in cancer cells and in blood, and how these changes link to cancer type, spread, and response to drugs and radiation (Body, para. 4)(Body, para. 47). They found that miRNA patterns can tell cancer from healthy tissue, and can also help tell the main lung cancer types apart (Body, para. 6)(Body, para. 41). Some blood tests that read sets of miRNAs reached about 75–87% accuracy for finding lung cancer in high‑risk people (Body, para. 40). Early trials of miRNA‑based drugs showed mixed results: one miR‑16‑based treatment was fairly safe with disease control in 65% of patients, while a miR‑34 drug caused serious immune side effects (Body, para. 78)(Body, para. 79). These findings suggest that miRNA blood tests may one day support lung cancer screening and treatment choice, but more and larger studies are still needed before they become routine in care (Conclusion, para. 1)(Conclusion, para. 2).","This research looks at a blood test to help find and track lung cancer using tiny gene control pieces called microRNAs, or miRNAs. Lung cancer is the top cause of cancer death, and most people learn they have it only when it is already at a late stage. You and other patients could do better if doctors could find lung cancer early and choose the right treatment for each person. In this work, the team reviewed many past studies on miRNAs in lung cancer. They looked at how miRNAs change in cancer cells and in blood, and how these changes link to cancer type, spread, and response to drugs and radiation. They found that miRNA patterns can tell cancer from healthy tissue, and can also help tell the main lung cancer types apart. Some blood tests that read sets of miRNAs reached about 75–87% accuracy for finding lung cancer in high‑risk people. Early trials of miRNA‑based drugs showed mixed results: one miR‑16‑based treatment was fairly safe with disease control in 65% of patients, while a miR‑34 drug caused serious immune side effects. These findings suggest that miRNA blood tests may one day support lung cancer screening and treatment choice, but more and larger studies are still needed before they become routine in care.","This research looks at a blood test to help find and track lung cancer using tiny gene control pieces called microRNAs, or miRNAs. Lung cancer is the top cause of cancer death, and most people learn they have it only when it is already at a late stage. You and other patients could do better if doctors could find lung cancer early and choose the right treatment for each person. In this work, the team reviewed many past studies on miRNAs in lung cancer. They looked at how miRNAs change in cancer cells and in blood, and how these changes link to cancer type, spread, and response to drugs and radiation. They found that miRNA patterns can tell cancer from healthy tissue, and can also help tell the main lung cancer types apart. Some blood tests that read sets of miRNAs reached about 75–87% accuracy for finding lung cancer in high‑risk people. Early trials of miRNA‑based drugs showed mixed results: one miR‑16‑based treatment was fairly safe with disease control in 65% of patients, while a miR‑34 drug caused serious immune side effects. These findings suggest that miRNA blood tests may one day support lung cancer screening and treatment choice, but more and larger studies are still needed before they become routine in care.","This research looks at a blood test to help find and track lung cancer using tiny gene control pieces called microRNAs, or miRNAs [E1].  

Lung cancer is the top cause of cancer death, and most people learn they have it only when it is already at a late stage [E1][E5]. You and other patients could do better if doctors could find lung cancer early and choose the right treatment for each person [E1][E6].  

In this work, the team reviewed many past studies on miRNAs in lung cancer [E1]. They looked at how miRNAs change in cancer cells and in blood, and how these changes link to cancer type, spread, and response to drugs and radiation [E15][E58].  

They found that miRNA patterns can tell cancer from healthy tissue, and can also help tell the main lung cancer types apart [E17][E52]. Some blood tests that read sets of miRNAs reached about 75–87% accuracy for finding lung cancer in high‑risk people [E51]. Early trials of miRNA‑based drugs showed mixed results: one miR‑16‑based treatment was fairly safe with disease control in 65% of patients, while a miR‑34 drug caused serious immune side effects [E89][E90].  

These findings suggest that miRNA blood tests may one day support lung cancer screening and treatment choice, but more and larger studies are still needed before they become routine in care [E92][E93].",15,"E1, E5, E6, E15, E58, E17, E52, E51, E89, E90, E92, E93",,93,93,0.498954524,69.7604955,9.657027027,66.83586854,9.816525822,1,1,0.381752104,0.479416667,5.82211442,7.38712967,10.22702703,10.21784038
37151885,Vistas in Non-Small Cell Lung Cancer (NSCLC) Treatment: of Kinome and Signaling Networks.,https://pubmed.ncbi.nlm.nih.gov/37151885/,"Non-small cell lung cancer (NSCLC) is the prevailing lung cancer type, accounting for ~85% of all lung cancer cases. Despite their initial promise, current chemotherapeutic protocols are reaching their limits. This necessitates the prompt discovery of new molecular drivers and the development of novel regimens for advanced NSCLC. Herein, we pose that there is a need to systematically profile the human kinome activity of NSCLC. Using available state-of-the-art technologies, a wide gamut of kinase activities can be simultaneously mapped and quantified specifically in the primary or metastatic cancer states, with oncogenic kinase functions being likely linked to mutation signatures and malignant features of NSCLC. New chemical compound libraries can then be screened for kinase inhibitory properties in preclinical model systems, with presumptive induction of programmed cell-death subroutines and signaling-disintegration routes serving as major outputs of novel inhibitor tumor-suppressor potentials.",Available,"This study looks at a common type of lung cancer called non‑small cell lung cancer, or NSCLC, which makes up about 85 out of 100 lung cancer cases (Abstract, sentence 1). We need better care for this cancer because the usual drug mix, called chemo, is not working as well as we hoped over time (Abstract, sentence 2). This work may help people with advanced NSCLC who do not have good treatment options now (Abstract, sentence 3). The team wants to make a full map of certain “switch” proteins, called kinases, that help cancer cells grow and spread in NSCLC (Abstract, sentence 4). With new lab tools, they can measure many of these kinases at the same time in main tumors and in tumors that have spread, and link them to gene changes and cancer traits (Abstract, sentence 5). They then plan to test many new drug‑like chemicals to see which ones can block these kinases in lab models of NSCLC (Abstract, sentence 6). They will look for chemicals that can break key cell signals and push cancer cells to die (Abstract, sentence 6). If this work finds strong kinase blockers, it may guide new drug plans for people with advanced NSCLC in the future (Abstract, sentence 3).","This study looks at a common type of lung cancer called non‑small cell lung cancer, or NSCLC, which makes up about 85 out of 100 lung cancer cases (Abstract, para. 1). Today, many people with this cancer get chemo and newer “targeted” drugs, but these often stop working as the cancer changes and resists treatment (Body, para. 3). The researchers want to find new weak spots in NSCLC by studying a group of cell tools called kinases, which help cancer cells grow and spread (Abstract, para. 1). They plan to compare kinase activity in cancer tissue and in healthy lung tissue, and also in early tumors and tumors that have spread (Body, para. 5). They will use lab tests on cancer cell lines and mice to see which drug mixes that block these kinases can best kill cancer cells (Body, para. 6). The goal is to build a “map” of active kinases in NSCLC and use computer tools, including artificial intelligence, to predict which drug plans may work best and how cancers may resist them (Body, para. 5). This map may guide new, more exact treatments and could help people with advanced or drug‑resistant NSCLC live better and with fewer side effects in the future (Body, para. 7)(Body, para. 8).","This study looks at a common type of lung cancer called non‑small cell lung cancer, or NSCLC, which makes up about 85 out of 100 lung cancer cases. Today, many people with this cancer get chemo and newer “targeted” drugs, but these often stop working as the cancer changes and resists treatment. The researchers want to find new weak spots in NSCLC by studying a group of cell tools called kinases, which help cancer cells grow and spread. They plan to compare kinase activity in cancer tissue and in healthy lung tissue, and also in early tumors and tumors that have spread. They will use lab tests on cancer cell lines and mice to see which drug mixes that block these kinases can best kill cancer cells. The goal is to build a “map” of active kinases in NSCLC and use computer tools, including artificial intelligence, to predict which drug plans may work best and how cancers may resist them. This map may guide new, more exact treatments and could help people with advanced or drug‑resistant NSCLC live better and with fewer side effects in the future.","This study looks at a common type of lung cancer called non‑small cell lung cancer, or NSCLC, which makes up about 85 out of 100 lung cancer cases. Today, many people with this cancer get chemo and newer “targeted” drugs, but these often stop working as the cancer changes and resists treatment. The researchers want to find new weak spots in NSCLC by studying a group of cell tools called kinases, which help cancer cells grow and spread. They plan to compare kinase activity in cancer tissue and in healthy lung tissue, and also in early tumors and tumors that have spread. They will use lab tests on cancer cell lines and mice to see which drug mixes that block these kinases can best kill cancer cells. The goal is to build a “map” of active kinases in NSCLC and use computer tools, including artificial intelligence, to predict which drug plans may work best and how cancers may resist them. This map may guide new, more exact treatments and could help people with advanced or drug‑resistant NSCLC live better and with fewer side effects in the future.","This study looks at a common type of lung cancer called non‑small cell lung cancer, or NSCLC, which makes up about 85 out of 100 lung cancer cases [E1]. Today, many people with this cancer get chemo and newer “targeted” drugs, but these often stop working as the cancer changes and resists treatment [E4].  

The researchers want to find new weak spots in NSCLC by studying a group of cell tools called kinases, which help cancer cells grow and spread [E1]. They plan to compare kinase activity in cancer tissue and in healthy lung tissue, and also in early tumors and tumors that have spread [E6]. They will use lab tests on cancer cell lines and mice to see which drug mixes that block these kinases can best kill cancer cells [E7].  

The goal is to build a “map” of active kinases in NSCLC and use computer tools, including artificial intelligence, to predict which drug plans may work best and how cancers may resist them [E6]. This map may guide new, more exact treatments and could help people with advanced or drug‑resistant NSCLC live better and with fewer side effects in the future [E8][E9].",8,"E1, E4, E6, E7, E8, E9",,10,10,0.586976101,69.00076923,10.09423077,61.18951872,11.36119175,1,1,0.285714286,0.722111041,8.472884824,10.91426088,11.74615385,13.46646295
37371458,MiRNA-Based Therapies for Lung Cancer: Opportunities and Challenges?,https://pubmed.ncbi.nlm.nih.gov/37371458/,"Lung cancer is a commonly diagnosed cancer and the leading cause of cancer-related deaths, posing a serious health risk. Despite new advances in immune checkpoint and targeted therapies in recent years, the prognosis for lung cancer patients, especially those in advanced stages, remains poor. MicroRNAs (miRNAs) have been shown to modulate tumor development at multiple levels, and as such, miRNA mimics and molecules aimed at regulating miRNAs have shown promise in preclinical development. More importantly, miRNA-based therapies can also complement conventional chemoradiotherapy, immunotherapy, and targeted therapies to reverse drug resistance and increase the sensitivity of lung cancer cells. Furthermore, small interfering RNA (siRNA) and miRNA-based therapies have entered clinical trials and have shown favorable development prospects. Therefore, in this paper, we review recent advances in miRNA-based therapies in lung cancer treatment as well as adjuvant therapy and present the current state of clinical lung cancer treatment. We also discuss the challenges facing miRNA-based therapies in the clinical application of lung cancer treatment to provide new ideas for the development of novel lung cancer therapies.",Available,"This research paper looks at new ways to treat lung cancer using tiny gene control tools called “microRNAs,” which can turn other genes on or off (Abstract, sentence 3). Lung cancer is very common and is the top cause of cancer death, so we need better care options for you and others (Abstract, sentence 1). Even with new drugs that help the immune system and target cancer cells, many people with late lung cancer still do not do well (Abstract, sentence 2). The team did not test a new drug in people. Instead, they read and summed up many past lab and patient studies on microRNA care for lung cancer (Abstract, sentence 6). They looked at how microRNA drugs might work alone and with chemo, radiation, immune drugs, and other cancer drugs (Abstract, sentence 4). They found that microRNA drugs may help slow or stop lung cancer growth and may help other drugs work better by cutting drug resistance (Abstract, sentence 3). Some of these gene-based drugs have even moved into early tests in people and look hopeful so far (Abstract, sentence 5). These results may guide new lung cancer drugs that work with your current care, but more tests in people are still needed before they become part of routine treatment (Abstract, sentence 6)(Abstract, sentence 7).","This research looks at a new way to treat lung cancer using tiny gene control switches called “microRNAs,” or miRNAs (Abstract, para. 1). Lung cancer is the top cause of cancer death, and many people are still very sick even with surgery, chemo, radiation, and newer drugs (Introduction, para. 1). You may care about this work if you or someone you love has non‑small cell lung cancer, the most common type (Introduction, para. 1). The writers of this paper did not test a new drug in people. They read and summed up many lab, animal, and early human studies on miRNA‑based treatment for lung cancer (Abstract, para. 1). They looked at how adding or blocking certain miRNAs can slow tumor growth, help chemo and radiation work better, and fight drug resistance (Introduction, para. 2). They report that some miRNA drugs have reached early human trials, such as a miR‑16 “mimic” in 27 people, where 1 person had tumor shrinkage and many had stable disease (Body, para. 19). But another trial of a miR‑34a drug had to stop because of serious immune side effects (Body, para. 20). These findings mean miRNA drugs may one day help make lung cancer care more personal and more effective, but safer ways to deliver them are still needed before they can be used widely in the clinic (Conclusion, para. 1)(Conclusion, para. 3).","This research looks at a new way to treat lung cancer using tiny gene control switches called “microRNAs,” or miRNAs. Lung cancer is the top cause of cancer death, and many people are still very sick even with surgery, chemo, radiation, and newer drugs. You may care about this work if you or someone you love has non‑small cell lung cancer, the most common type. The writers of this paper did not test a new drug in people. They read and summed up many lab, animal, and early human studies on miRNA‑based treatment for lung cancer. They looked at how adding or blocking certain miRNAs can slow tumor growth, help chemo and radiation work better, and fight drug resistance. They report that some miRNA drugs have reached early human trials, such as a miR‑16 “mimic” in 27 people, where 1 person had tumor shrinkage and many had stable disease. But another trial of a miR‑34a drug had to stop because of serious immune side effects. These findings mean miRNA drugs may one day help make lung cancer care more personal and more effective, but safer ways to deliver them are still needed before they can be used widely in the clinic.","This research looks at a new way to treat lung cancer using tiny gene control switches called “microRNAs,” or miRNAs. Lung cancer is the top cause of cancer death, and many people are still very sick even with surgery, chemo, radiation, and newer drugs. You may care about this work if you or someone you love has non‑small cell lung cancer, the most common type. The writers of this paper did not test a new drug in people. They read and summed up many lab, animal, and early human studies on miRNA‑based treatment for lung cancer. They looked at how adding or blocking certain miRNAs can slow tumor growth, help chemo and radiation work better, and fight drug resistance. They report that some miRNA drugs have reached early human trials, such as a miR‑16 “mimic” in 27 people, where 1 person had tumor shrinkage and many had stable disease. But another trial of a miR‑34a drug had to stop because of serious immune side effects. These findings mean miRNA drugs may one day help make lung cancer care more personal and more effective, but safer ways to deliver them are still needed before they can be used widely in the clinic.","This research looks at a new way to treat lung cancer using tiny gene control switches called “microRNAs,” or miRNAs [E1].  

Lung cancer is the top cause of cancer death, and many people are still very sick even with surgery, chemo, radiation, and newer drugs [E2]. You may care about this work if you or someone you love has non‑small cell lung cancer, the most common type [E2].  

The writers of this paper did not test a new drug in people. They read and summed up many lab, animal, and early human studies on miRNA‑based treatment for lung cancer [E1]. They looked at how adding or blocking certain miRNAs can slow tumor growth, help chemo and radiation work better, and fight drug resistance [E3].  

They report that some miRNA drugs have reached early human trials, such as a miR‑16 “mimic” in 27 people, where 1 person had tumor shrinkage and many had stable disease [E23]. But another trial of a miR‑34a drug had to stop because of serious immune side effects [E24].  

These findings mean miRNA drugs may one day help make lung cancer care more personal and more effective, but safer ways to deliver them are still needed before they can be used widely in the clinic [E25][E27].",9,"E1, E2, E3, E23, E24, E25, E27",,29,29,0.537551643,65.79355863,10.07231951,62.94875622,10.02746269,0.833333333,1,0.307692308,0.516880952,7.793537801,9.725611199,10.75043523,10.92338308
37741809,miRNA as biomarker in lung cancer.,https://pubmed.ncbi.nlm.nih.gov/37741809/,"Lung cancer has a high prevalence and mortality due to its late diagnosis and limited treatment, so it is essential to find biomarkers that allow a faster diagnosis and improve the survival of these patients. In this sense, biomarkers based on miRNAs have supposed a considerable advance. miRNAs, which are small RNA sequences, can regulate gene expression, so they play an essential role not only as a diagnostic biomarker but also as a therapeutic and prognostic one. Also, miRNA biomarkers can be obtained from liquid biopsies, which are less intrusive than lung biopsies, and have better accessibility, safety and repeatability, which allows using those biomarkers both for diagnosis and monitoring of patients. In this review, we highlight the importance of miRNAs and collect the existing evidence of their relationship with lung cancer.",Available,"This study looks at lung cancer and a lab sign called a “biomarker” that may help find the disease sooner (Abstract, sentence 1). Lung cancer is often found late, and many people die from it, so we need better ways to test for it and to guide care (Abstract, sentence 1). The team looked at many past studies to learn how tiny gene control pieces, called miRNAs, link to lung cancer (Abstract, sentence 5). These miRNAs are small parts in cells that can turn genes on or off, so they may help us tell if cancer is there, how it may act, and how it may respond to care (Abstract, sentence 3). The writers explain that miRNA tests have already given a big step forward as new biomarkers for lung cancer (Abstract, sentence 2). They also note that we can measure these miRNAs from a blood draw or other body fluid, called a “liquid biopsy,” instead of a lung tissue sample (Abstract, sentence 4). This kind of test is less painful, safer, and can be done many times to watch the disease over time (Abstract, sentence 4). In the future, miRNA blood tests may help doctors find lung cancer earlier and track how well your treatment works (Abstract, sentence 3).","This research looks at new lab tests to help find and track lung cancer using tiny blood or spit samples instead of cutting into the lung (Abstract, para. 1). Lung cancer is very common and often found late, when it is hard to treat, so we need better ways to find it early and to choose the best treatment for each person (Introduction, para. 1). This work may help people at high risk, like smokers, and people who cannot safely have a lung biopsy (Body, para. 4). The team reviewed many studies on “miRNAs,” which are very small molecules in cells that help turn genes on or off (Body, para. 9). We can measure these miRNAs in blood, spit, or other body fluids, which is called a “liquid biopsy” (Body, para. 7). They found that some miRNAs are higher or lower in people with lung cancer and can help tell who has cancer and what type it is (Body, para. 13). For example, one miRNA in spit found lung cancer with 70% sensitivity and 100% specificity, and others in blood reached about 86% sensitivity and 97% specificity (Body, para. 14). Some miRNAs also link to how long people live and how well they respond to chemo or immune drugs (Body, para. 17). In the future, doctors may use miRNA blood or spit tests along with scans to find lung cancer earlier and guide treatment choices (Conclusion, para. 1).","This research looks at new lab tests to help find and track lung cancer using tiny blood or spit samples instead of cutting into the lung. Lung cancer is very common and often found late, when it is hard to treat, so we need better ways to find it early and to choose the best treatment for each person. This work may help people at high risk, like smokers, and people who cannot safely have a lung biopsy. The team reviewed many studies on “miRNAs,” which are very small molecules in cells that help turn genes on or off. We can measure these miRNAs in blood, spit, or other body fluids, which is called a “liquid biopsy”. They found that some miRNAs are higher or lower in people with lung cancer and can help tell who has cancer and what type it is. For example, one miRNA in spit found lung cancer with 70% sensitivity and 100% specificity, and others in blood reached about 86% sensitivity and 97% specificity. Some miRNAs also link to how long people live and how well they respond to chemo or immune drugs. In the future, doctors may use miRNA blood or spit tests along with scans to find lung cancer earlier and guide treatment choices.","This research looks at new lab tests to help find and track lung cancer using tiny blood or spit samples instead of cutting into the lung. Lung cancer is very common and often found late, when it is hard to treat, so we need better ways to find it early and to choose the best treatment for each person. This work may help people at high risk, like smokers, and people who cannot safely have a lung biopsy. The team reviewed many studies on “miRNAs,” which are very small molecules in cells that help turn genes on or off. We can measure these miRNAs in blood, spit, or other body fluids, which is called a “liquid biopsy”. They found that some miRNAs are higher or lower in people with lung cancer and can help tell who has cancer and what type it is. For example, one miRNA in spit found lung cancer with 70% sensitivity and 100% specificity, and others in blood reached about 86% sensitivity and 97% specificity. Some miRNAs also link to how long people live and how well they respond to chemo or immune drugs. In the future, doctors may use miRNA blood or spit tests along with scans to find lung cancer earlier and guide treatment choices.","This research looks at new lab tests to help find and track lung cancer using tiny blood or spit samples instead of cutting into the lung [E1].  

Lung cancer is very common and often found late, when it is hard to treat, so we need better ways to find it early and to choose the best treatment for each person [E2]. This work may help people at high risk, like smokers, and people who cannot safely have a lung biopsy [E8].  

The team reviewed many studies on “miRNAs,” which are very small molecules in cells that help turn genes on or off [E13]. We can measure these miRNAs in blood, spit, or other body fluids, which is called a “liquid biopsy” [E11].  

They found that some miRNAs are higher or lower in people with lung cancer and can help tell who has cancer and what type it is [E17]. For example, one miRNA in spit found lung cancer with 70% sensitivity and 100% specificity, and others in blood reached about 86% sensitivity and 97% specificity [E18]. Some miRNAs also link to how long people live and how well they respond to chemo or immune drugs [E21].  

In the future, doctors may use miRNA blood or spit tests along with scans to find lung cancer earlier and guide treatment choices [E23].",9,"E1, E2, E8, E13, E11, E17, E18, E21, E23",,23,23,0.550237944,67.79410714,10.32464286,65.96211164,9.883191153,0.9,1,0.5,0.598681789,6.627428351,8.841846275,10.88095238,11.08393892
38054903,COVID-19 and lung cancer.,https://pubmed.ncbi.nlm.nih.gov/38054903/,"COVID-19 pandemic had affected health services around the world, also reducing the diagnosis of lung cancer. On the other hand, examination of surgical specimens in patients with lung cancer and SARS-CoV-2 gave the opportunity to evidence early histologic features related to this emerging pandemic. Different prioritization of health organizations during COVID-19 pandemic resulted in a significant decline of lung cancer screening (up to 56%), delayed diagnosis (up to 30-40%) and higher advanced stage, with some exceptions (i.e., Canada). Increased use of stereotactic radiation treatments in stage I-IIA have been noticed in better-organized health systems. Surgical specimens performed for lung cancer in patients with incipient SARS-CoV-2 permitted to appreciate early histologic findings of COVID-19 with hyperplastic pneumocytes with/without fibrin exudate, alveolar macrophages/myeloid cells, perivascular T-lymphocytic infiltrate and lack of hyaline membrane. While the COVID-19 pandemic has declined the rate of lung cancer diagnosis worldwide, some institutions have significantly limited detrimental effects. Histology related to early SARS-CoV-2 infection in surgical samples for lung cancer revealed specific histologic changes.",Available,"This research looks at how the COVID-19 virus changed lung cancer care and what we can see in lung tissue from people who had both lung cancer and early COVID-19 infection (Abstract, sentence 1). We need this study because, during the pandemic, many people had fewer health visits and tests, so lung cancer was often found later, when it was harder to treat (Abstract, sentence 1). This work may help people with lung cancer now and in future health crises (Abstract, sentence 6). The team looked at health records to see how often lung cancer was found and treated during COVID-19 (Abstract, sentence 3). They also studied lung tissue removed during surgery from people who had lung cancer and early COVID-19 infection (Abstract, sentence 2). They found that lung cancer checks fell by up to a little more than half, and many people were told they had cancer later than they should have been (Abstract, sentence 3). In some places with strong health systems, doctors used more focused radiation instead of surgery for early lung cancer (Abstract, sentence 4). In the lung tissue, they saw clear early changes from COVID-19 infection (Abstract, sentence 7). These results show that good planning can protect cancer care in a crisis and that lung tissue from surgery can teach us about new diseases (Abstract, sentence 6).","This research looks at how the COVID-19 virus changed lung cancer care and what we can learn from lung tissue taken during cancer surgery (Introduction, para. 5). We need this study because many people had delays in lung cancer tests and care during the pandemic, which can lead to cancer found at a later, harder-to-treat stage (Introduction, para. 2). This may affect you or someone you know who needs lung checks or treatment (Body, para. 11). The team reviewed reports from many countries on lung cancer visits, scans, surgery, and other treatments before and during COVID-19 (Body, para. 1). They also studied lung tissue from people who had lung cancer surgery and were later found to have early COVID-19 infection (Introduction, para. 4). They found fewer lung cancer checks, fewer new cases found, and more people with advanced cancer in many places (Body, para. 6). Surgery often dropped, while more people got radiation or drug treatment instead (Body, para. 5). In some centers that kept cancer surgery as a top need, results for patients stayed about the same (Body, para. 22). In lung tissue from people with early COVID-19, they saw mild but clear lung damage that was different from what is seen in people who die of the disease (Body, para. 31). These findings may help health systems plan so that, in future crises, lung cancer care can stay on track while doctors also learn more about new lung infections (Conclusion, para. 1).","This research looks at how the COVID-19 virus changed lung cancer care and what we can learn from lung tissue taken during cancer surgery. We need this study because many people had delays in lung cancer tests and care during the pandemic, which can lead to cancer found at a later, harder-to-treat stage. This may affect you or someone you know who needs lung checks or treatment. The team reviewed reports from many countries on lung cancer visits, scans, surgery, and other treatments before and during COVID-19. They also studied lung tissue from people who had lung cancer surgery and were later found to have early COVID-19 infection. They found fewer lung cancer checks, fewer new cases found, and more people with advanced cancer in many places. Surgery often dropped, while more people got radiation or drug treatment instead. In some centers that kept cancer surgery as a top need, results for patients stayed about the same. In lung tissue from people with early COVID-19, they saw mild but clear lung damage that was different from what is seen in people who die of the disease. These findings may help health systems plan so that, in future crises, lung cancer care can stay on track while doctors also learn more about new lung infections.","This research looks at how the COVID-19 virus changed lung cancer care and what we can learn from lung tissue taken during cancer surgery. We need this study because many people had delays in lung cancer tests and care during the pandemic, which can lead to cancer found at a later, harder-to-treat stage. This may affect you or someone you know who needs lung checks or treatment. The team reviewed reports from many countries on lung cancer visits, scans, surgery, and other treatments before and during COVID-19. They also studied lung tissue from people who had lung cancer surgery and were later found to have early COVID-19 infection. They found fewer lung cancer checks, fewer new cases found, and more people with advanced cancer in many places. Surgery often dropped, while more people got radiation or drug treatment instead. In some centers that kept cancer surgery as a top need, results for patients stayed about the same. In lung tissue from people with early COVID-19, they saw mild but clear lung damage that was different from what is seen in people who die of the disease. These findings may help health systems plan so that, in future crises, lung cancer care can stay on track while doctors also learn more about new lung infections.","This research looks at how the COVID-19 virus changed lung cancer care and what we can learn from lung tissue taken during cancer surgery [E8].  

We need this study because many people had delays in lung cancer tests and care during the pandemic, which can lead to cancer found at a later, harder-to-treat stage [E5]. This may affect you or someone you know who needs lung checks or treatment [E19].  

The team reviewed reports from many countries on lung cancer visits, scans, surgery, and other treatments before and during COVID-19 [E9]. They also studied lung tissue from people who had lung cancer surgery and were later found to have early COVID-19 infection [E7].  

They found fewer lung cancer checks, fewer new cases found, and more people with advanced cancer in many places [E14]. Surgery often dropped, while more people got radiation or drug treatment instead [E13]. In some centers that kept cancer surgery as a top need, results for patients stayed about the same [E30]. In lung tissue from people with early COVID-19, they saw mild but clear lung damage that was different from what is seen in people who die of the disease [E39].  

These findings may help health systems plan so that, in future crises, lung cancer care can stay on track while doctors also learn more about new lung infections [E46].",10,"E8, E5, E19, E9, E7, E14, E13, E30, E39, E46",,51,51,0.694610398,60.99563063,10.87954955,64.53923364,9.573757009,0.642857143,0.952380952,0.45,0.877280969,8.841846275,9.12067884,11.48828829,10.42915888
38497774,From osimertinib to preemptive combinations.,https://pubmed.ncbi.nlm.nih.gov/38497774/,"Here, I suggest that while first-line osimertinib extends median progression-free survival (PFS) in EGFR-mutant lung cancer compared to first-generation TKIs, it reduces individual PFS in 15-20% of patients compared to first-generation TKIs. Since detecting a single resistant cell before treatment is usually impossible, osimertinib must be used in all patients as a first-line treatment, raising median PFS overall but harming some. The simplest remedy is a preemptive combination (PC) of osimertinib and gefitinib. A comprehensive PC (osimertinib, afatinib/gefitinib, and capmatinib) could dramatically increase PFS for 80% of patients compared to osimertinib alone, without harming anyone. This article also explores PCs for MET-driven lung cancer.",Available,"This study looks at a type of lung cancer that has a change in a growth gene, and how long people stay well on drug care before the cancer grows again (Abstract, sentence 1). Right now, many people get a drug called osimertinib as the first drug for this cancer (Abstract, sentence 1). It helps most people stay well longer than older drugs, but for about 15 to 20 out of 100 people, it may work for a shorter time than the old drugs did (Abstract, sentence 1). We cannot find the tiny cancer cells that resist this drug before we start care, so we must give this drug to all people first (Abstract, sentence 2). This helps the group as a whole, but it may hurt some people (Abstract, sentence 2). The writer of this paper suggests a new plan called “preemptive combination,” which means we give two or more drugs at the same time from the start (Abstract, sentence 3). One simple mix is osimertinib plus another drug called gefitinib (Abstract, sentence 3). A larger mix adds afatinib or gefitinib and a drug called capmatinib to osimertinib (Abstract, sentence 4). In theory, this larger mix could make the time before the cancer grows much longer for about 80 out of 100 people, and not make it worse for anyone (Abstract, sentence 4). The paper also looks at similar drug mixes for lung cancer driven by a change in a gene called MET (Abstract, sentence 5). If later tests in people support this idea, these drug mixes may help more people stay well longer with this kind of lung cancer (Abstract, sentence 4).","This research looks at better drug plans for some types of lung cancer that have certain gene changes.(Abstract, para. 1)We focus on drugs that block these gene changes and on how cancer cells learn to resist them over time.(Introduction, para. 1)This work may help people with lung cancer that has changes in a gene called EGFR or a gene part called MET exon 14.(Introduction, para. 1)These people often do well at first on pills, but the cancer later grows again because a few cells are already hard to kill.(Introduction, para. 1)The writer studies past trial data and known gene changes to plan “preemptive” drug mixes.(Introduction, para. 4)In this plan, we give two or three drugs early to kill both the main cancer cells and the rare cells that can cause later drug resistance.(Introduction, para. 4)For EGFR‑driven cancer, using osimertinib alone gives a median time without growth of about 18.9 months, but some people do worse than with older drugs.(Abstract, para. 1)The author estimates that adding drugs like afatinib and capmatinib could prevent about 75% of known resistance and might raise this time to about 40 months for many patients.(Introduction, para. 9)For MET‑driven cancer, short‑term use of a second drug like cabozantinib with capmatinib may also delay resistance.(Introduction, para. 12)If future trials confirm these ideas, doctors may use planned drug mixes from the start to keep these lung cancers under control for a longer time.(Introduction, para. 10)","This research looks at better drug plans for some types of lung cancer that have certain gene changes. We focus on drugs that block these gene changes and on how cancer cells learn to resist them over time. This work may help people with lung cancer that has changes in a gene called EGFR or a gene part called MET exon 14. These people often do well at first on pills, but the cancer later grows again because a few cells are already hard to kill. The writer studies past trial data and known gene changes to plan “preemptive” drug mixes. In this plan, we give two or three drugs early to kill both the main cancer cells and the rare cells that can cause later drug resistance. For EGFR‑driven cancer, using osimertinib alone gives a median time without growth of about 18.9 months, but some people do worse than with older drugs. The author estimates that adding drugs like afatinib and capmatinib could prevent about 75% of known resistance and might raise this time to about 40 months for many patients. For MET‑driven cancer, short‑term use of a second drug like cabozantinib with capmatinib may also delay resistance. If future trials confirm these ideas, doctors may use planned drug mixes from the start to keep these lung cancers under control for a longer time.","This research looks at better drug plans for some types of lung cancer that have certain gene changes. We focus on drugs that block these gene changes and on how cancer cells learn to resist them over time. This work may help people with lung cancer that has changes in a gene called EGFR or a gene part called MET exon 14. These people often do well at first on pills, but the cancer later grows again because a few cells are already hard to kill. The writer studies past trial data and known gene changes to plan “preemptive” drug mixes. In this plan, we give two or three drugs early to kill both the main cancer cells and the rare cells that can cause later drug resistance. For EGFR‑driven cancer, using osimertinib alone gives a median time without growth of about 18.9 months, but some people do worse than with older drugs. The author estimates that adding drugs like afatinib and capmatinib could prevent about 75% of known resistance and might raise this time to about 40 months for many patients. For MET‑driven cancer, short‑term use of a second drug like cabozantinib with capmatinib may also delay resistance. If future trials confirm these ideas, doctors may use planned drug mixes from the start to keep these lung cancers under control for a longer time.","This research looks at better drug plans for some types of lung cancer that have certain gene changes.[E1] We focus on drugs that block these gene changes and on how cancer cells learn to resist them over time.[E2]

This work may help people with lung cancer that has changes in a gene called EGFR or a gene part called MET exon 14.[E2] These people often do well at first on pills, but the cancer later grows again because a few cells are already hard to kill.[E2]

The writer studies past trial data and known gene changes to plan “preemptive” drug mixes.[E5] In this plan, we give two or three drugs early to kill both the main cancer cells and the rare cells that can cause later drug resistance.[E5]

For EGFR‑driven cancer, using osimertinib alone gives a median time without growth of about 18.9 months, but some people do worse than with older drugs.[E1] The author estimates that adding drugs like afatinib and capmatinib could prevent about 75% of known resistance and might raise this time to about 40 months for many patients.[E10] For MET‑driven cancer, short‑term use of a second drug like cabozantinib with capmatinib may also delay resistance.[E15]

If future trials confirm these ideas, doctors may use planned drug mixes from the start to keep these lung cancers under control for a longer time.[E11]",10,"E1, E2, E5, E10, E15, E11",,17,17,0.481375494,68.54643331,9.88658925,69.51363636,8.645050505,0.764705882,1,0.357142857,0.656350024,8.575989855,9.339509956,10.98553417,10.31515152
38561776,"Liquid biopsy techniques and lung cancer: diagnosis, monitoring and evaluation.",https://pubmed.ncbi.nlm.nih.gov/38561776/,"Lung cancer stands as the most prevalent form of cancer globally, posing a significant threat to human well-being. Due to the lack of effective and accurate early diagnostic methods, many patients are diagnosed with advanced lung cancer. Although surgical resection is still a potential means of eradicating lung cancer, patients with advanced lung cancer usually miss the best chance for surgical treatment, and even after surgical resection patients may still experience tumor recurrence. Additionally, chemotherapy, the mainstay of treatment for patients with advanced lung cancer, has the potential to be chemo-resistant, resulting in poor clinical outcomes. The emergence of liquid biopsies has garnered considerable attention owing to their noninvasive nature and the ability for continuous sampling. Technological advancements have propelled circulating tumor cells (CTCs), circulating tumor DNA (ctDNA), extracellular vesicles (EVs), tumor metabolites, tumor-educated platelets (TEPs), and tumor-associated antigens (TAA) to the forefront as key liquid biopsy biomarkers, demonstrating intriguing and encouraging results for early diagnosis and prognostic evaluation of lung cancer. This review provides an overview of molecular biomarkers and assays utilized in liquid biopsies for lung cancer, encompassing CTCs, ctDNA, non-coding RNA (ncRNA), EVs, tumor metabolites, TAAs and TEPs. Furthermore, we expound on the practical applications of liquid biopsies, including early diagnosis, treatment response monitoring, prognostic evaluation, and recurrence monitoring in the context of lung cancer.",Available,"This study looks at new blood tests to help find and track lung cancer. (Abstract, sentence 7)Lung cancer is the most common cancer in the world and can be very deadly. (Abstract, sentence 1)Many people learn they have lung cancer only when it is at a late stage, because we do not have good tests to find it early. (Abstract, sentence 2)At that point, surgery may not be possible, or the cancer may come back even after surgery. (Abstract, sentence 3)Drug treatment called chemo can also stop working over time, so many people still do poorly. (Abstract, sentence 4)The writers of this paper read and summed up many past studies on “liquid biopsy,” which is a test that looks for cancer signs in blood or other body fluids. (Abstract, sentence 5)They looked at many blood markers, such as bits of tumor cells, bits of tumor genes, tiny fluid bags from tumors, and other tumor-linked parts. (Abstract, sentence 6)They found that these blood markers can help with early lung cancer find, check how well treatment works, guess outlook, and watch for cancer coming back. (Abstract, sentence 8)If future tests prove safe and exact, you may one day have a simple blood test to help find lung cancer early and to guide your care over time. (Abstract, sentence 5)","This research looks at new blood and body fluid tests, called liquid biopsy, to help find and track lung cancer.(Abstract, para. 1)We need better tests because many people learn they have lung cancer only when it is already late and hard to treat.(Introduction, para. 1)These new tests may help people at risk for lung cancer, people just diagnosed, and people already in treatment.(Body, para. 4)In a liquid biopsy, we take a small sample of blood, or sometimes urine or spit, and look for tiny signs from the tumor, such as cancer cells, bits of tumor DNA, small RNA pieces, tiny fluid “packages” from cells, blood platelets changed by the tumor, and tumor-linked proteins.(Introduction, para. 2)The authors review how labs collect and measure these markers and how well they work.(Methods, para. 1)They report that some markers can tell lung cancer from non‑cancer with about 80–90% accuracy, and in some studies early lung cancer was found in about half of stage I cases and nearly all later stages.(Body, para. 6)Other markers in blood or platelets can help judge if treatment is working and if the cancer may come back.(Body, para. 1)These findings suggest that, after more testing, liquid biopsy could be used along with scans to help doctors find lung cancer sooner and better match and adjust treatment for each person.(Conclusion, para. 2)","This research looks at new blood and body fluid tests, called liquid biopsy, to help find and track lung cancer. We need better tests because many people learn they have lung cancer only when it is already late and hard to treat. These new tests may help people at risk for lung cancer, people just diagnosed, and people already in treatment. In a liquid biopsy, we take a small sample of blood, or sometimes urine or spit, and look for tiny signs from the tumor, such as cancer cells, bits of tumor DNA, small RNA pieces, tiny fluid “packages” from cells, blood platelets changed by the tumor, and tumor-linked proteins. The authors review how labs collect and measure these markers and how well they work. They report that some markers can tell lung cancer from non‑cancer with about 80–90% accuracy, and in some studies early lung cancer was found in about half of stage I cases and nearly all later stages. Other markers in blood or platelets can help judge if treatment is working and if the cancer may come back. These findings suggest that, after more testing, liquid biopsy could be used along with scans to help doctors find lung cancer sooner and better match and adjust treatment for each person.","This research looks at new blood and body fluid tests, called liquid biopsy, to help find and track lung cancer. We need better tests because many people learn they have lung cancer only when it is already late and hard to treat. These new tests may help people at risk for lung cancer, people just diagnosed, and people already in treatment. In a liquid biopsy, we take a small sample of blood, or sometimes urine or spit, and look for tiny signs from the tumor, such as cancer cells, bits of tumor DNA, small RNA pieces, tiny fluid “packages” from cells, blood platelets changed by the tumor, and tumor-linked proteins. The authors review how labs collect and measure these markers and how well they work. They report that some markers can tell lung cancer from non‑cancer with about 80–90% accuracy, and in some studies early lung cancer was found in about half of stage I cases and nearly all later stages. Other markers in blood or platelets can help judge if treatment is working and if the cancer may come back. These findings suggest that, after more testing, liquid biopsy could be used along with scans to help doctors find lung cancer sooner and better match and adjust treatment for each person.","This research looks at new blood and body fluid tests, called liquid biopsy, to help find and track lung cancer.[E1] 

We need better tests because many people learn they have lung cancer only when it is already late and hard to treat.[E2] These new tests may help people at risk for lung cancer, people just diagnosed, and people already in treatment.[E35] 

In a liquid biopsy, we take a small sample of blood, or sometimes urine or spit, and look for tiny signs from the tumor, such as cancer cells, bits of tumor DNA, small RNA pieces, tiny fluid “packages” from cells, blood platelets changed by the tumor, and tumor-linked proteins.[E3] The authors review how labs collect and measure these markers and how well they work.[E4] 

They report that some markers can tell lung cancer from non‑cancer with about 80–90% accuracy, and in some studies early lung cancer was found in about half of stage I cases and nearly all later stages.[E37] Other markers in blood or platelets can help judge if treatment is working and if the cancer may come back.[E32] 

These findings suggest that, after more testing, liquid biopsy could be used along with scans to help doctors find lung cancer sooner and better match and adjust treatment for each person.[E70]",8,"E1, E2, E35, E3, E4, E37, E32, E70",,72,72,0.555733309,68.63069816,9.077608295,60.22051887,11.44311321,0.954545455,1,0.541812136,0.674327778,7.16862163,9.516144504,9.417327189,12.10943396
39337530,Emerging Targets in Non-Small Cell Lung Cancer.,https://pubmed.ncbi.nlm.nih.gov/39337530/,"Lung cancer is responsible for a high burden of disease globally. Over the last two decades, the discovery of targetable oncogenic genomic alterations has revolutionized the treatment landscape for early-stage and advanced non-small cell lung cancer (NSCLC). New molecular drivers continue to emerge as promising therapeutic targets, including KRAS non-G12C, RAF/MEK, HER3, Nectin-4, folate receptor alpha, ITGB6, and PRMT5. In this review, we summarize the emerging molecular targets with a potential clinical impact in advanced NSCLC, elaborating on their clinical characteristics and specific mechanisms and molecular pathways for which targeted treatments are currently available. Additionally, we present an aggregate of ongoing clinical trials investigating the available treatment options targeting such alterations, in addition to their current recruitment status and preliminary efficacy data. These advancements may guide further research endeavors and inform future treatment strategies to improve the management of and transform outcomes for patients with advanced NSCLC.",Available,"This research paper looks at new ways to treat a common type of lung cancer called non‑small cell lung cancer, or NSCLC (Abstract, sentence 1). It may help people who have lung cancer that has spread and is hard to treat with standard care (Abstract, sentence 6). We need this study because lung cancer causes many deaths around the world, and many people still do not live long even with current drugs (Abstract, sentence 1). In the last 20 years, doctors have found some gene changes in lung cancer cells that we can target with special drugs, and this has already changed care for many patients (Abstract, sentence 2). In this work, the team read and summed up many past studies and trials on new gene changes that may be used as drug targets in advanced NSCLC (Abstract, sentence 4). They looked at changes in several genes and cell parts, such as KRAS, RAF/MEK, HER3, Nectin‑4, folate receptor alpha, ITGB6, and PRMT5 (Abstract, sentence 3). They also listed current drug trials, if they are still signing up patients, and early signs of how well the drugs work (Abstract, sentence 5). The authors say these new targets and trials may help guide future research and give doctors more choices to treat people with advanced NSCLC (Abstract, sentence 6).","This research looks at new drug targets for a common type of lung cancer called non‑small cell lung cancer, or NSCLC (Abstract, para. 1). We need this work because lung cancer is a top cause of cancer death, and many people still die even with chemo and newer drugs (Introduction, para. 1). It may help people whose tumors have certain gene changes that current drugs do not treat well (Abstract, para. 1). The team reviewed many lab and human studies that test drugs aimed at these gene changes, such as KRAS, BRAF, HER3, Nectin‑4, folate receptor alpha, ITGB6, and PRMT5 (Abstract, para. 1). They looked at how often these changes appear, how they drive cancer growth, and how well new drugs and drug pairs worked in early trials (Abstract, para. 1). They found several drugs that shrank tumors or slowed growth in some patients, with response rates often around 20–60% and control of disease for several months (Body, para. 4). Some drugs, like KRAS G12C blockers and BRAF‑MEK drug pairs, already have approval for certain lung cancers (Body, para. 4)(Body, para. 14). Others, such as HER3‑ and Nectin‑4‑targeted drugs, showed promise but also caused side effects like low blood counts, rash, or tiredness (Body, para. 23)(Body, para. 27). These results suggest more people with advanced NSCLC may get matched to drugs that fit their tumor’s gene changes in the future (Conclusion, para. 1).","This research looks at new drug targets for a common type of lung cancer called non‑small cell lung cancer, or NSCLC. We need this work because lung cancer is a top cause of cancer death, and many people still die even with chemo and newer drugs. It may help people whose tumors have certain gene changes that current drugs do not treat well. The team reviewed many lab and human studies that test drugs aimed at these gene changes, such as KRAS, BRAF, HER3, Nectin‑4, folate receptor alpha, ITGB6, and PRMT5. They looked at how often these changes appear, how they drive cancer growth, and how well new drugs and drug pairs worked in early trials. They found several drugs that shrank tumors or slowed growth in some patients, with response rates often around 20–60% and control of disease for several months. Some drugs, like KRAS G12C blockers and BRAF‑MEK drug pairs, already have approval for certain lung cancers. Others, such as HER3‑ and Nectin‑4‑targeted drugs, showed promise but also caused side effects like low blood counts, rash, or tiredness. These results suggest more people with advanced NSCLC may get matched to drugs that fit their tumor’s gene changes in the future.","This research looks at new drug targets for a common type of lung cancer called non‑small cell lung cancer, or NSCLC. We need this work because lung cancer is a top cause of cancer death, and many people still die even with chemo and newer drugs. It may help people whose tumors have certain gene changes that current drugs do not treat well. The team reviewed many lab and human studies that test drugs aimed at these gene changes, such as KRAS, BRAF, HER3, Nectin‑4, folate receptor alpha, ITGB6, and PRMT5. They looked at how often these changes appear, how they drive cancer growth, and how well new drugs and drug pairs worked in early trials. They found several drugs that shrank tumors or slowed growth in some patients, with response rates often around 20–60% and control of disease for several months. Some drugs, like KRAS G12C blockers and BRAF‑MEK drug pairs, already have approval for certain lung cancers. Others, such as HER3‑ and Nectin‑4‑targeted drugs, showed promise but also caused side effects like low blood counts, rash, or tiredness. These results suggest more people with advanced NSCLC may get matched to drugs that fit their tumor’s gene changes in the future.","This research looks at new drug targets for a common type of lung cancer called non‑small cell lung cancer, or NSCLC [E1].  

We need this work because lung cancer is a top cause of cancer death, and many people still die even with chemo and newer drugs [E2]. It may help people whose tumors have certain gene changes that current drugs do not treat well [E1].  

The team reviewed many lab and human studies that test drugs aimed at these gene changes, such as KRAS, BRAF, HER3, Nectin‑4, folate receptor alpha, ITGB6, and PRMT5 [E1]. They looked at how often these changes appear, how they drive cancer growth, and how well new drugs and drug pairs worked in early trials [E1].  

They found several drugs that shrank tumors or slowed growth in some patients, with response rates often around 20–60% and control of disease for several months [E6]. Some drugs, like KRAS G12C blockers and BRAF‑MEK drug pairs, already have approval for certain lung cancers [E6][E16]. Others, such as HER3‑ and Nectin‑4‑targeted drugs, showed promise but also caused side effects like low blood counts, rash, or tiredness [E25][E29].  

These results suggest more people with advanced NSCLC may get matched to drugs that fit their tumor’s gene changes in the future [E41].",11,"E1, E2, E6, E16, E25, E29, E41",,41,41,0.568405438,65.07363191,10.92146889,69.71824532,9.110858086,0.666666667,1,0.388888889,0.51355,7.16862163,8.167268649,11.40299539,10.16589659
39408656,MicroRNAs in Lung Cancer Brain Metastasis.,https://pubmed.ncbi.nlm.nih.gov/39408656/,"Brain metastasis is a significant clinical challenge for patients with advanced lung cancer, occurring in about 20-40% of cases. Brain metastasis causes severe neurological symptoms, leading to a poor prognosis and contributing significantly to lung cancer-related mortality. However, the underlying molecular mechanism behind brain metastasis remains largely unknown. MicroRNAs (miRNAs) are small, non-coding RNAs linked to several aspects of cancer progression, including metastasis. In the context of lung cancer, significant research has shown the involvement of miRNAs in regulating critical pathways related to metastatic spread to the brain. This review summarizes the scientific evidence regarding the regulatory roles of intra- and extracellular miRNAs, which specifically drive the spread of lung cancer cells to the brain. It also revises the known molecular mechanisms of brain metastasis, focusing on those from lung cancer as the primary tumor to better understand the complex mechanisms underlying this regulation. Understanding these complex regulatory mechanisms holds promise for developing novel diagnostic biomarkers and potential therapeutic strategies in brain metastasis.",Available,"This research looks at why lung cancer often spreads to the brain and how tiny gene control parts, called microRNAs, may play a role (Abstract, sentence 1). Brain spread can cause bad brain and nerve signs, shorten life, and is a major cause of death in people with lung cancer (Abstract, sentence 2). We need this study because many people with advanced lung cancer, about 2 to 4 out of 10, get cancer in the brain, but we still do not know clearly how or why this happens (Abstract, sentence 1). The writers of this paper did not test new drugs (Abstract, sentence 6). They read and summed up many past lab and clinic studies on microRNAs and brain spread in lung cancer (Abstract, sentence 6). MicroRNAs are very small parts in cells that help turn genes on or off and can affect how cancer grows and moves in the body (Abstract, sentence 4). The team found that some microRNAs inside and outside cells can push or block lung cancer cells from moving to the brain (Abstract, sentence 5)(Abstract, sentence 6). They also pulled together what is known about the gene and cell steps that lead to brain spread from lung tumors (Abstract, sentence 7). These findings may help us one day use microRNAs as lab tests to spot brain spread early or as targets for new drugs to slow or stop it (Abstract, sentence 8).","This research looks at why lung cancer often spreads to the brain and how tiny gene control switches, called microRNAs, may be part of this process (Abstract, para. 1). We need this work because 20–40 out of 100 people with lung cancer will get cancer spots in the brain, which can shorten life and limit treatment choices (Abstract, para. 1)(Introduction, para. 1). If we can find early warning signs in blood or tissue, we may help plan care sooner (Body, para. 17). The authors read and summed up many lab and animal studies on lung cancer that moves to the brain (Introduction, para. 3). They looked at how microRNAs inside cells and in blood change the brain’s blood barrier, help cancer cells move, grow, and live in the brain (Introduction, para. 2)(Body, para. 16). They found some microRNAs that seem to protect you, and others that seem to help cancer spread (Conclusion, para. 2). For example, low levels of miR-95-3p, miR-145-5p, miR-596-3p, and miR-4317 in tumors made brain spread worse in animal tests, while high levels of miR-330-3p and miR-423-5p also pushed brain spread (Conclusion, para. 2). Some microRNAs in blood, like miR-21 and miR-330-3p, may help predict who will later get brain spots (Body, para. 17)(Body, para. 18). These findings may guide new lab tests to spot risk and, in the future, new drugs that raise helpful microRNAs or block harmful ones, but this is still at an early, research-only stage (Body, para. 34)(Conclusion, para. 4).","This research looks at why lung cancer often spreads to the brain and how tiny gene control switches, called microRNAs, may be part of this process. We need this work because 20–40 out of 100 people with lung cancer will get cancer spots in the brain, which can shorten life and limit treatment choices. If we can find early warning signs in blood or tissue, we may help plan care sooner. The authors read and summed up many lab and animal studies on lung cancer that moves to the brain. They looked at how microRNAs inside cells and in blood change the brain’s blood barrier, help cancer cells move, grow, and live in the brain. They found some microRNAs that seem to protect you, and others that seem to help cancer spread. For example, low levels of miR-95-3p, miR-145-5p, miR-596-3p, and miR-4317 in tumors made brain spread worse in animal tests, while high levels of miR-330-3p and miR-423-5p also pushed brain spread. Some microRNAs in blood, like miR-21 and miR-330-3p, may help predict who will later get brain spots. These findings may guide new lab tests to spot risk and, in the future, new drugs that raise helpful microRNAs or block harmful ones, but this is still at an early, research-only stage.","This research looks at why lung cancer often spreads to the brain and how tiny gene control switches, called microRNAs, may be part of this process. We need this work because 20–40 out of 100 people with lung cancer will get cancer spots in the brain, which can shorten life and limit treatment choices. If we can find early warning signs in blood or tissue, we may help plan care sooner. The authors read and summed up many lab and animal studies on lung cancer that moves to the brain. They looked at how microRNAs inside cells and in blood change the brain’s blood barrier, help cancer cells move, grow, and live in the brain. They found some microRNAs that seem to protect you, and others that seem to help cancer spread. For example, low levels of miR-95-3p, miR-145-5p, miR-596-3p, and miR-4317 in tumors made brain spread worse in animal tests, while high levels of miR-330-3p and miR-423-5p also pushed brain spread. Some microRNAs in blood, like miR-21 and miR-330-3p, may help predict who will later get brain spots. These findings may guide new lab tests to spot risk and, in the future, new drugs that raise helpful microRNAs or block harmful ones, but this is still at an early, research-only stage.","This research looks at why lung cancer often spreads to the brain and how tiny gene control switches, called microRNAs, may be part of this process [E1].  

We need this work because 20–40 out of 100 people with lung cancer will get cancer spots in the brain, which can shorten life and limit treatment choices [E1][E2]. If we can find early warning signs in blood or tissue, we may help plan care sooner [E21].  

The authors read and summed up many lab and animal studies on lung cancer that moves to the brain [E4]. They looked at how microRNAs inside cells and in blood change the brain’s blood barrier, help cancer cells move, grow, and live in the brain [E3][E20].  

They found some microRNAs that seem to protect you, and others that seem to help cancer spread [E40]. For example, low levels of miR-95-3p, miR-145-5p, miR-596-3p, and miR-4317 in tumors made brain spread worse in animal tests, while high levels of miR-330-3p and miR-423-5p also pushed brain spread [E40]. Some microRNAs in blood, like miR-21 and miR-330-3p, may help predict who will later get brain spots [E21][E22].  

These findings may guide new lab tests to spot risk and, in the future, new drugs that raise helpful microRNAs or block harmful ones, but this is still at an early, research-only stage [E38][E42].",13,"E1, E2, E21, E4, E3, E20, E40, E22, E38, E42",,43,43,0.537268701,70.16774953,9.986666667,74.78177149,8.680628931,0.944444444,1,0.5,0.69855,7.793537801,9.150863308,11.33634652,10.93165618
39497438,Lung cancer and obesity: A contentious relationship (Review).,https://pubmed.ncbi.nlm.nih.gov/39497438/,"The global obesity epidemic, attributed to sedentary lifestyles, unhealthy diets, genetics and environmental factors, has led to over 1.9 billion adults being classified as overweight and 650 million living with obesity. Despite advancements in early detection and treatment, lung cancer prognosis remains poor due to late diagnoses and limited therapies. The obesity paradox challenges conventional thinking by suggesting that individuals with obesity and certain diseases, including cancer, may have an improved prognosis compared with their counterparts of a normal weight. This observation has prompted investigations to understand protective mechanisms, including potentially favorable adipokine secretion and metabolic reserves that contribute to tolerating cancer treatments. However, understanding the association between obesity and lung cancer is complex. While smoking is the primary risk factor of lung cancer, obesity may independently impact lung cancer risk, particularly in non‑smokers. Adipose tissue dysfunction, including low‑grade chronic inflammation, and hormonal changes contribute to lung cancer development and progression. Obesity‑related factors may also influence treatment responses and survival outcomes in patients with lung cancer. The impact of obesity on treatment modalities such as chemotherapy, radiotherapy and surgery is still under investigation. Challenges in managing patients with obesity and cancer include increased surgical complexity, higher rates of postoperative complications and limited treatment options due to comorbidities. Targeted interventions aimed at reducing obesity prevalence and promoting healthy lifestyles are crucial for lung cancer prevention. The impact of obesity on lung cancer is multifaceted and requires further research to elucidate the underlying mechanisms and develop personalized interventions for prevention and treatment.",Available,"This research looks at how extra body weight and lung cancer may be linked (Abstract, sentence 5). It asks if weight can change your chance of lung cancer and how well you may do after you get it (Abstract, sentence 8). We need this study because many people in the world now live with extra weight or obesity, and lung cancer still has a poor outlook for many people (Abstract, sentence 1). It may help people who have obesity, people at risk for lung cancer, and their care teams (Abstract, sentence 2). The team read and summed up past studies that looked at weight, lung cancer risk, and how people did with treatment (Abstract, sentence 6). They also looked at how body fat and body hormones may change cancer growth (Abstract, sentence 7). They found that smoking is still the main cause of lung cancer, but obesity may also raise risk, even in people who do not smoke (Abstract, sentence 6). They saw that body fat can cause long‑term mild swelling in the body and hormone shifts that may help lung cancer grow and spread (Abstract, sentence 7). They also found that obesity can make surgery and other care more hard and may change how well treatment works (Abstract, sentence 8). These results matter because they show we may lower lung cancer risk by cutting obesity and helping people live in more healthy ways (Abstract, sentence 11). More work is needed to learn how to give each person the best care based on their weight and body health (Abstract, sentence 12).","This research looks at how extra body weight and lung cancer are linked, and how this link can be both harmful and sometimes oddly helpful (Abstract, para. 1). We need this study because many adults now live with obesity, and lung cancer is still the top cause of cancer death (Introduction, para. 1)(Introduction, para. 2). If you or someone you love has lung cancer and also has obesity, this work may help doctors plan care more wisely (Abstract, para. 1). The team read many past studies that tracked body weight, lung cancer risk, and how long people lived after treatment (Introduction, para. 5). They also looked at work that measured belly fat on scans and checked how tumors and the immune system behaved (Methods, para. 1)(Methods, para. 3). They found that obesity can raise the chance of lung cancer, in part through long‑term body swelling and hormone changes (Abstract, para. 1)(Body, para. 6). But some people with higher body weight lived longer after lung cancer, a pattern called the “obesity paradox” (Body, para. 13). In several groups, people who were overweight or mildly obese had lower risk of death than those at “normal” weight, while very low or very high weight did worse (Body, para. 19)(Body, para. 26). These findings matter because they show weight alone does not tell the whole story, and doctors may need to look at fat type, muscle, and weight change over time when planning lung cancer care (Body, para. 79). Future work may help tailor treatments and dosing for people with both lung cancer and obesity (Conclusion, para. 7).","This research looks at how extra body weight and lung cancer are linked, and how this link can be both harmful and sometimes oddly helpful. We need this study because many adults now live with obesity, and lung cancer is still the top cause of cancer death. If you or someone you love has lung cancer and also has obesity, this work may help doctors plan care more wisely. The team read many past studies that tracked body weight, lung cancer risk, and how long people lived after treatment. They also looked at work that measured belly fat on scans and checked how tumors and the immune system behaved. They found that obesity can raise the chance of lung cancer, in part through long‑term body swelling and hormone changes. But some people with higher body weight lived longer after lung cancer, a pattern called the “obesity paradox”. In several groups, people who were overweight or mildly obese had lower risk of death than those at “normal” weight, while very low or very high weight did worse. These findings matter because they show weight alone does not tell the whole story, and doctors may need to look at fat type, muscle, and weight change over time when planning lung cancer care. Future work may help tailor treatments and dosing for people with both lung cancer and obesity.","This research looks at how extra body weight and lung cancer are linked, and how this link can be both harmful and sometimes oddly helpful. We need this study because many adults now live with obesity, and lung cancer is still the top cause of cancer death. If you or someone you love has lung cancer and also has obesity, this work may help doctors plan care more wisely. The team read many past studies that tracked body weight, lung cancer risk, and how long people lived after treatment. They also looked at work that measured belly fat on scans and checked how tumors and the immune system behaved. They found that obesity can raise the chance of lung cancer, in part through long‑term body swelling and hormone changes. But some people with higher body weight lived longer after lung cancer, a pattern called the “obesity paradox”. In several groups, people who were overweight or mildly obese had lower risk of death than those at “normal” weight, while very low or very high weight did worse. These findings matter because they show weight alone does not tell the whole story, and doctors may need to look at fat type, muscle, and weight change over time when planning lung cancer care. Future work may help tailor treatments and dosing for people with both lung cancer and obesity.","This research looks at how extra body weight and lung cancer are linked, and how this link can be both harmful and sometimes oddly helpful [E1].  

We need this study because many adults now live with obesity, and lung cancer is still the top cause of cancer death [E2][E3]. If you or someone you love has lung cancer and also has obesity, this work may help doctors plan care more wisely [E1].  

The team read many past studies that tracked body weight, lung cancer risk, and how long people lived after treatment [E6]. They also looked at work that measured belly fat on scans and checked how tumors and the immune system behaved [E17][E19].  

They found that obesity can raise the chance of lung cancer, in part through long‑term body swelling and hormone changes [E1][E12]. But some people with higher body weight lived longer after lung cancer, a pattern called the “obesity paradox” [E22]. In several groups, people who were overweight or mildly obese had lower risk of death than those at “normal” weight, while very low or very high weight did worse [E28][E35].  

These findings matter because they show weight alone does not tell the whole story, and doctors may need to look at fat type, muscle, and weight change over time when planning lung cancer care [E88]. Future work may help tailor treatments and dosing for people with both lung cancer and obesity [E99].",14,"E1, E2, E3, E6, E17, E19, E12, E22, E28, E35, E88, E99",,101,101,0.638771499,68.33112853,9.623023337,65.9800708,9.670902655,0.95,1,0.278712958,0.6035,7.348242739,7.90872645,10.41044932,10.27893805
40001110,Traditional Chinese medicine in lung cancer treatment.,https://pubmed.ncbi.nlm.nih.gov/40001110/,"Lung cancer remains a major global health challenge and one of the leading causes of cancer-related deaths worldwide. Despite significant advancements in treatment, challenges such as drug resistance, side effects, metastasis and recurrence continue to impact patient outcomes and quality of life. In response, there is growing interest in complementary and integrative approaches to cancer care. Traditional Chinese medicine (TCM), with its long history, abundant clinical experience, holistic perspective and individualized approach, has garnered increasing attention for its role in lung cancer prevention and management. This review provides a comprehensive overview of the advances in TCM for lung cancer treatment, covering its theoretical foundation, treatment principles, clinical experiences and evidence supporting its efficacy. We also provide a systematic summary of the preclinical mechanisms, through which TCM impacts lung cancer, including the induction of cell death, reversal of drug resistance, inhibition of metastasis and modulation of immune responses. Additionally, future prospects for TCM in lung cancer treatment are discussed, offering insights into its expanded application and integration with modern medicine to address this challenging disease.",Available,"This study looks at how care from old Chinese plant and herb plans may help people with lung cancer (Abstract, sentence 4). Lung cancer is one of the top causes of death from cancer in the world, so new and better care is still needed (Abstract, sentence 1). We need this kind of study because even with new drugs, many people still face drug side effects, drug stop‑working, spread of the cancer, and the cancer coming back (Abstract, sentence 2). You may care about this if you have lung cancer, care for someone with it, or want more than one kind of care plan (Abstract, sentence 3). The writers read and summed up many past lab and clinic reports on these Chinese care plans for lung cancer (Abstract, sentence 5). They looked at how these plans may help kill cancer cells, help drugs work again, slow spread, and help the body’s own guard cells fight the cancer (Abstract, sentence 6). They found signs that these plant and herb plans may help with both care and life quality when used with modern care, but more strong tests in people are still needed (Abstract, sentence 5). The study also talks about how, in the future, these care plans might be used more with standard lung cancer care to give people more choices (Abstract, sentence 7).","This research looks at how traditional Chinese medicine, or TCM, may help treat lung cancer when used with standard care like surgery, chemo, and newer targeted drugs (Abstract, para. 1). Lung cancer is common and often deadly, and many people still face drug side effects, high costs, and cancer coming back, even with modern treatment (Introduction, para. 1). This work may matter to you if you have lung cancer, care for someone with it, or are thinking about adding TCM to hospital care. The authors reviewed many lab and human studies on TCM herbs, pills, teas, and injections used with chemo and targeted drugs (Abstract, para. 1). They also looked at how TCM might help the immune system and slow cancer spread (Introduction, para. 2). They found that adding TCM to chemo or targeted drugs often improved tumour control, length of time before the cancer grew, and one‑ to three‑year survival, and it lowered side effects like low blood counts, nausea, and diarrhea in thousands of patients (Body, para. 7)(Body, para. 9). TCM after lung surgery was linked with fewer relapses and longer time without cancer coming back (Methods, para. 1). These results suggest TCM, when guided by trained doctors and used with standard care, may help some lung cancer patients feel better and live longer, but more high‑quality trials are still needed before it becomes routine care (Body, para. 14)(Body, para. 15).","This research looks at how traditional Chinese medicine, or TCM, may help treat lung cancer when used with standard care like surgery, chemo, and newer targeted drugs. Lung cancer is common and often deadly, and many people still face drug side effects, high costs, and cancer coming back, even with modern treatment. This work may matter to you if you have lung cancer, care for someone with it, or are thinking about adding TCM to hospital care. The authors reviewed many lab and human studies on TCM herbs, pills, teas, and injections used with chemo and targeted drugs. They also looked at how TCM might help the immune system and slow cancer spread. They found that adding TCM to chemo or targeted drugs often improved tumour control, length of time before the cancer grew, and one‑ to three‑year survival, and it lowered side effects like low blood counts, nausea, and diarrhea in thousands of patients. TCM after lung surgery was linked with fewer relapses and longer time without cancer coming back. These results suggest TCM, when guided by trained doctors and used with standard care, may help some lung cancer patients feel better and live longer, but more high‑quality trials are still needed before it becomes routine care.","This research looks at how traditional Chinese medicine, or TCM, may help treat lung cancer when used with standard care like surgery, chemo, and newer targeted drugs. Lung cancer is common and often deadly, and many people still face drug side effects, high costs, and cancer coming back, even with modern treatment. This work may matter to you if you have lung cancer, care for someone with it, or are thinking about adding TCM to hospital care. The authors reviewed many lab and human studies on TCM herbs, pills, teas, and injections used with chemo and targeted drugs. They also looked at how TCM might help the immune system and slow cancer spread. They found that adding TCM to chemo or targeted drugs often improved tumour control, length of time before the cancer grew, and one‑ to three‑year survival, and it lowered side effects like low blood counts, nausea, and diarrhea in thousands of patients. TCM after lung surgery was linked with fewer relapses and longer time without cancer coming back. These results suggest TCM, when guided by trained doctors and used with standard care, may help some lung cancer patients feel better and live longer, but more high‑quality trials are still needed before it becomes routine care.","This research looks at how traditional Chinese medicine, or TCM, may help treat lung cancer when used with standard care like surgery, chemo, and newer targeted drugs [E1].  

Lung cancer is common and often deadly, and many people still face drug side effects, high costs, and cancer coming back, even with modern treatment [E2]. This work may matter to you if you have lung cancer, care for someone with it, or are thinking about adding TCM to hospital care.  

The authors reviewed many lab and human studies on TCM herbs, pills, teas, and injections used with chemo and targeted drugs [E1]. They also looked at how TCM might help the immune system and slow cancer spread [E3].  

They found that adding TCM to chemo or targeted drugs often improved tumour control, length of time before the cancer grew, and one‑ to three‑year survival, and it lowered side effects like low blood counts, nausea, and diarrhea in thousands of patients [E11][E13]. TCM after lung surgery was linked with fewer relapses and longer time without cancer coming back [E18].  

These results suggest TCM, when guided by trained doctors and used with standard care, may help some lung cancer patients feel better and live longer, but more high‑quality trials are still needed before it becomes routine care [E20][E21].",9,"E1, E2, E3, E11, E13, E18, E20, E21",,81,81,0.514604811,70.80017096,10.30905269,55.98538462,11.90961538,1,1,0.323088235,0.896066667,5.985473137,10.68635297,11.50874439,12.70769231
40076671,"Lung Cancer-Epidemiology, Pathogenesis, Treatment and Molecular Aspect (Review of Literature).",https://pubmed.ncbi.nlm.nih.gov/40076671/,"Lung cancer is one of the most common malignant cancers in most countries and is the leading cause of death among cancer diseases worldwide. Despite constant progress in diagnosis and therapy, survival rates of patients diagnosed with lung cancer remain unsatisfactory. Numerous epidemiological and experimental studies conducted as early as the 1970s confirm that the most important risk factor for the development of lung cancer is long-term smoking, which remains valid to this day. In the paper, the authors present the latest data on the epidemiology, pathogenesis, treatment and molecular aspects of this cancer. In the last decade, many molecular alterations that are effective in the development of lung cancer have been discovered. In adenocarcinoma, tyrosine kinase inhibitors were developed for EGFR mutations and ALK and ROS1 translocations and were approved for use in the treatment of advanced stage adenocarcinomas. In the case of squamous cell carcinoma, the evaluation of these mutations is not yet being used in clinical practice. In addition, there are ongoing studies concerning many potential therapeutic molecular targets, such as ROS, MET, FGFR, DDR-2 and RET. Constant progress in diagnostic and therapeutic methods gives rise to hopes for an improved prognosis in patients with lung cancer.",Available,"This research paper looks at lung cancer, which is a very common and deadly type of cancer in the world (Abstract, sentence 1). We need this study because even with better tests and care, many people with lung cancer still do not live very long (Abstract, sentence 2). It may help people who smoke now, people who smoked in the past, and people who already have lung cancer (Abstract, sentence 3). The team read and summed up many past studies on how often lung cancer happens, how it starts, how we treat it, and what changes in the body help it grow (Abstract, sentence 4). They also looked at new work on tiny changes in cells that can drive this cancer (Abstract, sentence 5). They found that long term smoking is still the main cause of lung cancer (Abstract, sentence 3). In one type, called adenocarcinoma, new drugs that block special cell signals now treat people whose tumors have certain gene changes (Abstract, sentence 6). In another type, called squamous cell cancer, these tests and drugs are not yet used in daily care (Abstract, sentence 7). Many new drug targets are under study, but not ready for wide use (Abstract, sentence 8). Step by step gains in tests and drugs may help people with lung cancer live longer in the future (Abstract, sentence 9).","This research looks at lung cancer, which is the most common cancer in the world and the top cause of cancer death (Body, para. 4). It matters to you because many cases come from things people breathe in, like cigarette smoke and dirty air, which are common in daily life (Body, para. 47). The writers review many past studies to explain who gets lung cancer, what raises risk, how we find it, and how we treat it (Abstract, para. 1). They also look at gene changes in lung tumors that can guide newer drugs (Body, para. 14). They report that lung cancer caused about 2.5 million new cases and 1.8 million deaths in 2022, or about 1 in 8 of all cancers (Body, para. 4). Smoking causes 80–90% of lung cancer, and even people who do not smoke can get sick from secondhand smoke (Body, para. 47). Some people also have inherited gene changes that raise their risk (Body, para. 49). The study notes that tests on tumor tissue can find certain gene changes and help doctors choose “targeted” pills and immune drugs for some patients (Body, para. 14). These findings support strong steps to avoid smoke, improve early scan tests in high‑risk people, and widen access to gene testing and modern drugs for lung cancer care (Body, para. 54).","This research looks at lung cancer, which is the most common cancer in the world and the top cause of cancer death. It matters to you because many cases come from things people breathe in, like cigarette smoke and dirty air, which are common in daily life. The writers review many past studies to explain who gets lung cancer, what raises risk, how we find it, and how we treat it. They also look at gene changes in lung tumors that can guide newer drugs. They report that lung cancer caused about 2.5 million new cases and 1.8 million deaths in 2022, or about 1 in 8 of all cancers. Smoking causes 80–90% of lung cancer, and even people who do not smoke can get sick from secondhand smoke. Some people also have inherited gene changes that raise their risk. The study notes that tests on tumor tissue can find certain gene changes and help doctors choose “targeted” pills and immune drugs for some patients. These findings support strong steps to avoid smoke, improve early scan tests in high‑risk people, and widen access to gene testing and modern drugs for lung cancer care.","This research looks at lung cancer, which is the most common cancer in the world and the top cause of cancer death. It matters to you because many cases come from things people breathe in, like cigarette smoke and dirty air, which are common in daily life. The writers review many past studies to explain who gets lung cancer, what raises risk, how we find it, and how we treat it. They also look at gene changes in lung tumors that can guide newer drugs. They report that lung cancer caused about 2.5 million new cases and 1.8 million deaths in 2022, or about 1 in 8 of all cancers. Smoking causes 80–90% of lung cancer, and even people who do not smoke can get sick from secondhand smoke. Some people also have inherited gene changes that raise their risk. The study notes that tests on tumor tissue can find certain gene changes and help doctors choose “targeted” pills and immune drugs for some patients. These findings support strong steps to avoid smoke, improve early scan tests in high‑risk people, and widen access to gene testing and modern drugs for lung cancer care.","This research looks at lung cancer, which is the most common cancer in the world and the top cause of cancer death [E6]. It matters to you because many cases come from things people breathe in, like cigarette smoke and dirty air, which are common in daily life [E49].  

The writers review many past studies to explain who gets lung cancer, what raises risk, how we find it, and how we treat it [E1]. They also look at gene changes in lung tumors that can guide newer drugs [E16].  

They report that lung cancer caused about 2.5 million new cases and 1.8 million deaths in 2022, or about 1 in 8 of all cancers [E6]. Smoking causes 80–90% of lung cancer, and even people who do not smoke can get sick from secondhand smoke [E49]. Some people also have inherited gene changes that raise their risk [E51].  

The study notes that tests on tumor tissue can find certain gene changes and help doctors choose “targeted” pills and immune drugs for some patients [E16].  

These findings support strong steps to avoid smoke, improve early scan tests in high‑risk people, and widen access to gene testing and modern drugs for lung cancer care [E64].",9,"E6, E49, E1, E16, E51, E64",,69,69,0.510329223,69.66239286,9.107607143,74.18076778,7.271380122,0.764705882,1,0.267490494,0.757033333,6.2581,6.574015621,9.138571429,7.639943476
40136350,Lung Cancer: Targeted Therapy in 2025.,https://pubmed.ncbi.nlm.nih.gov/40136350/,"Lung cancer treatment has changed in the last twenty years since the discovery of EGFR mutations. In this article, we will review the current state of the art for non-small cell lung cancer (NSCLC) actionable genomic alterations (AGA). AGAs are mostly found in lung adenocarcinomas, a subtype of non-small cell lung cancers. We will focus on the current treatment for EGFR mutations, ALK fusions, ROS1 fusions, BRAF V600E mutations, MET exon 14-skipping mutations, RET fusions, KRAS G12C mutations, ERBB2 mutations (also called HER2 mutations), and NTRK fusions. We will also touch on the key toxicities associated with these medications. Treatments are mostly available for the metastatic stage, but we will also discuss adjuvant therapy for EGFR mutations and ALK fusions, as well as stage III post-chemoradiotherapy treatment for EGFR lung cancer.",Available,"This research paper looks at new ways to treat a common type of lung cancer called non‑small cell lung cancer, or NSCLC (Abstract, sentence 2). It talks about people whose tumors have certain gene changes that we can target with pills or other drugs (Abstract, sentence 2). These new drugs matter most for people with a lung cancer type called lung adenocarcinoma (Abstract, sentence 3). The writers review many gene changes, such as EGFR, ALK, ROS1, BRAF, MET, RET, KRAS, ERBB2 (also called HER2), and NTRK (Abstract, sentence 4). For each gene change, they look at which drugs work best and when doctors use them, mostly when the cancer has spread to other parts of the body (Abstract, sentence 4)(Abstract, sentence 6). They also explain side effects that can happen with these drugs, such as harm to the skin, gut, or lungs (Abstract, sentence 5). The paper also looks at drug use after surgery or after chemo and radiation in some early or mid stages of lung cancer with EGFR or ALK changes (Abstract, sentence 6). These results may help doctors choose the right drug for the right person based on the gene changes in the tumor (Abstract, sentence 2). In the future, this may give more people with lung cancer a treatment plan that is better fit for them (Abstract, sentence 1).","This research looks at new drug treatments for a common type of lung cancer called non‑small cell lung cancer that has certain gene changes in the tumor (Abstract, para. 1). These gene changes act like “on switches” that help the cancer grow, and they are found more often in people who never or rarely smoked (Introduction, para. 1)(Body, para. 2). The study is needed because older chemo drugs often work for only a short time and can cause many side effects (Body, para. 2). These newer drugs may help people live longer with better day‑to‑day life (Body, para. 6)(Conclusion, para. 1). The authors review many studies where doctors first test the tumor for gene changes, then give pills or infusions that target those changes, such as EGFR, ALK, ROS1, BRAF, MET, RET, KRAS, ERBB2, and NTRK (Abstract, para. 1)(Body, para. 1). They compare these drugs with standard chemo and sometimes with immune drugs (Body, para. 2)(Body, para. 48). They find that, for many of these gene changes, targeted drugs shrink tumors more often and keep cancer from growing for longer, sometimes for one to three years or more, and often work better in the brain than older drugs (Body, para. 4)(Body, para. 25)(Body, para. 31)(Body, para. 39). Side effects are common but are usually easier to manage than with chemo (Body, para. 7)(Body, para. 40)(Body, para. 47). These results show that testing every lung tumor for gene changes and using matching drugs can improve survival and quality of life for many people with advanced lung cancer (Body, para. 1)(Conclusion, para. 1).","This research looks at new drug treatments for a common type of lung cancer called non‑small cell lung cancer that has certain gene changes in the tumor. These gene changes act like “on switches” that help the cancer grow, and they are found more often in people who never or rarely smoked. The study is needed because older chemo drugs often work for only a short time and can cause many side effects. These newer drugs may help people live longer with better day‑to‑day life. The authors review many studies where doctors first test the tumor for gene changes, then give pills or infusions that target those changes, such as EGFR, ALK, ROS1, BRAF, MET, RET, KRAS, ERBB2, and NTRK. They compare these drugs with standard chemo and sometimes with immune drugs. They find that, for many of these gene changes, targeted drugs shrink tumors more often and keep cancer from growing for longer, sometimes for one to three years or more, and often work better in the brain than older drugs. Side effects are common but are usually easier to manage than with chemo. These results show that testing every lung tumor for gene changes and using matching drugs can improve survival and quality of life for many people with advanced lung cancer.","This research looks at new drug treatments for a common type of lung cancer called non‑small cell lung cancer that has certain gene changes in the tumor. These gene changes act like “on switches” that help the cancer grow, and they are found more often in people who never or rarely smoked. The study is needed because older chemo drugs often work for only a short time and can cause many side effects. These newer drugs may help people live longer with better day‑to‑day life. The authors review many studies where doctors first test the tumor for gene changes, then give pills or infusions that target those changes, such as EGFR, ALK, ROS1, BRAF, MET, RET, KRAS, ERBB2, and NTRK. They compare these drugs with standard chemo and sometimes with immune drugs. They find that, for many of these gene changes, targeted drugs shrink tumors more often and keep cancer from growing for longer, sometimes for one to three years or more, and often work better in the brain than older drugs. Side effects are common but are usually easier to manage than with chemo. These results show that testing every lung tumor for gene changes and using matching drugs can improve survival and quality of life for many people with advanced lung cancer.","This research looks at new drug treatments for a common type of lung cancer called non‑small cell lung cancer that has certain gene changes in the tumor [E1]. These gene changes act like “on switches” that help the cancer grow, and they are found more often in people who never or rarely smoked [E2][E4].  

The study is needed because older chemo drugs often work for only a short time and can cause many side effects [E4]. These newer drugs may help people live longer with better day‑to‑day life [E8][E62].  

The authors review many studies where doctors first test the tumor for gene changes, then give pills or infusions that target those changes, such as EGFR, ALK, ROS1, BRAF, MET, RET, KRAS, ERBB2, and NTRK [E1][E3]. They compare these drugs with standard chemo and sometimes with immune drugs [E4][E50].  

They find that, for many of these gene changes, targeted drugs shrink tumors more often and keep cancer from growing for longer, sometimes for one to three years or more, and often work better in the brain than older drugs [E6][E27][E33][E41]. Side effects are common but are usually easier to manage than with chemo [E9][E42][E49].  

These results show that testing every lung tumor for gene changes and using matching drugs can improve survival and quality of life for many people with advanced lung cancer [E3][E62].",19,"E1, E2, E4, E8, E62, E3, E50, E6, E27, E33, E41, E9, E42, E49",,62,62,0.499117811,66.35640757,10.15943199,63.31177051,10.33566978,0.933333333,0.894736842,0.25,0.508861765,6.937597517,8.841846275,10.6285999,11.00643821
40332491,"The Current Roadmap of Lung Cancer Biology, Genomics and Racial Disparity.",https://pubmed.ncbi.nlm.nih.gov/40332491/,"Globally, lung cancer is the most prevalent cause of cancer-related death. There are two large histological groups of lung cancer: small-cell lung cancer (SCLC) and non-small-cell lung cancer (NSCLC). Based on histopathological and molecular features, adenocarcinoma (ADC) and squamous cell carcinoma (SCC) are the two major histologic subtypes of NSCLC. Various epidemiological and environmental factors are linked with an increased risk of lung cancer. However, these risk factors show disparities in patients with divergent racial and ethnic backgrounds. Interestingly, different populations were found to harbor distinct molecular features as evidenced by variations in genetic mutation profiles. Moreover, diverse histological and molecular progression patterns are identified in lung cancer, which could be crucial in improving diagnosis, prognosis, and therapeutic planning. In concert with a plethora of nuclear genetic alterations, mitochondrial alteration, epigenetic reprogramming, microbial dysbiosis, and immune alteration signatures have been identified in various lung cancer types. This review article provides a comprehensive overview of screening tests and the treatment strategies for NSCLC and SCLC, including surgery, radiation therapy, chemotherapy, targeted therapies, and immunotherapies. Through the unification of these diverse aspects, this review article aspires to a complete understanding of lung cancer's genomics, biology, microbial landscapes, and racial disparity and seeks to understand the essential role of racial and ethnic factors in lung cancer occurrence and treatment.",Available,"This research paper looks at lung cancer, which is the top cause of cancer death in the world (Abstract, sentence 1). It talks about two main types of lung cancer, called small-cell and non-small-cell, and then two big groups inside non-small-cell, called adenocarcinoma and squamous cell cancer (Abstract, sentence 2). These types can act in different ways in the body (Abstract, sentence 3). The study is needed because many things in your life and world can raise lung cancer risk, and these risks are not the same for all race and ethnic groups (Abstract, sentence 4). People from different groups can also have different gene changes in their tumors (Abstract, sentence 5). The writers did not test new drugs in people (Abstract, sentence 9). They read and pulled together many past studies on lung cancer types, gene changes, germs in the body, and the body’s defense system (Abstract, sentence 6). They found that lung tumors can grow and change in many paths, and these paths may help doctors plan better tests and care (Abstract, sentence 7). They also saw many kinds of changes in genes, cell power parts, germs, and the body’s defense cells (Abstract, sentence 8). The paper sums up current scan tests and main care options, such as surgery, drug care, and body defense drugs (Abstract, sentence 9). In time, this kind of work may help tailor lung cancer care to each person’s race, genes, and tumor type (Abstract, sentence 10).","This research looks at lung cancer and how it affects people of different races and ethnic groups around the world (Abstract, para. 1). Lung cancer is the top cause of cancer death and often starts later in life (Introduction, para. 1). We need this kind of study because some groups, like Black and Native American people in the U. S., get lung cancer more often and die from it more, and we do not fully know why (Introduction, para. 1). The writers read and combined many past studies on lung cancer types, gene changes, body defenses, germs in the lungs, and treatment, with a focus on race and ethnicity (Introduction, para. 2). They also looked at how smoking, air pollution, and other risks link with lung cancer in different groups (Body, para. 2). They found that common lung cancer types, such as adenocarcinoma and squamous cell cancer, show different gene changes in people of African, European, Asian, and Latino background (Body, para. 5). These gene patterns can change how well drugs work, including new “targeted” drugs and immune drugs (Body, para. 6). They also report that screening tests like low‑dose scans and chest X‑rays can miss early cancer and give false alarms (Body, para. 7). These findings may help doctors move toward more “personal” care, where your race, genes, and other factors guide tests and treatment choices (Body, para. 23). Over time, this could support fairer care and better lung cancer outcomes for more people (Conclusion, para. 1).","This research looks at lung cancer and how it affects people of different races and ethnic groups around the world. Lung cancer is the top cause of cancer death and often starts later in life. We need this kind of study because some groups, like Black and Native American people in the U. S., get lung cancer more often and die from it more, and we do not fully know why. The writers read and combined many past studies on lung cancer types, gene changes, body defenses, germs in the lungs, and treatment, with a focus on race and ethnicity. They also looked at how smoking, air pollution, and other risks link with lung cancer in different groups. They found that common lung cancer types, such as adenocarcinoma and squamous cell cancer, show different gene changes in people of African, European, Asian, and Latino background. These gene patterns can change how well drugs work, including new “targeted” drugs and immune drugs. They also report that screening tests like low‑dose scans and chest X‑rays can miss early cancer and give false alarms. These findings may help doctors move toward more “personal” care, where your race, genes, and other factors guide tests and treatment choices. Over time, this could support fairer care and better lung cancer outcomes for more people.","This research looks at lung cancer and how it affects people of different races and ethnic groups around the world. Lung cancer is the top cause of cancer death and often starts later in life. We need this kind of study because some groups, like Black and Native American people in the U. S., get lung cancer more often and die from it more, and we do not fully know why. The writers read and combined many past studies on lung cancer types, gene changes, body defenses, germs in the lungs, and treatment, with a focus on race and ethnicity. They also looked at how smoking, air pollution, and other risks link with lung cancer in different groups. They found that common lung cancer types, such as adenocarcinoma and squamous cell cancer, show different gene changes in people of African, European, Asian, and Latino background. These gene patterns can change how well drugs work, including new “targeted” drugs and immune drugs. They also report that screening tests like low‑dose scans and chest X‑rays can miss early cancer and give false alarms. These findings may help doctors move toward more “personal” care, where your race, genes, and other factors guide tests and treatment choices. Over time, this could support fairer care and better lung cancer outcomes for more people.","This research looks at lung cancer and how it affects people of different races and ethnic groups around the world [E1]. Lung cancer is the top cause of cancer death and often starts later in life [E2]. We need this kind of study because some groups, like Black and Native American people in the U.S., get lung cancer more often and die from it more, and we do not fully know why [E2].

The writers read and combined many past studies on lung cancer types, gene changes, body defenses, germs in the lungs, and treatment, with a focus on race and ethnicity [E3]. They also looked at how smoking, air pollution, and other risks link with lung cancer in different groups [E5].

They found that common lung cancer types, such as adenocarcinoma and squamous cell cancer, show different gene changes in people of African, European, Asian, and Latino background [E8]. These gene patterns can change how well drugs work, including new “targeted” drugs and immune drugs [E9]. They also report that screening tests like low‑dose scans and chest X‑rays can miss early cancer and give false alarms [E10].

These findings may help doctors move toward more “personal” care, where your race, genes, and other factors guide tests and treatment choices [E27]. Over time, this could support fairer care and better lung cancer outcomes for more people [E29].",10,"E1, E2, E3, E5, E8, E9, E10, E27, E29",,29,29,0.579889631,68.13124579,9.244384587,64.86449958,9.135421184,0.947368421,1,0.511128364,0.5036,8.000946393,9.57394699,9.49479985,9.762135113
40334018,Immunotherapy for resectable lung cancer.,https://pubmed.ncbi.nlm.nih.gov/40334018/,"Lung cancer remains a significant global health challenge, demanding innovative treatment strategies. Immune checkpoint blockade has revolutionized cancer care, leading to improved survival across advanced malignancies and has now become a standard therapy for earlier stage, resectable lung cancer. This review article consolidates the current landscape and future prospects of neoadjuvant and perioperative immunotherapy in lung cancer. The authors outline key findings from clinical trials in resectable lung cancer, including early efficacy, safety profiles, and emerging impact on disease recurrence, and overall survival. Additionally, this review elucidates the challenges encountered, including patient selection criteria, optimal treatment schedules, immune-related adverse events, and impact on surgery. This comprehensive analysis amalgamates current evidence with future directions, providing a roadmap for clinicians, researchers, and stakeholders to navigate the dynamic realm of immunotherapy for surgically resectable lung cancer.",Available,"This research paper looks at new ways to treat lung cancer with the help of the body’s own defense system (Abstract, sentence 1). It talks about people who can have surgery to remove the lung tumor and how we may help them before and around the time of surgery (Abstract, sentence 3). We need this study because lung cancer is still a big cause of death, and many people see the cancer come back after surgery (Abstract, sentence 1). The work may help people with lung cancer that can be cut out by surgery, as well as their care teams (Abstract, sentence 6). The writers did not test a new drug in one group of people (Abstract, sentence 3). Instead, they read and summed up many past studies that used “immune” drugs that help the body see and attack cancer cells (Abstract, sentence 2). They looked at how well these drugs worked, how safe they were, and how often the cancer came back (Abstract, sentence 4). They found that these drugs can help some people live longer and keep the cancer away, with side effects that doctors can watch and treat (Abstract, sentence 2). They also found hard parts, like how to pick the right patients and the best time plan for the drugs and surgery (Abstract, sentence 5). This work may guide doctors as they plan care for people who will have lung cancer surgery now and in the near future (Abstract, sentence 6).","This research looks at new ways to treat lung cancer with drugs that help your own immune system fight the tumor before and around the time of surgery (Abstract, para. 1). We need this work because lung cancer is common and deadly, and even after surgery many people see the cancer come back (Introduction, para. 1). These new drug plans may help people with lung cancer that can still be removed by surgery. The team reviewed many clinical trials where people got immune drugs alone, or with chemo, before surgery, and sometimes for a year after surgery (Abstract, para. 1). They looked at how often the tumor shrank, how many people could still have surgery, side effects, and how long people stayed free of cancer (Body, para. 10). They found that adding immune drugs to chemo before surgery led to no live cancer cells in the removed tumor in about 1 in 4 people, compared with about 1 in 50 with chemo alone in one large trial (Body, para. 12). Serious side effects were common but were like those seen with chemo alone, and most people still got to surgery on time (Body, para. 13). These results suggest that using immune drugs around the time of surgery is safe and can lower the chance that lung cancer comes back (Conclusion, para. 1). In the future, blood tests that find tiny bits of tumor may help pick who really needs extra treatment after surgery (Body, para. 8).","This research looks at new ways to treat lung cancer with drugs that help your own immune system fight the tumor before and around the time of surgery. We need this work because lung cancer is common and deadly, and even after surgery many people see the cancer come back. These new drug plans may help people with lung cancer that can still be removed by surgery. The team reviewed many clinical trials where people got immune drugs alone, or with chemo, before surgery, and sometimes for a year after surgery. They looked at how often the tumor shrank, how many people could still have surgery, side effects, and how long people stayed free of cancer. They found that adding immune drugs to chemo before surgery led to no live cancer cells in the removed tumor in about 1 in 4 people, compared with about 1 in 50 with chemo alone in one large trial. Serious side effects were common but were like those seen with chemo alone, and most people still got to surgery on time. These results suggest that using immune drugs around the time of surgery is safe and can lower the chance that lung cancer comes back. In the future, blood tests that find tiny bits of tumor may help pick who really needs extra treatment after surgery.","This research looks at new ways to treat lung cancer with drugs that help your own immune system fight the tumor before and around the time of surgery. We need this work because lung cancer is common and deadly, and even after surgery many people see the cancer come back. These new drug plans may help people with lung cancer that can still be removed by surgery. The team reviewed many clinical trials where people got immune drugs alone, or with chemo, before surgery, and sometimes for a year after surgery. They looked at how often the tumor shrank, how many people could still have surgery, side effects, and how long people stayed free of cancer. They found that adding immune drugs to chemo before surgery led to no live cancer cells in the removed tumor in about 1 in 4 people, compared with about 1 in 50 with chemo alone in one large trial. Serious side effects were common but were like those seen with chemo alone, and most people still got to surgery on time. These results suggest that using immune drugs around the time of surgery is safe and can lower the chance that lung cancer comes back. In the future, blood tests that find tiny bits of tumor may help pick who really needs extra treatment after surgery.","This research looks at new ways to treat lung cancer with drugs that help your own immune system fight the tumor before and around the time of surgery [E1].  

We need this work because lung cancer is common and deadly, and even after surgery many people see the cancer come back [E2]. These new drug plans may help people with lung cancer that can still be removed by surgery.  

The team reviewed many clinical trials where people got immune drugs alone, or with chemo, before surgery, and sometimes for a year after surgery [E1]. They looked at how often the tumor shrank, how many people could still have surgery, side effects, and how long people stayed free of cancer [E14].  

They found that adding immune drugs to chemo before surgery led to no live cancer cells in the removed tumor in about 1 in 4 people, compared with about 1 in 50 with chemo alone in one large trial [E16]. Serious side effects were common but were like those seen with chemo alone, and most people still got to surgery on time [E17].  

These results suggest that using immune drugs around the time of surgery is safe and can lower the chance that lung cancer comes back [E19]. In the future, blood tests that find tiny bits of tumor may help pick who really needs extra treatment after surgery [E12].",8,"E1, E2, E14, E16, E17, E19, E12",,22,22,0.610607205,71.46954082,9.377244898,61.75779279,10.77324324,0.7,1,0.111111111,0.479566667,7.554174237,9.725611199,10.77959184,12.02882883
40407951,The role of the tumour microenvironment in lung cancer and its therapeutic implications.,https://pubmed.ncbi.nlm.nih.gov/40407951/,"Lung cancer is the leading cause of cancer-related deaths globally, with tumour growth, invasion, and treatment response heavily influenced by the tumour microenvironment (TME). The TME promotes tumour progression by creating an immunosuppressive environment that hampers the body's antitumour immune response, primarily through the Nuclear Factor Kappa B (NF-κB) and Signal Transducer and Activator of Transcription 3 (STAT3) pathways. These pathways contribute to chronic inflammation, immune evasion, and angiogenesis. Targeting the TME and its signalling pathways has shown potential to enhance treatment efficacy. STAT3, a key transcription factor in lung cancer, drives tumour growth and immune suppression via the mTOR and JAK pathways. Inhibiting these pathways can block STAT3 and slow cancer progression. Promising results have been observed with mTOR inhibitors like CC-115 and Vistusertib, especially when combined with immune checkpoint inhibitors, and with JAK inhibitors such as Ruxolitinib, AZD4205, and Filgotinib. These strategies represent a promising direction for lung cancer therapy. This review explores the intricate relationship between the TME and lung cancer, focussing on novel therapeutic approaches that target immune cells, signalling molecules, and fibroblasts within the TME to improve patient outcomes.",Available,"This research looks at lung cancer and the space around the tumor, called the tumor area or “microenvironment” (Abstract, sentence 1). Lung cancer causes more deaths than any other cancer, so we need better ways to treat it (Abstract, sentence 1). This work may help people with lung cancer whose tumors do not shrink well with current drugs (Abstract, sentence 9). In this study, the team read and summed up many past lab and clinic reports about how the tumor area helps lung cancer grow and hide from the body’s defense system (Abstract, sentence 2). They looked at key cell signals, such as ones called NF-kappa B and STAT3, that act like “on switches” for growth and long-term swelling in the body (Abstract, sentence 2). They found that these signals help the tumor dodge the body’s defense cells and grow new blood lines to feed the tumor (Abstract, sentence 3). The team also found that blocking STAT3 by turning off other linked signals, called mTOR and JAK, can slow cancer growth (Abstract, sentence 5). Some drugs that block these signals, such as CC-115, Vistusertib, and Ruxolitinib, look hopeful, mainly when used with some immune drugs (Abstract, sentence 7). These results suggest that new drugs that target the tumor area and these signals may make lung cancer treatment work better in the future (Abstract, sentence 4).","This research looks at lung cancer and the “area” around the tumour, called the tumour microenvironment, or TME (Abstract, para. 1). We need this study because lung cancer causes more deaths than any other cancer, and many people are found late, when treatment is hard (Introduction, para. 1). The TME can help the tumour grow and hide from your immune system, so it may affect how well treatment works (Introduction, para. 2). The authors read and summed up many lab and patient studies to explain how cells and signals in the TME help lung cancer grow and spread (Introduction, para. 4). They focus on two main signal paths in cells, called NF‑κB and STAT3, and on key cells like immune cells and support cells around the tumour (Body, para. 5). They found that these two paths drive long‑lasting swelling, help cancer cells avoid being killed, and help new blood vessels form (Body, para. 6). Drugs that block parts of these paths, such as mTOR and JAK blockers, slowed tumour growth in lab and early human studies, and sometimes worked better when paired with immune drugs (Body, para. 29). Drugs that block other signals, like IL‑6 or VEGF, can also weaken the TME and may help treatment work longer (Conclusion, para. 2). These results suggest that, in the future, lung cancer care may combine standard drugs with TME‑targeting drugs to help patients live longer and delay resistance (Conclusion, para. 3).","This research looks at lung cancer and the “area” around the tumour, called the tumour microenvironment, or TME. We need this study because lung cancer causes more deaths than any other cancer, and many people are found late, when treatment is hard. The TME can help the tumour grow and hide from your immune system, so it may affect how well treatment works. The authors read and summed up many lab and patient studies to explain how cells and signals in the TME help lung cancer grow and spread. They focus on two main signal paths in cells, called NF‑κB and STAT3, and on key cells like immune cells and support cells around the tumour. They found that these two paths drive long‑lasting swelling, help cancer cells avoid being killed, and help new blood vessels form. Drugs that block parts of these paths, such as mTOR and JAK blockers, slowed tumour growth in lab and early human studies, and sometimes worked better when paired with immune drugs. Drugs that block other signals, like IL‑6 or VEGF, can also weaken the TME and may help treatment work longer. These results suggest that, in the future, lung cancer care may combine standard drugs with TME‑targeting drugs to help patients live longer and delay resistance.","This research looks at lung cancer and the “area” around the tumour, called the tumour microenvironment, or TME. We need this study because lung cancer causes more deaths than any other cancer, and many people are found late, when treatment is hard. The TME can help the tumour grow and hide from your immune system, so it may affect how well treatment works. The authors read and summed up many lab and patient studies to explain how cells and signals in the TME help lung cancer grow and spread. They focus on two main signal paths in cells, called NF‑κB and STAT3, and on key cells like immune cells and support cells around the tumour. They found that these two paths drive long‑lasting swelling, help cancer cells avoid being killed, and help new blood vessels form. Drugs that block parts of these paths, such as mTOR and JAK blockers, slowed tumour growth in lab and early human studies, and sometimes worked better when paired with immune drugs. Drugs that block other signals, like IL‑6 or VEGF, can also weaken the TME and may help treatment work longer. These results suggest that, in the future, lung cancer care may combine standard drugs with TME‑targeting drugs to help patients live longer and delay resistance.","This research looks at lung cancer and the “area” around the tumour, called the tumour microenvironment, or TME [E1].  

We need this study because lung cancer causes more deaths than any other cancer, and many people are found late, when treatment is hard [E3]. The TME can help the tumour grow and hide from your immune system, so it may affect how well treatment works [E4].  

The authors read and summed up many lab and patient studies to explain how cells and signals in the TME help lung cancer grow and spread [E6]. They focus on two main signal paths in cells, called NF‑κB and STAT3, and on key cells like immune cells and support cells around the tumour [E11].  

They found that these two paths drive long‑lasting swelling, help cancer cells avoid being killed, and help new blood vessels form [E12]. Drugs that block parts of these paths, such as mTOR and JAK blockers, slowed tumour growth in lab and early human studies, and sometimes worked better when paired with immune drugs [E35]. Drugs that block other signals, like IL‑6 or VEGF, can also weaken the TME and may help treatment work longer [E55].  

These results suggest that, in the future, lung cancer care may combine standard drugs with TME‑targeting drugs to help patients live longer and delay resistance [E56].",9,"E1, E3, E4, E6, E11, E12, E35, E55, E56",,56,56,0.566597016,64.9,10.41777778,69.19497904,9.459874214,0.823529412,1,0.3,0.77955,7.793537801,7.38712967,11.06666667,10.36561845
40510353,Bispecific antibody for lung cancer: mechanisms and clinical insights.,https://pubmed.ncbi.nlm.nih.gov/40510353/,"Lung cancer is a refractory malignancy. Although various therapeutic options, including targeted therapies, immune checkpoint inhibitors, and systemic chemotherapy, have significantly improved the prognosis of lung cancer patients, five-year survival rates are still low. Bispecific antibodies have attracted much attention because of their ability to bind different antigens or epitopes on the same antigen at once and because of their multiple novel functional mechanisms. Recently, three bispecific antibodies have been successively approved for lung cancer treatment, demonstrating the potential of bispecific drugs in lung cancer therapy. Various bispecific antibodies are currently under clinical trials to evaluate their safety and efficacy in lung cancer. In this review, we provide an overview of these antibodies' structure and mechanism of action, summarize their clinical progress in lung cancer treatment, and discuss and analyze the challenges and future directions of bsAbs application in lung cancer.",Available,"This research looks at new lab-made proteins, called “bispecific antibodies,” to treat lung cancer (Abstract, sentence 3). Lung cancer is a hard cancer to treat, and many people still die from it (Abstract, sentence 1). Even with new drugs and chemo, most people with lung cancer do not live five years after they learn they have it (Abstract, sentence 2). So we need better treatment choices for you and others with this disease (Abstract, sentence 2). Bispecific antibodies are special because they can grab onto two different targets at the same time (Abstract, sentence 3). In this study, the team read and summed up many past studies to explain how these drugs are built and how they work in the body (Abstract, sentence 6). They also looked at how far these drugs have gone in tests with people who have lung cancer (Abstract, sentence 6). The team found that three of these drugs are now approved to treat lung cancer, which shows they can help some patients (Abstract, sentence 4). Many more of these drugs are now in human tests to check how safe they are and how well they work (Abstract, sentence 5). These findings may guide doctors and drug makers as they plan new lung cancer care in the future (Abstract, sentence 6).","This research looks at a new type of cancer drug called “bispecific antibodies” for lung cancer (Abstract, para. 1). These drugs can grab two different targets at the same time, instead of just one (Introduction, para. 2). We need better lung cancer care because this cancer is very common and many people still die within five years, even with current drugs (Introduction, para. 1). This work may help people with both main types of lung cancer, non‑small cell and small cell (Introduction, para. 1). The authors read and summed up many lab and human studies of these drugs (Abstract, para. 1). They grouped the drugs by how they work, such as blocking two growth signals, waking up immune cells, or bringing immune signals right to the tumor (Body, para. 2)(Body, para. 5). They report that three bispecific drugs are now approved for lung cancer, and many more are in trials (Abstract, para. 1)(Conclusion, para. 1). Some, like amivantamab and ivonescimab, helped people live longer or kept tumors from growing for more months than standard care in certain groups (Body, para. 9)(Body, para. 31). A drug called tarlatamab helped people with small cell lung cancer after other drugs stopped working (Body, para. 39). These results suggest that bispecific antibodies can offer new options when other treatments fail, but side effects, cost, and complex production still limit wide use (Body, para. 56)(Body, para. 57). With more trials and better design, some of these drugs may become part of routine lung cancer care (Conclusion, para. 1).","This research looks at a new type of cancer drug called “bispecific antibodies” for lung cancer. These drugs can grab two different targets at the same time, instead of just one. We need better lung cancer care because this cancer is very common and many people still die within five years, even with current drugs. This work may help people with both main types of lung cancer, non‑small cell and small cell. The authors read and summed up many lab and human studies of these drugs. They grouped the drugs by how they work, such as blocking two growth signals, waking up immune cells, or bringing immune signals right to the tumor. They report that three bispecific drugs are now approved for lung cancer, and many more are in trials. Some, like amivantamab and ivonescimab, helped people live longer or kept tumors from growing for more months than standard care in certain groups. A drug called tarlatamab helped people with small cell lung cancer after other drugs stopped working. These results suggest that bispecific antibodies can offer new options when other treatments fail, but side effects, cost, and complex production still limit wide use. With more trials and better design, some of these drugs may become part of routine lung cancer care.","This research looks at a new type of cancer drug called “bispecific antibodies” for lung cancer. These drugs can grab two different targets at the same time, instead of just one. We need better lung cancer care because this cancer is very common and many people still die within five years, even with current drugs. This work may help people with both main types of lung cancer, non‑small cell and small cell. The authors read and summed up many lab and human studies of these drugs. They grouped the drugs by how they work, such as blocking two growth signals, waking up immune cells, or bringing immune signals right to the tumor. They report that three bispecific drugs are now approved for lung cancer, and many more are in trials. Some, like amivantamab and ivonescimab, helped people live longer or kept tumors from growing for more months than standard care in certain groups. A drug called tarlatamab helped people with small cell lung cancer after other drugs stopped working. These results suggest that bispecific antibodies can offer new options when other treatments fail, but side effects, cost, and complex production still limit wide use. With more trials and better design, some of these drugs may become part of routine lung cancer care.","This research looks at a new type of cancer drug called “bispecific antibodies” for lung cancer [E1]. These drugs can grab two different targets at the same time, instead of just one [E3].  

We need better lung cancer care because this cancer is very common and many people still die within five years, even with current drugs [E2]. This work may help people with both main types of lung cancer, non‑small cell and small cell [E2].  

The authors read and summed up many lab and human studies of these drugs [E1]. They grouped the drugs by how they work, such as blocking two growth signals, waking up immune cells, or bringing immune signals right to the tumor [E5][E8].  

They report that three bispecific drugs are now approved for lung cancer, and many more are in trials [E1][E66]. Some, like amivantamab and ivonescimab, helped people live longer or kept tumors from growing for more months than standard care in certain groups [E12][E34]. A drug called tarlatamab helped people with small cell lung cancer after other drugs stopped working [E42].  

These results suggest that bispecific antibodies can offer new options when other treatments fail, but side effects, cost, and complex production still limit wide use [E59][E60]. With more trials and better design, some of these drugs may become part of routine lung cancer care [E66].",15,"E1, E3, E2, E5, E8, E66, E12, E34, E42, E59, E60",,66,66,0.506820239,71.29436047,8.656395349,67.95525729,8.568816467,0.764705882,1,0.333333333,0.4791,7.16862163,8.575989855,9.344186047,9.407204117
40635482,Updates on lung cancer screening for early detection.,https://pubmed.ncbi.nlm.nih.gov/40635482/,"This review examines the current status and recent progress in lung cancer screening programs, focusing on low-dose computed tomography (LDCT) and emerging liquid biopsy technologies. In Korea, the National Lung Cancer Screening Program has shown promising results in reducing lung cancer mortality since its implementation in 2019. This review discusses the LDCT screening in Korea, including reductions in short-term mortality, increased screening uptake, and enhanced smoking cessation rates. Results from major international trials, including the National Lung Screening Trial, Nederlands-Leuvens Longkanker Screenings Onderzoek trial, and Multicenter Italian Lung Detection studies, demonstrating the efficacy of LDCT in reducing lung cancer mortality, are reviewed. The potential of liquid biopsy as a complement to LDCT is explored, with a focus on multi-cancer early detection technologies. Notable advances include the Circulating Cell-free Genome Atlas study and the Galleri® test, which have shown promise in detecting cancer at early stages through blood-based screening. We also highlight the challenges and limitations of current screening methods, including the need to improve strategies for screening non-smokers and the importance of balancing benefits against risks. As lung cancer screening continues to advance, combining LDCT and liquid biopsy is anticipated to provide more comprehensive and effective early detection strategies.",Available,"This research looks at ways to find lung cancer early, before you feel sick (Abstract, sentence 1). It talks about a scan called low‑dose CT and new blood tests that may help find cancer (Abstract, sentence 1). We need this study because lung cancer often shows up late, when it is hard to treat (Abstract, sentence 4). It may help people who smoke now or smoked in the past, and may later help people who never smoked (Abstract, sentence 7). The team looked at past large trials from many countries to see how well the scan works (Abstract, sentence 4). They also looked at new blood tests that search for tiny bits of cancer in the blood (Abstract, sentence 5). They found that the scan can lower deaths from lung cancer in big groups of people (Abstract, sentence 4). In Korea, a national scan plan that began in 2019 has cut short‑term deaths and helped more people join scans and quit smoking (Abstract, sentence 2). New blood tests, like the Galleri test, can sometimes find cancer early from a blood draw (Abstract, sentence 6). These results matter because early find can mean more time and more treatment choices (Abstract, sentence 3). In the future, using both the scan and a blood test together may give a stronger way to find lung cancer early (Abstract, sentence 8).","This research looks at ways to find lung cancer early, mainly with a special chest scan called low‑dose CT and new blood tests called liquid biopsy tests (Abstract, para. 1). We need this work because lung cancer is common in Korea, and more people now learn they have it at an early stage, when it is easier to treat (Introduction, para. 2). The study may help people who smoke now or used to smoke, and other adults at high risk (Introduction, para. 1). Researchers reviewed large past studies where many people at high risk had regular low‑dose CT scans (Body, para. 7). In one big trial with over 53,000 people, this scan cut deaths from lung cancer by about 20% compared with a chest X‑ray (Body, para. 7). In Korea, a national scan program that began in 2019 led to about a 3% drop in deaths in the first year (Body, para. 3). They also looked at new blood tests that try to find tiny bits from cancer cells in the blood (Body, para. 9). One test, used in over 4,000 people, found cancer with about 99.5% accuracy for people who did not have cancer, but it still missed some early cancers (Body, para. 11). These results suggest that using scans and blood tests together may help find lung cancer earlier, but blood tests alone are not ready to replace scans yet (Body, para. 17).","This research looks at ways to find lung cancer early, mainly with a special chest scan called low‑dose CT and new blood tests called liquid biopsy tests. We need this work because lung cancer is common in Korea, and more people now learn they have it at an early stage, when it is easier to treat. The study may help people who smoke now or used to smoke, and other adults at high risk. Researchers reviewed large past studies where many people at high risk had regular low‑dose CT scans. In one big trial with over 53,000 people, this scan cut deaths from lung cancer by about 20% compared with a chest X‑ray. In Korea, a national scan program that began in 2019 led to about a 3% drop in deaths in the first year. They also looked at new blood tests that try to find tiny bits from cancer cells in the blood. One test, used in over 4,000 people, found cancer with about 99.5% accuracy for people who did not have cancer, but it still missed some early cancers. These results suggest that using scans and blood tests together may help find lung cancer earlier, but blood tests alone are not ready to replace scans yet.","This research looks at ways to find lung cancer early, mainly with a special chest scan called low‑dose CT and new blood tests called liquid biopsy tests. We need this work because lung cancer is common in Korea, and more people now learn they have it at an early stage, when it is easier to treat. The study may help people who smoke now or used to smoke, and other adults at high risk. Researchers reviewed large past studies where many people at high risk had regular low‑dose CT scans. In one big trial with over 53,000 people, this scan cut deaths from lung cancer by about 20% compared with a chest X‑ray. In Korea, a national scan program that began in 2019 led to about a 3% drop in deaths in the first year. They also looked at new blood tests that try to find tiny bits from cancer cells in the blood. One test, used in over 4,000 people, found cancer with about 99.5% accuracy for people who did not have cancer, but it still missed some early cancers. These results suggest that using scans and blood tests together may help find lung cancer earlier, but blood tests alone are not ready to replace scans yet.","This research looks at ways to find lung cancer early, mainly with a special chest scan called low‑dose CT and new blood tests called liquid biopsy tests [E1].  

We need this work because lung cancer is common in Korea, and more people now learn they have it at an early stage, when it is easier to treat [E3]. The study may help people who smoke now or used to smoke, and other adults at high risk [E2].  

Researchers reviewed large past studies where many people at high risk had regular low‑dose CT scans [E12]. In one big trial with over 53,000 people, this scan cut deaths from lung cancer by about 20% compared with a chest X‑ray [E12]. In Korea, a national scan program that began in 2019 led to about a 3% drop in deaths in the first year [E8].  

They also looked at new blood tests that try to find tiny bits from cancer cells in the blood [E14]. One test, used in over 4,000 people, found cancer with about 99.5% accuracy for people who did not have cancer, but it still missed some early cancers [E16].  

These results suggest that using scans and blood tests together may help find lung cancer earlier, but blood tests alone are not ready to replace scans yet [E22].",9,"E1, E3, E2, E12, E8, E14, E16, E22",,23,23,0.509427882,74.80348753,7.929806919,73.05857692,8.236423077,0.789473684,0.944444444,0.30922865,0.729928315,6.112484442,8.841846275,8.572164119,10.05076923
40878958,CircRNA in non‑small cell lung cancer: Potential biomarkers and therapeutic targets (Review).,https://pubmed.ncbi.nlm.nih.gov/40878958/,"Lung cancer is one of the most common malignant tumors, characterized by high incidence and mortality rates. Non‑small cell lung cancer (NSCLC) is the predominant histological type of lung cancer. Due to the lack of effective early diagnostic methods, the majority of patients with lung cancer present with distant metastasis at the time of initial diagnosis, often rendering treatments such as surgery and pharmacotherapy ineffective. Consequently, there is an urgent need for a more in‑depth understanding of the pathogenesis of NSCLC and the identification of novel therapeutic targets to enable more precise prediction and treatment of the disease. circular RNAs (circRNAs) are specifically expressed in tissues, owing to their high stability and specificity. The dysregulation of circRNA expression has been implicated in cancer progression, where circRNAs function as microRNA sponges, RNA‑binding protein sponges, gene splicing and transcriptional regulators and protein/peptide translational modulators. These molecules may serve as potential biomarkers for cancer prognosis and predictive indicators, as well as novel therapeutic targets. The present review summarizes the biogenesis and mechanistic functions of circRNAs, outlines their potential role in the initiation and progression of NSCLC and discusses their application as therapeutic targets in cancer treatment. The present review aimed to provide new perspectives for the development of emerging diagnostic or prognostic biomarkers and potential therapeutic targets for NSCLC.",Available,"This research paper looks at a type of lung cancer called non‑small cell lung cancer, or NSCLC (Abstract, sentence 2). Lung cancer is very common and causes many deaths, so it is a big health problem (Abstract, sentence 1). Many people learn they have lung cancer only after it has spread far in the body, so surgery and drugs often do not work well (Abstract, sentence 3). The writers of this paper wanted to better understand how NSCLC starts and grows, so that we can find new ways to test and treat it (Abstract, sentence 4). They did not run a new lab test on people, but instead read and summed up many past studies (Abstract, sentence 8). They focused on small ring‑shaped pieces of genetic material, called circular RNAs, that are very stable in cells (Abstract, sentence 5). When the levels of these ring pieces are not normal, they can help cancer grow and spread (Abstract, sentence 6). The paper says these ring pieces may work as signs in the blood or tissue to help tell how the cancer may act and how a person may do over time (Abstract, sentence 7). The authors hope this work will guide new tests to find NSCLC earlier and new drug targets to treat it better in the future (Abstract, sentence 9).","This research looks at a type of lung cancer called non‑small cell lung cancer, or NSCLC, and a group of small ring‑shaped molecules in cells called circular RNAs, or circRNAs (Abstract, para. 1). We need this work because many people learn they have NSCLC only after it has spread, and current tests and drugs often do not work well then (Abstract, para. 1). You may benefit in the future if new blood tests or drug targets based on circRNAs become real tools in the clinic (Introduction, para. 1). The authors read and summed up many lab and animal studies that measured circRNAs in lung tumors and normal tissue (Body, para. 12). They looked at how these ring molecules control cancer cell growth, spread, and how the body’s defense cells react to the tumor (Body, para. 11). They found that some circRNAs act like “on” switches that help lung cancer cells grow and move, while others act like “off” switches that slow or block the cancer (Body, para. 13). Certain circRNAs also help cancer cells hide from the immune system or resist drugs, while others make drug treatment work better (Body, para. 16). These results matter because stable circRNAs in blood or other body fluids may serve as early warning signs or as new drug targets for NSCLC in the future (Body, para. 21). With better testing tools, circRNAs may one day help guide more exact, person‑specific lung cancer care (Discussion, para. 4).","This research looks at a type of lung cancer called non‑small cell lung cancer, or NSCLC, and a group of small ring‑shaped molecules in cells called circular RNAs, or circRNAs. We need this work because many people learn they have NSCLC only after it has spread, and current tests and drugs often do not work well then. You may benefit in the future if new blood tests or drug targets based on circRNAs become real tools in the clinic. The authors read and summed up many lab and animal studies that measured circRNAs in lung tumors and normal tissue. They looked at how these ring molecules control cancer cell growth, spread, and how the body’s defense cells react to the tumor. They found that some circRNAs act like “on” switches that help lung cancer cells grow and move, while others act like “off” switches that slow or block the cancer. Certain circRNAs also help cancer cells hide from the immune system or resist drugs, while others make drug treatment work better. These results matter because stable circRNAs in blood or other body fluids may serve as early warning signs or as new drug targets for NSCLC in the future. With better testing tools, circRNAs may one day help guide more exact, person‑specific lung cancer care.","This research looks at a type of lung cancer called non‑small cell lung cancer, or NSCLC, and a group of small ring‑shaped molecules in cells called circular RNAs, or circRNAs. We need this work because many people learn they have NSCLC only after it has spread, and current tests and drugs often do not work well then. You may benefit in the future if new blood tests or drug targets based on circRNAs become real tools in the clinic. The authors read and summed up many lab and animal studies that measured circRNAs in lung tumors and normal tissue. They looked at how these ring molecules control cancer cell growth, spread, and how the body’s defense cells react to the tumor. They found that some circRNAs act like “on” switches that help lung cancer cells grow and move, while others act like “off” switches that slow or block the cancer. Certain circRNAs also help cancer cells hide from the immune system or resist drugs, while others make drug treatment work better. These results matter because stable circRNAs in blood or other body fluids may serve as early warning signs or as new drug targets for NSCLC in the future. With better testing tools, circRNAs may one day help guide more exact, person‑specific lung cancer care.","This research looks at a type of lung cancer called non‑small cell lung cancer, or NSCLC, and a group of small ring‑shaped molecules in cells called circular RNAs, or circRNAs [E1].  

We need this work because many people learn they have NSCLC only after it has spread, and current tests and drugs often do not work well then [E1]. You may benefit in the future if new blood tests or drug targets based on circRNAs become real tools in the clinic [E2].  

The authors read and summed up many lab and animal studies that measured circRNAs in lung tumors and normal tissue [E16]. They looked at how these ring molecules control cancer cell growth, spread, and how the body’s defense cells react to the tumor [E15].  

They found that some circRNAs act like “on” switches that help lung cancer cells grow and move, while others act like “off” switches that slow or block the cancer [E17]. Certain circRNAs also help cancer cells hide from the immune system or resist drugs, while others make drug treatment work better [E20].  

These results matter because stable circRNAs in blood or other body fluids may serve as early warning signs or as new drug targets for NSCLC in the future [E25]. With better testing tools, circRNAs may one day help guide more exact, person‑specific lung cancer care [E29].",9,"E1, E2, E16, E15, E17, E20, E25, E29",,29,29,0.498920569,67.81388889,9.873333333,64.14777778,10.24666667,0.882352941,0.866666667,0.357697283,0.728458643,8.167268649,10.25414643,10.86868687,11.97416021
40910276,Lactylation modification in lung cancer: A review of current research and future directions (Review).,https://pubmed.ncbi.nlm.nih.gov/40910276/,"Lung cancer is a common malignancy that poses risks to human health and quality of life. The primary treatment options currently available include surgery, chemotherapy and radiotherapy. However, the aggressive metastatic nature of the disease combined with the development of drug and radiation resistance results in suboptimal survival outcomes. Consequently, there is a need to explore novel therapeutic approaches and develop more effective drugs. Lactylation, an epigenetic modification induced by lactate, alters histone proteins to modify the chromatin structure, as well as non‑histone proteins. This post‑translational modification is associated with the initiation and progression of lung cancer. Lactylation carries out a considerable role in the onset, progression and resistance of the disease by influencing tumor metabolism and the surrounding microenvironment. Targeting lactylation could provide innovative strategies for the targeted therapy of lung cancer.",Available,"This study looks at lung cancer, which is a very common and serious type of cancer that harms health and daily life (Abstract, sentence 1). Right now, you may get surgery, drug treatment, or radiation for lung cancer, but these do not always work well because the cancer can spread and stop responding to these treatments (Abstract, sentence 2). This means many people still do not live as long as we want, so we need new and better ways to treat this disease (Abstract, sentence 3)(Abstract, sentence 4). The researchers looked at a small change in cells called “lactylation,” which is caused by a substance called lactate (Abstract, sentence 5). This change can affect key cell parts and how the cell’s “control center” is packed and used (Abstract, sentence 5). They found that this change is linked to how lung cancer starts, grows, and becomes hard to treat (Abstract, sentence 6). It also seems to affect how the tumor uses energy and how it acts with nearby cells (Abstract, sentence 7). The study suggests that if we can block or change lactylation, we may be able to create new, more exact drugs for lung cancer (Abstract, sentence 8). In the future, this might give people with lung cancer more treatment choices and better care (Abstract, sentence 8).","This research looks at a new way that lung cancer cells use a common body chemical called lactate to grow and spread (Abstract, para. 1). We need this study because lung cancer is a top cause of cancer death, and many people still die even with surgery, chemo, and new drugs (Introduction, para. 1). It may help people with both main types of lung cancer in the future (Body, para. 1). The writers of this paper read and summed up many lab and animal studies on how lung cancer cells make and use lactate, and how this leads to a change on proteins called “lactylation” (Introduction, para. 2). They also looked at work that links these changes to how long people live and how they respond to treatment (Body, para. 10). They found that lung tumors make a lot of lactate, and this drives lactylation, which helps cancer cells grow, move, and hide from the immune system (Body, para. 7). Some teams built gene models based on these changes that can sort patients into higher and lower risk groups (Body, para. 10). Early lab work shows that blocking lactate or lactylation can slow lung cancer cell growth and may make other treatments work better (Body, para. 15). These findings suggest that, in the future, lab tests for lactylation and drugs that block it may help guide more personal lung cancer care, but this is not yet in clinic use (Body, para. 16).","This research looks at a new way that lung cancer cells use a common body chemical called lactate to grow and spread. We need this study because lung cancer is a top cause of cancer death, and many people still die even with surgery, chemo, and new drugs. It may help people with both main types of lung cancer in the future. The writers of this paper read and summed up many lab and animal studies on how lung cancer cells make and use lactate, and how this leads to a change on proteins called “lactylation”. They also looked at work that links these changes to how long people live and how they respond to treatment. They found that lung tumors make a lot of lactate, and this drives lactylation, which helps cancer cells grow, move, and hide from the immune system. Some teams built gene models based on these changes that can sort patients into higher and lower risk groups. Early lab work shows that blocking lactate or lactylation can slow lung cancer cell growth and may make other treatments work better. These findings suggest that, in the future, lab tests for lactylation and drugs that block it may help guide more personal lung cancer care, but this is not yet in clinic use.","This research looks at a new way that lung cancer cells use a common body chemical called lactate to grow and spread. We need this study because lung cancer is a top cause of cancer death, and many people still die even with surgery, chemo, and new drugs. It may help people with both main types of lung cancer in the future. The writers of this paper read and summed up many lab and animal studies on how lung cancer cells make and use lactate, and how this leads to a change on proteins called “lactylation”. They also looked at work that links these changes to how long people live and how they respond to treatment. They found that lung tumors make a lot of lactate, and this drives lactylation, which helps cancer cells grow, move, and hide from the immune system. Some teams built gene models based on these changes that can sort patients into higher and lower risk groups. Early lab work shows that blocking lactate or lactylation can slow lung cancer cell growth and may make other treatments work better. These findings suggest that, in the future, lab tests for lactylation and drugs that block it may help guide more personal lung cancer care, but this is not yet in clinic use.","This research looks at a new way that lung cancer cells use a common body chemical called lactate to grow and spread [E1].  

We need this study because lung cancer is a top cause of cancer death, and many people still die even with surgery, chemo, and new drugs [E2]. It may help people with both main types of lung cancer in the future [E7].  

The writers of this paper read and summed up many lab and animal studies on how lung cancer cells make and use lactate, and how this leads to a change on proteins called “lactylation” [E3]. They also looked at work that links these changes to how long people live and how they respond to treatment [E16].  

They found that lung tumors make a lot of lactate, and this drives lactylation, which helps cancer cells grow, move, and hide from the immune system [E13]. Some teams built gene models based on these changes that can sort patients into higher and lower risk groups [E16]. Early lab work shows that blocking lactate or lactylation can slow lung cancer cell growth and may make other treatments work better [E21].  

These findings suggest that, in the future, lab tests for lactylation and drugs that block it may help guide more personal lung cancer care, but this is not yet in clinic use [E22].",9,"E1, E2, E7, E3, E16, E13, E21, E22",,26,26,0.521655109,67.74286738,9.800430108,71.62405685,9.203875969,0.952380952,1,0.45,0.780183333,8.51512884,8.51512884,11.11909882,10.85788114
41369416,Ferroptosis and Radiotherapy in Lung Cancer.,https://pubmed.ncbi.nlm.nih.gov/41369416/,"BACKGROUND: Lung cancer (LC) is a leading cause of cancer mortality worldwide. While radiotherapy (RT) has been a lasting cornerstone of LC management, there are concerns due to tumor radioresistance and unintended damage to surrounding healthy tissue. Ferroptosis is a recently described mechanism of programmed cell death which has potential to serve as a complementary adjunct to facilitate RT-based LC treatment. OBJECTIVES: This review is a comprehensive overview of ferroptosis in the broader context of synergism with RT for LC. SUMMARY: Ferroptosis is essentially driven by intracellular iron overload, which drives the formation of reactive oxygen species, ultimately resulting in membrane instability and cell death. LC lines have been shown to exhibit a heterogeneous mix of pro- and anti-ferroptotic changes. RT shows promise as a potential ferroptosis inducer, especially when complemented with pharmacologic agents such as erastin. CONCLUSIONS: Ferroptosis represents a promising modern adjunct to a traditional therapeutic strategy. Future work should focus on rigorous dosage standards to avoid unintended toxicity, repurposing of currently available drugs into ferroptosis inducers, and establishment of safety protocols to begin the pathway towards clinical studies.",Available,"This research looks at lung cancer and a new way to help kill cancer cells called ferroptosis (Abstract, sentence 1). We need this study because lung cancer is a major cause of death, and while we use radiation to treat it, the cancer can resist the rays and nearby healthy tissue can get hurt (Abstract, sentence 1). The writers of this paper read and summed up many lab studies that test how ferroptosis works with radiation in lung cancer (Abstract, sentence 4). They explain that ferroptosis is a kind of planned cell death that happens when iron builds up inside a cell and makes harmful forms of oxygen, which then break the cell’s outer skin and cause the cell to die (Abstract, sentence 5). They found that lung cancer cells can show both signs that make ferroptosis easier and signs that block it, so the mix is not the same in all cells (Abstract, sentence 6). They also found that radiation can help start ferroptosis, and this effect may grow stronger when we add some drugs, such as a drug called erastin (Abstract, sentence 7). These results suggest that ferroptosis may be a useful add-on to standard radiation for lung cancer (Abstract, sentence 8). Future work needs to set safe dose rules and test if some old drugs can be used to trigger ferroptosis in people (Abstract, sentence 9).","This research looks at a new way to help treat lung cancer with radiation. (Abstract, para. 1)Lung cancer causes many deaths, and about 4 in 10 people with lung cancer get radiation. (Introduction, para. 1)But tumors can learn to resist it, and nearby healthy lung can get hurt. (Introduction, para. 1)The team reviews a type of cell death called ferroptosis, which happens when iron inside a cell builds up and harms the cell’s outer wall. (Abstract, para. 1)Radiation can raise this kind of damage in cancer cells and may push them toward ferroptosis. (Introduction, para. 3)The writers looked at many lab and animal studies that mix radiation with drugs that trigger ferroptosis, such as erastin, sorafenib, and drugs that block a cell’s own “shield” against this damage. (Body, para. 12)In lung cancer models, these drug and radiation pairs slowed tumor growth more than either alone, even when tumors were hard to kill. (Body, para. 12)They also note risks. The same process can damage normal lung and other organs, so dose and drug delivery must be very careful. (Introduction, para. 4)The authors say more animal work, safety tests, and then human trials are needed before this can be used in the clinic. (Discussion, para. 4)If it proves safe, this mix of radiation and ferroptosis drugs may one day help some people whose lung tumors no longer respond to standard care. (Discussion, para. 1)","This research looks at a new way to help treat lung cancer with radiation. Lung cancer causes many deaths, and about 4 in 10 people with lung cancer get radiation. But tumors can learn to resist it, and nearby healthy lung can get hurt. The team reviews a type of cell death called ferroptosis, which happens when iron inside a cell builds up and harms the cell’s outer wall. Radiation can raise this kind of damage in cancer cells and may push them toward ferroptosis. The writers looked at many lab and animal studies that mix radiation with drugs that trigger ferroptosis, such as erastin, sorafenib, and drugs that block a cell’s own “shield” against this damage. In lung cancer models, these drug and radiation pairs slowed tumor growth more than either alone, even when tumors were hard to kill. They also note risks. The same process can damage normal lung and other organs, so dose and drug delivery must be very careful. The authors say more animal work, safety tests, and then human trials are needed before this can be used in the clinic. If it proves safe, this mix of radiation and ferroptosis drugs may one day help some people whose lung tumors no longer respond to standard care.","This research looks at a new way to help treat lung cancer with radiation. Lung cancer causes many deaths, and about 4 in 10 people with lung cancer get radiation. But tumors can learn to resist it, and nearby healthy lung can get hurt. The team reviews a type of cell death called ferroptosis, which happens when iron inside a cell builds up and harms the cell’s outer wall. Radiation can raise this kind of damage in cancer cells and may push them toward ferroptosis. The writers looked at many lab and animal studies that mix radiation with drugs that trigger ferroptosis, such as erastin, sorafenib, and drugs that block a cell’s own “shield” against this damage. In lung cancer models, these drug and radiation pairs slowed tumor growth more than either alone, even when tumors were hard to kill. They also note risks. The same process can damage normal lung and other organs, so dose and drug delivery must be very careful. The authors say more animal work, safety tests, and then human trials are needed before this can be used in the clinic. If it proves safe, this mix of radiation and ferroptosis drugs may one day help some people whose lung tumors no longer respond to standard care.","This research looks at a new way to help treat lung cancer with radiation. [E1]  

Lung cancer causes many deaths, and about 4 in 10 people with lung cancer get radiation. [E2] But tumors can learn to resist it, and nearby healthy lung can get hurt. [E2]  

The team reviews a type of cell death called ferroptosis, which happens when iron inside a cell builds up and harms the cell’s outer wall. [E1] Radiation can raise this kind of damage in cancer cells and may push them toward ferroptosis. [E4]  

The writers looked at many lab and animal studies that mix radiation with drugs that trigger ferroptosis, such as erastin, sorafenib, and drugs that block a cell’s own “shield” against this damage. [E18] In lung cancer models, these drug and radiation pairs slowed tumor growth more than either alone, even when tumors were hard to kill. [E18]  

They also note risks. The same process can damage normal lung and other organs, so dose and drug delivery must be very careful. [E5]  

The authors say more animal work, safety tests, and then human trials are needed before this can be used in the clinic. [E49] If it proves safe, this mix of radiation and ferroptosis drugs may one day help some people whose lung tumors no longer respond to standard care. [E46]",10,"E1, E2, E4, E18, E5, E49, E46",,49,49,0.60592015,60.30114902,11.9597762,66.27919862,8.780008617,0.909090909,1,0.346153846,0.823833333,10.41145118,9.339509956,13.72074236,9.75803533
,,,,,,,,,,,,,,,,,,,,,,,,,,,
,,,,,,,,,,,,,,,,,,,,,,,,,,,
,,,,,,,,,,,,,,,,,,,,,,,,,,,
,,,,,,,,,,,,Average ,43.175,43.175,0.561276739,68.54554309,9.84652439,68.20371432,9.478642084,0.813862767,0.983709409,0.369115635,0.644554684,7.028757523,8.311917349,10.59993287,10.58512301