pmid,Title,Link,Abstract,FullText_Availability,Abstract_Summary,Full_Text_Summary_With_In_Text_Citations,Full_Text_Summary_Without_Citations,Full_Text_Summary,Raw_Summary_With_Evidence_IDs,Number_of_In_Text_Citations_Found,Used_Evidence_IDs,Invalid_Evidence_IDs,Source_Evidence_Blocks_Sent_To_GPT,Total_Source_Paragraphs,Abstract_vs_FullText_Similarity,Abstract_Flesch_Reading_Ease,Abstract_Flesch_Kincaid_Grade,FullText_Flesch_Reading_Ease,FullText_Flesch_Kincaid_Grade,Abstract_RAGAS_Faithfulness,FullText_RAGAS_Faithfulness,Abstract_RAGAS_Summarization_Score,FullText_RAGAS_Summarization_Score,Abstract_SMOG_Index,FullText_SMOG_Index,Abstract_Gunning_Fog_Score,FullText_Gunning_Fog_Score
15822487,Lung cancer.,https://pubmed.ncbi.nlm.nih.gov/15822487/,"Lung cancer is the leading cause of cancer-related mortality. Since tobacco smoking is the cause in vast majority of cases, the incidence of lung cancer is expected to rise in those countries with high or rising incidence of tobacco smoking. Even though populations at risk of developing lung cancer are easily identified, mass screening for lung cancer is not supported by currently available evidence. In the case of non-small cell lung cancer, a cure may be possible with surgical resection followed by post-operative chemotherapy in those diagnosed at an early stage. A small minority of patients who present with locally advanced disease may also benefit from pre-operative chemotherapy and/or radiation therapy to down stage the tumor to render it potentially operable. In a vast majority of patients, however, lung cancer presents at an advanced stage and a cure is not possible with currently available therapeutic strategies. Similarly, small cell lung cancer confined to one hemi-thorax may be curable with a combination of chemotherapy and thoracic irradiation followed by prophylactic cranial irradiation, if complete remission is achieved at the primary site. Small cell lung cancer that is spread beyond the confines of one hemi-thorax is, however, considered incurable. In this era of molecular targeted therapies, new agents are constantly undergoing pre-clinical and clinical testing with the aim of targeting the molecular pathways thought be involved in etiology and pathogenesis of lung cancer.",Available,"This research is about lung cancer, which is the top cause of death from cancer (Abstract, sentence 1). It looks at how we treat lung cancer now, and why we still need better care (Abstract, sentence 6). This work may help people who smoke or used to smoke, and people who may get or already have lung cancer (Abstract, sentence 2). The team looked at how often lung cancer is found late, and what kinds of treatment can still help (Abstract, sentence 6). They also looked at when surgery, drug care, and beam care can lead to a cure in some people (Abstract, sentence 4). They found that most lung cancer is linked to smoking, and rates may rise where more people smoke (Abstract, sentence 2). They saw that wide use of scan tests to find lung cancer early is not yet backed by proof (Abstract, sentence 3). They found that some people with early non small cell lung cancer can be cured with surgery and drug care, and a few with more local disease may gain from drug care or beam care before surgery (Abstract, sentence 4). A small group with early small cell lung cancer can be cured with drug care and beam care, but once it has spread far, cure is not likely (Abstract, sentence 7). The study notes that many new “target” drugs are now in tests to block key cancer paths (Abstract, sentence 9). These may one day give more choices for people with lung cancer (Abstract, sentence 9).","This research paper looks at lung cancer, which is the top cause of death from cancer in the world (Abstract, para. 1). It talks about what causes it, how we find it, and how we treat it (Abstract, para. 1). This work can help you if you smoke now, used to smoke, breathe in other people’s smoke, or care for someone with lung cancer (Body, para. 1). We learn that smoking causes about 9 out of 10 lung cancers, and even second hand smoke can raise your risk (Body, para. 3). Yet only about 1 in 10 smokers get lung cancer, so other things like genes and other harms in the air also play a role (Body, para. 6). The paper notes that lung cancer often shows up late, and only about 14 out of 100 people are still alive five years after they learn they have it (Body, para. 1). The writers review tests like chest X‑rays and scans, and treatments like surgery, drugs, and radiation (Body, para. 10). They report that surgery can cure some early lung cancers, and adding drug treatment after surgery can raise five‑year survival by about 4% in some groups (Body, para. 24). These results support strong help to quit smoking and to catch lung cancer as early as we can (Body, para. 2).","This research paper looks at lung cancer, which is the top cause of death from cancer in the world. It talks about what causes it, how we find it, and how we treat it. This work can help you if you smoke now, used to smoke, breathe in other people’s smoke, or care for someone with lung cancer. We learn that smoking causes about 9 out of 10 lung cancers, and even second hand smoke can raise your risk. Yet only about 1 in 10 smokers get lung cancer, so other things like genes and other harms in the air also play a role. The paper notes that lung cancer often shows up late, and only about 14 out of 100 people are still alive five years after they learn they have it. The writers review tests like chest X‑rays and scans, and treatments like surgery, drugs, and radiation. They report that surgery can cure some early lung cancers, and adding drug treatment after surgery can raise five‑year survival by about 4% in some groups. These results support strong help to quit smoking and to catch lung cancer as early as we can.","This research paper looks at lung cancer, which is the top cause of death from cancer in the world. It talks about what causes it, how we find it, and how we treat it. This work can help you if you smoke now, used to smoke, breathe in other people’s smoke, or care for someone with lung cancer. We learn that smoking causes about 9 out of 10 lung cancers, and even second hand smoke can raise your risk. Yet only about 1 in 10 smokers get lung cancer, so other things like genes and other harms in the air also play a role. The paper notes that lung cancer often shows up late, and only about 14 out of 100 people are still alive five years after they learn they have it. The writers review tests like chest X‑rays and scans, and treatments like surgery, drugs, and radiation. They report that surgery can cure some early lung cancers, and adding drug treatment after surgery can raise five‑year survival by about 4% in some groups. These results support strong help to quit smoking and to catch lung cancer as early as we can.","This research paper looks at lung cancer, which is the top cause of death from cancer in the world [E1]. It talks about what causes it, how we find it, and how we treat it [E1]. This work can help you if you smoke now, used to smoke, breathe in other people’s smoke, or care for someone with lung cancer [E2].  

We learn that smoking causes about 9 out of 10 lung cancers, and even second hand smoke can raise your risk [E4]. Yet only about 1 in 10 smokers get lung cancer, so other things like genes and other harms in the air also play a role [E7]. The paper notes that lung cancer often shows up late, and only about 14 out of 100 people are still alive five years after they learn they have it [E2].  

The writers review tests like chest X‑rays and scans, and treatments like surgery, drugs, and radiation [E11]. They report that surgery can cure some early lung cancers, and adding drug treatment after surgery can raise five‑year survival by about 4% in some groups [E25].  

These results support strong help to quit smoking and to catch lung cancer as early as we can [E3].",9,"E1, E2, E4, E7, E11, E25, E3",,39,39,0.4627190329819918,77.1481209735147,8.235139584824626,75.48339666090963,8.058307426597583,0.8571428571428571,1.0,0.4169418758256577,0.6495500000000001,6.574015621080383,7.3871296695380915,9.708804581245527,9.614047207829591
28061470,Lung cancer and chronic obstructive pulmonary disease: From a clinical perspective.,https://pubmed.ncbi.nlm.nih.gov/28061470/,"Chronic obstructive pulmonary disease (COPD) and lung cancer are devastating pulmonary diseases that commonly coexist and present a number of clinical challenges. COPD confers a higher risk for lung cancer development, but available chemopreventive measures remain rudimentary. Current studies have shown a marked benefit of cancer screening in the COPD population, although challenges remain, including the common underdiagnosis of COPD. COPD-associated lung cancer presents distinct clinical features. Treatment for lung cancer coexisting with COPD is challenging as COPD may increase postoperative morbidities and decrease survival. In this review, we outline current progress in the understanding of the clinical association between COPD and lung cancer, and suggest possible cancer prevention strategies in this patient population.",Available,"This research looks at how a long-term lung disease called COPD and lung cancer often happen in the same person and how that affects care (Abstract, sentence 1). We need this study because people with COPD have a higher chance of getting lung cancer, but ways to stop cancer from starting are still very basic (Abstract, sentence 2). This work may help people who already have COPD, people at high risk for lung cancer, and the doctors who care for them (Abstract, sentence 1). The team read and summed up many past studies to explain how COPD and lung cancer are linked and how this changes care and outcomes (Abstract, sentence 6). They also looked at how well cancer checks, like lung scans, work in people with COPD (Abstract, sentence 3). They found that cancer checks can help people with COPD, but many people with COPD are never told they have it, so they may miss these checks (Abstract, sentence 3). They also found that lung cancer in people with COPD can look and act in a different way than in people without COPD (Abstract, sentence 4). Treating lung cancer is harder when COPD is present, with more problems after surgery and lower survival (Abstract, sentence 5). The authors suggest ways to better prevent cancer in people with COPD and to improve care for those who have both diseases (Abstract, sentence 6).","This research looks at how a long‑term lung disease called COPD and lung cancer are linked, and what that means for care and screening (Abstract, para. 1). We need this study because many people have both COPD and lung cancer, and this makes treatment hard and can lower how long they live (Abstract, para. 1). If you have COPD, you also have a higher chance of getting lung cancer, even if you do not smoke now (Methods, para. 1). The writers of this paper did not test a new drug. They read and summed up many past studies on COPD, lung cancer risk, lung scans, surgery, and other treatments (Body, para. 2). They found that people with COPD are at higher risk for lung cancer, and that quitting smoking can cut lung cancer risk by about half over time (Methods, para. 1). Low‑dose chest scans can find lung cancer early in people with COPD and may help them live longer, but many people with COPD are never told they have it (Body, para. 5)(Body, para. 6). Surgery for lung cancer is more risky when you have COPD, but lung rehab, good lung drugs, and careful care can lower problems after surgery (Body, para. 12)(Body, para. 16). These findings may guide doctors to screen people with COPD sooner, support quitting smoking, and plan safer treatment for lung cancer in this group (Body, para. 23).","This research looks at how a long‑term lung disease called COPD and lung cancer are linked, and what that means for care and screening. We need this study because many people have both COPD and lung cancer, and this makes treatment hard and can lower how long they live. If you have COPD, you also have a higher chance of getting lung cancer, even if you do not smoke now. The writers of this paper did not test a new drug. They read and summed up many past studies on COPD, lung cancer risk, lung scans, surgery, and other treatments. They found that people with COPD are at higher risk for lung cancer, and that quitting smoking can cut lung cancer risk by about half over time. Low‑dose chest scans can find lung cancer early in people with COPD and may help them live longer, but many people with COPD are never told they have it. Surgery for lung cancer is more risky when you have COPD, but lung rehab, good lung drugs, and careful care can lower problems after surgery. These findings may guide doctors to screen people with COPD sooner, support quitting smoking, and plan safer treatment for lung cancer in this group.","This research looks at how a long‑term lung disease called COPD and lung cancer are linked, and what that means for care and screening. We need this study because many people have both COPD and lung cancer, and this makes treatment hard and can lower how long they live. If you have COPD, you also have a higher chance of getting lung cancer, even if you do not smoke now. The writers of this paper did not test a new drug. They read and summed up many past studies on COPD, lung cancer risk, lung scans, surgery, and other treatments. They found that people with COPD are at higher risk for lung cancer, and that quitting smoking can cut lung cancer risk by about half over time. Low‑dose chest scans can find lung cancer early in people with COPD and may help them live longer, but many people with COPD are never told they have it. Surgery for lung cancer is more risky when you have COPD, but lung rehab, good lung drugs, and careful care can lower problems after surgery. These findings may guide doctors to screen people with COPD sooner, support quitting smoking, and plan safer treatment for lung cancer in this group.","This research looks at how a long‑term lung disease called COPD and lung cancer are linked, and what that means for care and screening [E1].  

We need this study because many people have both COPD and lung cancer, and this makes treatment hard and can lower how long they live [E1]. If you have COPD, you also have a higher chance of getting lung cancer, even if you do not smoke now [E6].  

The writers of this paper did not test a new drug. They read and summed up many past studies on COPD, lung cancer risk, lung scans, surgery, and other treatments [E3].  

They found that people with COPD are at higher risk for lung cancer, and that quitting smoking can cut lung cancer risk by about half over time [E6]. Low‑dose chest scans can find lung cancer early in people with COPD and may help them live longer, but many people with COPD are never told they have it [E9][E10]. Surgery for lung cancer is more risky when you have COPD, but lung rehab, good lung drugs, and careful care can lower problems after surgery [E16][E20].  

These findings may guide doctors to screen people with COPD sooner, support quitting smoking, and plan safer treatment for lung cancer in this group [E27].",10,"E1, E6, E3, E9, E10, E16, E20, E27",,27,27,0.6586164753596132,65.80417624521073,10.484885057471267,73.11653116531167,8.71967479674797,0.95,1.0,0.45833333333339316,0.6799494283984473,7.3871296695380915,6.42735559955562,10.828352490421457,9.69647696476965
28615068,Quantitative proteomics in lung cancer.,https://pubmed.ncbi.nlm.nih.gov/28615068/,"Lung cancer is the most common cause of cancer-related death worldwide, less than 7% of patients survive 10 years following diagnosis across all stages of lung cancer. Late stage of diagnosis and lack of effective and personalized medicine reflect the need for a better understanding of the mechanisms that underlie lung cancer progression. Quantitative proteomics provides the relative different protein abundance in normal and cancer patients which offers the information for molecular interactions, signaling pathways, and biomarker identification. Here we introduce both theoretical and practical applications in the use of quantitative proteomics approaches, with principles of current technologies and methodologies including gel-based, label free, stable isotope labeling as well as targeted proteomics. Predictive markers of drug resistance, candidate biomarkers for diagnosis, and prognostic markers in lung cancer have also been discovered and analyzed by quantitative proteomic analysis. Moreover, construction of protein networks enables to provide an opportunity to interpret disease pathway and improve our understanding in cancer therapeutic strategies, allowing the discovery of molecular markers and new therapeutic targets for lung cancer.",Available,"This study looks at lung cancer, which is the top cause of cancer death in the world, and only about 7 out of 100 people are still alive 10 years after they learn they have it (Abstract, sentence 1). We need better ways to find lung cancer early and to pick the right drug for each person, but we do not yet know enough about how this cancer grows and spreads (Abstract, sentence 2). The team used a lab method that can measure many proteins, which are tiny parts in your cells that do most of the work (Abstract, sentence 3). They compared proteins in normal lung cells and in lung cancer cells to see which ones change (Abstract, sentence 3). They also explain how this method works in real labs, using several types of tools to measure these proteins (Abstract, sentence 4). From this work, they found protein “markers” that may help tell who will not respond well to some drugs, who has lung cancer, and who may do better or worse over time (Abstract, sentence 5). They also built maps of how proteins link and talk to each other, to better see which paths in the cell drive lung cancer and may be good drug targets (Abstract, sentence 6). In the future, these protein markers may help doctors choose tests and drugs that fit each lung cancer patient more closely (Abstract, sentence 5).","This research looks at lung cancer, which is the top cause of cancer death in the world, and asks how we can find it earlier and treat it in a more personal way (Abstract, para. 1). We need this work because most people with lung cancer do not live 10 years after they find out they are sick, and current care is often not enough, especially for the most common type called non‑small cell lung cancer (Introduction, para. 1). The team used a lab method called “quantitative proteomics,” which is a way to measure many proteins in blood, body fluid, or tissue and compare people with lung cancer to people without it (Introduction, para. 2). They reviewed four main lab approaches and how these can spot protein “markers” that signal cancer (Body, para. 1). They found many protein markers that may help with early lung cancer tests, tell who has a worse outlook, and show who may not respond well to some drugs (Body, para. 7). For example, some protein patterns in lung fluid and blood can help tell lung cancer from other lung disease and may pick up cancer at an early stage (Body, para. 10). These findings may one day help doctors choose the right drug for you and use simple lab tests to find lung cancer sooner, but they still need more testing in large patient groups (Body, para. 8).","This research looks at lung cancer, which is the top cause of cancer death in the world, and asks how we can find it earlier and treat it in a more personal way. We need this work because most people with lung cancer do not live 10 years after they find out they are sick, and current care is often not enough, especially for the most common type called non‑small cell lung cancer. The team used a lab method called “quantitative proteomics,” which is a way to measure many proteins in blood, body fluid, or tissue and compare people with lung cancer to people without it. They reviewed four main lab approaches and how these can spot protein “markers” that signal cancer. They found many protein markers that may help with early lung cancer tests, tell who has a worse outlook, and show who may not respond well to some drugs. For example, some protein patterns in lung fluid and blood can help tell lung cancer from other lung disease and may pick up cancer at an early stage. These findings may one day help doctors choose the right drug for you and use simple lab tests to find lung cancer sooner, but they still need more testing in large patient groups.","This research looks at lung cancer, which is the top cause of cancer death in the world, and asks how we can find it earlier and treat it in a more personal way. We need this work because most people with lung cancer do not live 10 years after they find out they are sick, and current care is often not enough, especially for the most common type called non‑small cell lung cancer. The team used a lab method called “quantitative proteomics,” which is a way to measure many proteins in blood, body fluid, or tissue and compare people with lung cancer to people without it. They reviewed four main lab approaches and how these can spot protein “markers” that signal cancer. They found many protein markers that may help with early lung cancer tests, tell who has a worse outlook, and show who may not respond well to some drugs. For example, some protein patterns in lung fluid and blood can help tell lung cancer from other lung disease and may pick up cancer at an early stage. These findings may one day help doctors choose the right drug for you and use simple lab tests to find lung cancer sooner, but they still need more testing in large patient groups.","This research looks at lung cancer, which is the top cause of cancer death in the world, and asks how we can find it earlier and treat it in a more personal way [E1].  

We need this work because most people with lung cancer do not live 10 years after they find out they are sick, and current care is often not enough, especially for the most common type called non‑small cell lung cancer [E2].  

The team used a lab method called “quantitative proteomics,” which is a way to measure many proteins in blood, body fluid, or tissue and compare people with lung cancer to people without it [E3]. They reviewed four main lab approaches and how these can spot protein “markers” that signal cancer [E4].  

They found many protein markers that may help with early lung cancer tests, tell who has a worse outlook, and show who may not respond well to some drugs [E10]. For example, some protein patterns in lung fluid and blood can help tell lung cancer from other lung disease and may pick up cancer at an early stage [E13].  

These findings may one day help doctors choose the right drug for you and use simple lab tests to find lung cancer sooner, but they still need more testing in large patient groups [E11].",7,"E1, E2, E3, E4, E10, E13, E11",,27,27,0.6158472670892837,68.65937500000004,10.980292553191493,64.75820754716983,11.750673854447442,0.7222222222222222,1.0,0.4166666666667065,0.6949690476190477,3.1291,8.841846274778883,11.75,13.435040431266845
30935143,The Roles of MicroRNA in Lung Cancer.,https://pubmed.ncbi.nlm.nih.gov/30935143/,"Lung cancer is the most devastating malignancy in the world. Beyond genetic research, epigenomic studies-especially investigations of microRNAs-have grown rapidly in quantity and quality in the past decade. This has enriched our understanding about basic cancer biology and lit up the opportunities for potential therapeutic development. In this review, we summarize the involvement of microRNAs in lung cancer carcinogenesis and behavior, by illustrating the relationship to each cancer hallmark capability, and in addition, we briefly describe the clinical applications of microRNAs in lung cancer diagnosis and prognosis. Finally, we discuss the potential therapeutic use of microRNAs in lung cancer.",Available,"This research paper looks at lung cancer, which is one of the deadliest types of cancer in the world (Abstract, sentence 1). The study may help people who have lung cancer now or who may get it in the future (Abstract, sentence 1). The writers do not test new drugs in people. Instead, they read and sum up many past lab and clinic studies about tiny gene control parts called microRNAs and how these link to lung cancer (Abstract, sentence 2). They look at how these tiny parts may help cancer cells grow, spread, and stay alive (Abstract, sentence 4). They find that work on microRNAs has grown fast in the last ten years and has helped us learn more about how cancer starts and acts (Abstract, sentence 2). They also show how microRNAs may help doctors tell who has lung cancer, how bad it is, and what may happen over time (Abstract, sentence 4). This may guide care choices, like when to watch more close or when to treat more hard (Abstract, sentence 4). The writers also talk about how microRNAs might one day be used as new treatments for lung cancer, but this is still early and needs more study (Abstract, sentence 3). In the future, these tiny gene control parts may help doctors better test for, predict, and treat lung cancer (Abstract, sentence 5).","This research looks at tiny gene control switches, called microRNAs, and how they link to lung cancer (Abstract, para. 1). Lung cancer is the top cause of cancer death in the world, so we need better ways to find it, tell types apart, and choose treatment (Introduction, para. 1). This work may help people at high risk, people being tested for lung cancer, and people already in treatment (Body, para. 32). The writers read and summed up many lab and patient studies on how these small switches change cancer cell growth, spread, blood supply, and escape from the immune system (Body, para. 1). They also looked at how microRNAs in blood and tissue can act as lab tests and how they may change response to chemo, radiation, and drug pills that target cancer genes (Body, para. 32). They found that sets of microRNAs in blood can help tell who has lung cancer, with some tests showing about 75–87% accuracy in high‑risk groups (Body, para. 33). Other microRNAs link to how long people live and how well they respond to drugs or radiation (Body, para. 34). Early drug trials that add or block microRNAs in lung cancer show promise but also safety problems, so they are not ready for routine care yet (Body, para. 47). In the future, blood tests and treatments based on microRNAs may help guide lung cancer care, but more and larger studies are still needed (Conclusion, para. 1).","This research looks at tiny gene control switches, called microRNAs, and how they link to lung cancer. Lung cancer is the top cause of cancer death in the world, so we need better ways to find it, tell types apart, and choose treatment. This work may help people at high risk, people being tested for lung cancer, and people already in treatment. The writers read and summed up many lab and patient studies on how these small switches change cancer cell growth, spread, blood supply, and escape from the immune system. They also looked at how microRNAs in blood and tissue can act as lab tests and how they may change response to chemo, radiation, and drug pills that target cancer genes. They found that sets of microRNAs in blood can help tell who has lung cancer, with some tests showing about 75–87% accuracy in high‑risk groups. Other microRNAs link to how long people live and how well they respond to drugs or radiation. Early drug trials that add or block microRNAs in lung cancer show promise but also safety problems, so they are not ready for routine care yet. In the future, blood tests and treatments based on microRNAs may help guide lung cancer care, but more and larger studies are still needed.","This research looks at tiny gene control switches, called microRNAs, and how they link to lung cancer. Lung cancer is the top cause of cancer death in the world, so we need better ways to find it, tell types apart, and choose treatment. This work may help people at high risk, people being tested for lung cancer, and people already in treatment. The writers read and summed up many lab and patient studies on how these small switches change cancer cell growth, spread, blood supply, and escape from the immune system. They also looked at how microRNAs in blood and tissue can act as lab tests and how they may change response to chemo, radiation, and drug pills that target cancer genes. They found that sets of microRNAs in blood can help tell who has lung cancer, with some tests showing about 75–87% accuracy in high‑risk groups. Other microRNAs link to how long people live and how well they respond to drugs or radiation. Early drug trials that add or block microRNAs in lung cancer show promise but also safety problems, so they are not ready for routine care yet. In the future, blood tests and treatments based on microRNAs may help guide lung cancer care, but more and larger studies are still needed.","This research looks at tiny gene control switches, called microRNAs, and how they link to lung cancer [E1].  

Lung cancer is the top cause of cancer death in the world, so we need better ways to find it, tell types apart, and choose treatment [E2]. This work may help people at high risk, people being tested for lung cancer, and people already in treatment [E37].  

The writers read and summed up many lab and patient studies on how these small switches change cancer cell growth, spread, blood supply, and escape from the immune system [E6]. They also looked at how microRNAs in blood and tissue can act as lab tests and how they may change response to chemo, radiation, and drug pills that target cancer genes [E37].  

They found that sets of microRNAs in blood can help tell who has lung cancer, with some tests showing about 75–87% accuracy in high‑risk groups [E38]. Other microRNAs link to how long people live and how well they respond to drugs or radiation [E39]. Early drug trials that add or block microRNAs in lung cancer show promise but also safety problems, so they are not ready for routine care yet [E52].  

In the future, blood tests and treatments based on microRNAs may help guide lung cancer care, but more and larger studies are still needed [E58].",9,"E1, E2, E37, E6, E38, E39, E52, E58",,58,58,0.5706267747972555,72.73370704845816,8.753748898678413,67.26504153686398,9.784267912772584,0.6153846153846154,1.0,0.28571428571435686,0.4798166666666667,7.168621630094336,9.150863307647796,9.961057268722467,11.193354101765317
31963413,Immunosurveillance and Immunoediting of Lung Cancer: Current Perspectives and Challenges.,https://pubmed.ncbi.nlm.nih.gov/31963413/,"The immune system plays a dual role in tumor evolution-it can identify and control nascent tumor cells in a process called immunosurveillance and can promote tumor progression through immunosuppression via various mechanisms. Thus, bilateral host-protective and tumor-promoting actions of immunity are integrated as cancer immunoediting. In this decade, immune checkpoint inhibitors, specifically programmed cell death 1 (PD-1) pathway inhibitors, have changed the treatment paradigm of advanced non-small cell lung cancer (NSCLC). These agents are approved for the treatment of patients with NSCLC and demonstrate impressive clinical activity and durable responses in some patients. However, for many NSCLC patients, the efficacy of immune checkpoint inhibitors is limited. To optimize the full utility of the immune system for eradicating cancer, a broader understanding of cancer immunosurveillance and immunoediting is essential. In this review, we discuss the fundamental knowledge of the phenomena and provide an overview of the next-generation immunotherapies in the pipeline.",Available,"This research looks at how your own defense system, called the immune system, can both fight and help lung cancer grow (Abstract, sentence 1). It focuses on a type of lung cancer called non‑small cell lung cancer and on new drugs that help the immune system see and attack cancer cells (Abstract, sentence 3). We need this study because some people with this lung cancer do very well on these drugs, but many others do not get much help from them (Abstract, sentence 4). This work may help people with advanced lung cancer and the doctors who treat them (Abstract, sentence 5). The team read and summed up many past studies to explain how the immune system first watches for and kills new cancer cells, but later can be turned off or even used by the cancer to grow (Abstract, sentence 1). They call this back‑and‑forth “immunoediting,” which means the immune system and cancer shape each other over time (Abstract, sentence 2). They also list new immune‑based drugs now being tested that may work better or help more people (Abstract, sentence 7). These findings matter because they can guide new drug plans that use the immune system in a smarter way to fight lung cancer (Abstract, sentence 6). In the future, this may lead to more treatment choices for people with this disease (Abstract, sentence 7).","This research looks at how your own defense system can both fight and help cancer, and how new drugs try to shift this balance to help you more.(Abstract, para. 1)We need this work because some people with lung cancer do very well on new immune drugs, but many do not, or the cancer comes back.(Abstract, para. 1)It may help people with lung cancer and other cancers that have few good treatment choices.(Methods, para. 4)The team reviews past and new studies on how defense cells see cancer cells, how cancer learns to hide, and how drugs can wake up defense cells again.(Body, para. 8)They look at drugs that block “checkpoints” on defense cells, drugs that lower “brake” cells called Treg, and drugs that change or block helper cells called macrophages.(Methods, para. 1)They report that drugs like pembrolizumab and nivolumab help some people with lung cancer live longer than with standard chemo, but only a part of patients respond.(Methods, para. 4)They also note that cancer can lose key markers, called neoantigens, to escape these drugs.(Body, para. 18)These findings matter because they point to mix-and-match care, such as pairing checkpoint drugs with Treg or macrophage‑targeting drugs, to help more patients.(Methods, para. 9)In the future, this may guide more personal immune care plans based on how your own defense system and cancer interact.(Conclusion, para. 1)","This research looks at how your own defense system can both fight and help cancer, and how new drugs try to shift this balance to help you more. We need this work because some people with lung cancer do very well on new immune drugs, but many do not, or the cancer comes back. It may help people with lung cancer and other cancers that have few good treatment choices. The team reviews past and new studies on how defense cells see cancer cells, how cancer learns to hide, and how drugs can wake up defense cells again. They look at drugs that block “checkpoints” on defense cells, drugs that lower “brake” cells called Treg, and drugs that change or block helper cells called macrophages. They report that drugs like pembrolizumab and nivolumab help some people with lung cancer live longer than with standard chemo, but only a part of patients respond. They also note that cancer can lose key markers, called neoantigens, to escape these drugs. These findings matter because they point to mix-and-match care, such as pairing checkpoint drugs with Treg or macrophage‑targeting drugs, to help more patients. In the future, this may guide more personal immune care plans based on how your own defense system and cancer interact.","This research looks at how your own defense system can both fight and help cancer, and how new drugs try to shift this balance to help you more. We need this work because some people with lung cancer do very well on new immune drugs, but many do not, or the cancer comes back. It may help people with lung cancer and other cancers that have few good treatment choices. The team reviews past and new studies on how defense cells see cancer cells, how cancer learns to hide, and how drugs can wake up defense cells again. They look at drugs that block “checkpoints” on defense cells, drugs that lower “brake” cells called Treg, and drugs that change or block helper cells called macrophages. They report that drugs like pembrolizumab and nivolumab help some people with lung cancer live longer than with standard chemo, but only a part of patients respond. They also note that cancer can lose key markers, called neoantigens, to escape these drugs. These findings matter because they point to mix-and-match care, such as pairing checkpoint drugs with Treg or macrophage‑targeting drugs, to help more patients. In the future, this may guide more personal immune care plans based on how your own defense system and cancer interact.","This research looks at how your own defense system can both fight and help cancer, and how new drugs try to shift this balance to help you more.[E1]  

We need this work because some people with lung cancer do very well on new immune drugs, but many do not, or the cancer comes back.[E1] It may help people with lung cancer and other cancers that have few good treatment choices.[E36]  

The team reviews past and new studies on how defense cells see cancer cells, how cancer learns to hide, and how drugs can wake up defense cells again.[E10] They look at drugs that block “checkpoints” on defense cells, drugs that lower “brake” cells called Treg, and drugs that change or block helper cells called macrophages.[E33]  

They report that drugs like pembrolizumab and nivolumab help some people with lung cancer live longer than with standard chemo, but only a part of patients respond.[E36] They also note that cancer can lose key markers, called neoantigens, to escape these drugs.[E20]  

These findings matter because they point to mix-and-match care, such as pairing checkpoint drugs with Treg or macrophage‑targeting drugs, to help more patients.[E41] In the future, this may guide more personal immune care plans based on how your own defense system and cancer interact.[E58]",9,"E1, E36, E10, E33, E20, E41, E58",,58,58,0.5834923629854121,66.05164700098331,10.284749262536874,71.17443391258558,9.156176935229066,0.7647058823529411,1.0,0.2500000000000462,0.4795500000000001,6.42735559955562,7.3871296695380915,10.575417895771878,10.325645076355977
31999917,Lung Cancer Staging and Associated Genetic and Epigenetic Events.,https://pubmed.ncbi.nlm.nih.gov/31999917/,"The first step in treating lung cancer is to establish the stage of the disease, which in turn determines the treatment options and prognosis of the patient. Many factors are involved in lung cancer staging, but all involve anatomical information. However, new approaches, mainly those based on the molecular biology of cancer, have recently changed the paradigm for lung cancer treatment and have not yet been incorporated into staging. In a group of patients of the same stage who receive the same treatment, some may experience unexpected recurrence or metastasis, largely because current staging methods do not reflect the findings of molecular biological studies. In this review, we provide a brief summary of the latest research on lung cancer staging and the molecular events associated with carcinogenesis. We hope that this paper will serve as a bridge between clinicians and basic researchers and aid in our understanding of lung cancer.",Available,"This research paper looks at how we sort lung cancer into stages and how new lab tests may help us do this better (Abstract, sentence 1). Right now, we stage lung cancer mainly by where the tumor is in the body and how big it is (Abstract, sentence 2). This helps choose treatment and gives you and your doctor an idea of what to expect, but it does not tell the whole story (Abstract, sentence 1). People with the same stage who get the same care can still have very different outcomes, such as the cancer coming back or spreading, because the current system does not include newer lab findings (Abstract, sentence 4). The writers of this paper read and summed up recent studies on lung cancer staging and on small changes in cancer cells that drive the disease (Abstract, sentence 5). They explain how these cell changes are starting to guide treatment, but are not yet part of the staging system (Abstract, sentence 3). They suggest that adding this lab information to staging could help doctors better predict how the cancer will act and choose more fitting care for each person (Abstract, sentence 3). They also aim to help lab scientists and doctors work together more closely to improve lung cancer care over time (Abstract, sentence 6).","This research looks at how we sort, or “stage,” lung cancer and how gene and cell changes may help us do this better (Abstract, para. 1). Today, we stage lung cancer by where the main lump is, if it has spread to nearby glands, and if it has spread to other body parts (Body, para. 1). We call these parts T, N, and M, and we link each mix of T, N, and M to how long people tend to live (Body, para. 6). This helps you and your care team pick treatment, but it does not explain why people with the same stage can still have very different outcomes (Abstract, para. 1). The writers of this paper read many past studies on lung cancer stage, gene changes, and other cell changes (Abstract, para. 1). They note that some lab tests, like how fast cells divide or how “rough” the tumor looks under a scope, can predict outcome better than stage in some early lung cancers (Body, para. 8). They also show that certain gene changes, such as in EGFR, KRAS, B-RAF, RET, and MET, link to better or worse survival or to spread to unusual glands (Body, para. 10)(Body, para. 11)(Body, para. 13). The authors say that future lung cancer staging should add this gene and cell data to the current size and spread rules, to guide care more exactly for each person (Conclusion, para. 1).","This research looks at how we sort, or “stage,” lung cancer and how gene and cell changes may help us do this better. Today, we stage lung cancer by where the main lump is, if it has spread to nearby glands, and if it has spread to other body parts. We call these parts T, N, and M, and we link each mix of T, N, and M to how long people tend to live. This helps you and your care team pick treatment, but it does not explain why people with the same stage can still have very different outcomes. The writers of this paper read many past studies on lung cancer stage, gene changes, and other cell changes. They note that some lab tests, like how fast cells divide or how “rough” the tumor looks under a scope, can predict outcome better than stage in some early lung cancers. They also show that certain gene changes, such as in EGFR, KRAS, B-RAF, RET, and MET, link to better or worse survival or to spread to unusual glands. The authors say that future lung cancer staging should add this gene and cell data to the current size and spread rules, to guide care more exactly for each person.","This research looks at how we sort, or “stage,” lung cancer and how gene and cell changes may help us do this better. Today, we stage lung cancer by where the main lump is, if it has spread to nearby glands, and if it has spread to other body parts. We call these parts T, N, and M, and we link each mix of T, N, and M to how long people tend to live. This helps you and your care team pick treatment, but it does not explain why people with the same stage can still have very different outcomes. The writers of this paper read many past studies on lung cancer stage, gene changes, and other cell changes. They note that some lab tests, like how fast cells divide or how “rough” the tumor looks under a scope, can predict outcome better than stage in some early lung cancers. They also show that certain gene changes, such as in EGFR, KRAS, B-RAF, RET, and MET, link to better or worse survival or to spread to unusual glands. The authors say that future lung cancer staging should add this gene and cell data to the current size and spread rules, to guide care more exactly for each person.","This research looks at how we sort, or “stage,” lung cancer and how gene and cell changes may help us do this better [E1].  

Today, we stage lung cancer by where the main lump is, if it has spread to nearby glands, and if it has spread to other body parts [E2]. We call these parts T, N, and M, and we link each mix of T, N, and M to how long people tend to live [E7]. This helps you and your care team pick treatment, but it does not explain why people with the same stage can still have very different outcomes [E1].  

The writers of this paper read many past studies on lung cancer stage, gene changes, and other cell changes [E1]. They note that some lab tests, like how fast cells divide or how “rough” the tumor looks under a scope, can predict outcome better than stage in some early lung cancers [E9]. They also show that certain gene changes, such as in EGFR, KRAS, B-RAF, RET, and MET, link to better or worse survival or to spread to unusual glands [E11][E12][E14].  

The authors say that future lung cancer staging should add this gene and cell data to the current size and spread rules, to guide care more exactly for each person [E23].",10,"E1, E2, E7, E9, E11, E12, E14, E23",,24,24,0.5546625011684053,62.36615825688075,11.330160550458718,75.07410586124404,9.278175837320578,0.7894736842105263,1.0,0.41666666666671953,0.6927457340290509,7.6454224807358475,7.168621630094336,11.266972477064222,11.024162679425837
32117295,"Insights Into Lung Cancer Immune-Based Biology, Prevention, and Treatment.",https://pubmed.ncbi.nlm.nih.gov/32117295/,"Lung cancer is the number one cause of cancer-related deaths. The malignancy is characterized by dismal prognosis and poor clinical outcome mostly due to advanced-stage at diagnosis, thereby inflicting a heavy burden on public health worldwide. Recent breakthroughs in immunotherapy have greatly benefited a subset of lung cancer patients, and more importantly, they are undauntedly bringing forth a paradigm shift in the drugs approved for cancer treatment, by introducing ""tumor-type agnostic therapies"". Yet, and to fulfill immunotherapy's potential of personalized cancer treatment, demarcating the immune and genomic landscape of cancers at their earliest possible stages will be crucial to identify ideal targets for early treatment and to predict how a particular patient will fare with immunotherapy. Recent genomic surveys of premalignant lung cancer have shed light on early alterations in the evolution of lung cancer. More recently, the advent of immunogenomic technologies has provided prodigious opportunities to study the multidimensional landscape of lung tumors as well as their microenvironment at the molecular, genomic, and cellular resolution. In this review, we will summarize the current state of immune-based therapies for cancer, with a focus on lung malignancy, and highlight learning outcomes from clinical and preclinical studies investigating the naïve immune biology of lung cancer. The review also collates immunogenomic-based evidence from seminal reports which collectively warrant future investigations of premalignancy, the tumor-adjacent normal-appearing lung tissue, pulmonary inflammatory conditions such as chronic obstructive pulmonary disease, as well as systemic microbiome imbalance. Such future directions enable novel insights into the evolution of lung cancers and, thus, can provide a low-hanging fruit of targets for early immune-based treatment of this fatal malignancy.",Available,"This research paper looks at lung cancer and new ways to treat it with the body’s own defense system, called the immune system (Abstract, sentence 7). Lung cancer causes more deaths than any other cancer, and many people find out they have it only when it is very late (Abstract, sentence 1). Because of this late stage, many people do not do well, and this is a big health problem around the world (Abstract, sentence 2). The writers of this paper read and summed up many past lab and patient studies on immune based drugs for lung cancer (Abstract, sentence 7). Some new immune drugs already help a group of lung cancer patients and are changing which drugs doctors can use (Abstract, sentence 3). The paper also looks at early lung changes, even before full cancer forms, to see which gene changes and immune cells show up first (Abstract, sentence 5). New lab tools now let us study lung tumors and nearby lung tissue in great detail (Abstract, sentence 6). The writers say that if we map these early changes, we may find better targets for early care and may better guess who will gain from immune drugs (Abstract, sentence 4). In the future, this may lead to earlier and more personal lung cancer care and new ways to treat high risk lung tissue before it turns into full cancer (Abstract, sentence 8)(Abstract, sentence 9).","This research looks at lung cancer and how your own defense system, called the immune system, may help find and treat it at very early stages (Abstract, para. 1). Lung cancer is the top cause of cancer death, in part because we often find it late, when it has already spread (Abstract, para. 1). We need better ways to spot early changes in the lung and to guide new immune-based treatments for people at risk, such as smokers and people with long-term lung disease (Introduction, para. 1)(Body, para. 40). The writers of this paper reviewed many lab and patient studies on early lung changes, small lung spots seen on scans, and nearby “normal” lung cells that already carry cancer-like changes (Body, para. 37)(Body, para. 42)(Body, para. 43). They also looked at how gene changes and the local immune cells shift as lung tissue moves from normal to early lesions and then to full cancer (Body, para. 37)(Body, para. 44). They found that the immune setting in the lung starts to change very early, with signals that can help or block tumor growth, long before clear cancer shows up (Body, para. 37)(Body, para. 44)(Conclusion, para. 1). These findings suggest that, in the future, doctors may use immune signs in early lung spots to pick who needs close watch or early immune treatment (Body, para. 37)(Conclusion, para. 1).","This research looks at lung cancer and how your own defense system, called the immune system, may help find and treat it at very early stages. Lung cancer is the top cause of cancer death, in part because we often find it late, when it has already spread. We need better ways to spot early changes in the lung and to guide new immune-based treatments for people at risk, such as smokers and people with long-term lung disease. The writers of this paper reviewed many lab and patient studies on early lung changes, small lung spots seen on scans, and nearby “normal” lung cells that already carry cancer-like changes. They also looked at how gene changes and the local immune cells shift as lung tissue moves from normal to early lesions and then to full cancer. They found that the immune setting in the lung starts to change very early, with signals that can help or block tumor growth, long before clear cancer shows up. These findings suggest that, in the future, doctors may use immune signs in early lung spots to pick who needs close watch or early immune treatment.","This research looks at lung cancer and how your own defense system, called the immune system, may help find and treat it at very early stages. Lung cancer is the top cause of cancer death, in part because we often find it late, when it has already spread. We need better ways to spot early changes in the lung and to guide new immune-based treatments for people at risk, such as smokers and people with long-term lung disease. The writers of this paper reviewed many lab and patient studies on early lung changes, small lung spots seen on scans, and nearby “normal” lung cells that already carry cancer-like changes. They also looked at how gene changes and the local immune cells shift as lung tissue moves from normal to early lesions and then to full cancer. They found that the immune setting in the lung starts to change very early, with signals that can help or block tumor growth, long before clear cancer shows up. These findings suggest that, in the future, doctors may use immune signs in early lung spots to pick who needs close watch or early immune treatment.","This research looks at lung cancer and how your own defense system, called the immune system, may help find and treat it at very early stages [E1].  

Lung cancer is the top cause of cancer death, in part because we often find it late, when it has already spread [E1]. We need better ways to spot early changes in the lung and to guide new immune-based treatments for people at risk, such as smokers and people with long-term lung disease [E2][E45].  

The writers of this paper reviewed many lab and patient studies on early lung changes, small lung spots seen on scans, and nearby “normal” lung cells that already carry cancer-like changes [E42][E47][E48]. They also looked at how gene changes and the local immune cells shift as lung tissue moves from normal to early lesions and then to full cancer [E42][E49].  

They found that the immune setting in the lung starts to change very early, with signals that can help or block tumor growth, long before clear cancer shows up [E42][E49][E50].  

These findings suggest that, in the future, doctors may use immune signs in early lung spots to pick who needs close watch or early immune treatment [E42][E50].",14,"E1, E2, E45, E42, E47, E48, E49, E50",,52,52,0.5748601828160659,64.41222222222225,10.761843971631208,64.86356020942411,10.99069558713538,1.0,1.0,0.35346534653467154,0.5321333333333335,6.42735559955562,6.868970318607317,10.784869976359339,11.123709798055348
32281704,New insights into small-cell lung cancer development and therapy.,https://pubmed.ncbi.nlm.nih.gov/32281704/,"Small-cell lung cancer (SCLC) accounts for approximately 15% of lung cancer cases; however, it is characterized by easy relapse and low survival rate, leading to one of the most intractable diseases in clinical practice. Despite decades of basic and clinical research, little progress has been made in the management of SCLC. The current standard first-line regimens of SCLC still remain to be cisplatin or carboplatin combined with etoposide, and the adverse events of chemotherapy are by no means negligible. Besides, the immunotherapy on SCLC is still in an early stage and novel studies are urgently needed. In this review, we describe SCLC development and current therapy, aiming at providing useful advices on basic research and clinical strategy.",Available,"This research paper looks at a fast‑growing lung cancer called small‑cell lung cancer, or SCLC (Abstract, sentence 1). It makes up about 15 out of 100 lung cancer cases and often comes back after treatment, so many people do not live long with it (Abstract, sentence 1). We need this study because, even after many years of work, doctors have not made much progress in how they treat this type of lung cancer (Abstract, sentence 2). This may help people who have SCLC now or may get it in the future (Abstract, sentence 1). The writers of this paper read and summed up many past studies on how SCLC starts and how doctors treat it now (Abstract, sentence 5). They looked at the main drug care, which still uses two drugs called cisplatin or carboplatin with another drug named etoposide (Abstract, sentence 3). These drugs can cause strong side effects that are hard for many people (Abstract, sentence 3). They also found that new “immune” drugs, which help your own body fight the cancer, are still very early in use for SCLC (Abstract, sentence 4). The paper ends by giving ideas to guide lab work and care plans for this disease (Abstract, sentence 5). In the future, this may help doctors plan kinder and better care for people with SCLC (Abstract, sentence 5).","This research paper looks at a fast‑growing lung cancer called small‑cell lung cancer, or SCLC (Abstract, para. 1). SCLC makes up about 15 out of 100 lung cancer cases and often comes back after treatment, so many people do not live long with it (Abstract, para. 1)(Body, para. 10). We need better ways to treat SCLC, because the main drugs used today are the same as 30 years ago and can cause strong side effects (Abstract, para. 1)(Body, para. 19). The writers of this paper did not test a new drug in people (Abstract, para. 1). Instead, they read and summed up many past studies on how SCLC starts, how it grows, and how doctors treat it now (Abstract, para. 1)(Conclusion, para. 1). They report that standard drug care with two drugs, often called “platinum” and etoposide, can shrink tumors in many people, but most tumors grow back and average life is still under 1 year (Body, para. 10)(Body, para. 19). New immune‑based drugs added to these standard drugs can raise average life from about 10 to about 13–14 months in some people with SCLC (Body, para. 28). The paper also explains many ways cancer cells learn to resist drugs, which helps explain why the cancer comes back (Body, para. 30). These findings may guide new mix‑and‑match drug plans and help pick which patients could gain most from immune‑based drugs in the future (Body, para. 28)(Conclusion, para. 1).","This research paper looks at a fast‑growing lung cancer called small‑cell lung cancer, or SCLC. SCLC makes up about 15 out of 100 lung cancer cases and often comes back after treatment, so many people do not live long with it. We need better ways to treat SCLC, because the main drugs used today are the same as 30 years ago and can cause strong side effects. The writers of this paper did not test a new drug in people. Instead, they read and summed up many past studies on how SCLC starts, how it grows, and how doctors treat it now. They report that standard drug care with two drugs, often called “platinum” and etoposide, can shrink tumors in many people, but most tumors grow back and average life is still under 1 year. New immune‑based drugs added to these standard drugs can raise average life from about 10 to about 13–14 months in some people with SCLC. The paper also explains many ways cancer cells learn to resist drugs, which helps explain why the cancer comes back. These findings may guide new mix‑and‑match drug plans and help pick which patients could gain most from immune‑based drugs in the future.","This research paper looks at a fast‑growing lung cancer called small‑cell lung cancer, or SCLC. SCLC makes up about 15 out of 100 lung cancer cases and often comes back after treatment, so many people do not live long with it. We need better ways to treat SCLC, because the main drugs used today are the same as 30 years ago and can cause strong side effects. The writers of this paper did not test a new drug in people. Instead, they read and summed up many past studies on how SCLC starts, how it grows, and how doctors treat it now. They report that standard drug care with two drugs, often called “platinum” and etoposide, can shrink tumors in many people, but most tumors grow back and average life is still under 1 year. New immune‑based drugs added to these standard drugs can raise average life from about 10 to about 13–14 months in some people with SCLC. The paper also explains many ways cancer cells learn to resist drugs, which helps explain why the cancer comes back. These findings may guide new mix‑and‑match drug plans and help pick which patients could gain most from immune‑based drugs in the future.","This research paper looks at a fast‑growing lung cancer called small‑cell lung cancer, or SCLC [E1]. SCLC makes up about 15 out of 100 lung cancer cases and often comes back after treatment, so many people do not live long with it [E1][E14]. We need better ways to treat SCLC, because the main drugs used today are the same as 30 years ago and can cause strong side effects [E1][E23].

The writers of this paper did not test a new drug in people [E1]. Instead, they read and summed up many past studies on how SCLC starts, how it grows, and how doctors treat it now [E1][E39].

They report that standard drug care with two drugs, often called “platinum” and etoposide, can shrink tumors in many people, but most tumors grow back and average life is still under 1 year [E14][E23]. New immune‑based drugs added to these standard drugs can raise average life from about 10 to about 13–14 months in some people with SCLC [E32]. The paper also explains many ways cancer cells learn to resist drugs, which helps explain why the cancer comes back [E34].

These findings may guide new mix‑and‑match drug plans and help pick which patients could gain most from immune‑based drugs in the future [E32][E39].",14,"E1, E14, E23, E39, E32, E34",,41,41,0.5238509855494748,70.76821300448431,8.928524663677134,74.31293532338312,8.442388059701493,0.6842105263157895,0.95,0.41666666666673313,0.6313500000000001,6.742157984588678,6.42735559955562,9.45811659192825,9.530348258706468
33148544,"Gender-specific aspects of epidemiology, molecular genetics and outcome: lung cancer.",https://pubmed.ncbi.nlm.nih.gov/33148544/,"Lung cancer remains the leading cause of cancer-related deaths worldwide in women and men. In incidence, lung cancer ranks second, surpassed by breast cancer in women and prostate cancer in men. However, the historical differences in mortality and incidence rate between both sexes have changed in the last years. In the last decades, we have also witnessed an increased number of lung cancer in female never-smokers. These disparities have grown our interest in studying the impact of the gender and sex in the presentation of lung cancer. The aetiology is yet to be fully elucidated, but the data are clear so far: there is a growing divide between lung cancer presentation in women and men that will change our management and study of lung cancer. This article aims to review the sex and gender differences in lung cancer.",Available,"This research looks at how lung cancer is different in women and men (Abstract, sentence 7). Lung cancer is the top cause of death from cancer for both women and men, so this is a big health problem (Abstract, sentence 1). It is also the second most common cancer, after breast cancer in women and prostate cancer in men (Abstract, sentence 2). In recent years, the gap in how often women and men get and die from lung cancer has changed (Abstract, sentence 3). We now see more lung cancer in women who have never smoked, which raises new questions (Abstract, sentence 4). Because of these changes, the team wanted to learn how sex and gender may shape who gets lung cancer and how it shows up (Abstract, sentence 5). The writers did a review, which means they read and summed up many past studies on lung cancer in women and men (Abstract, sentence 7). They found clear signs that lung cancer can look and act different in women than in men (Abstract, sentence 6). These results matter because they may change how we test, treat, and study lung cancer in the future (Abstract, sentence 6). This could help doctors give more “fit for you” care to both women and men with lung cancer (Abstract, sentence 6).","This research looks at how lung cancer is different in women and men, and how this may change care in the future (Abstract, para. 1). We need this study because lung cancer is the top cause of cancer death in both women and men, and rates are going down in men but rising in women in some places (Introduction, para. 1). It may help people at risk for lung cancer, and those who plan tests and treatment (Introduction, para. 8). The team read many past studies and reports from large health groups to compare lung cancer rates, risks, and outcomes by sex and gender (Introduction, para. 9). They also looked at work risks, home air, smoking, and secondhand smoke (Introduction, para. 3). They found more women who never smoked now get lung cancer than men who never smoked, and in some areas over half of women with lung cancer never smoked (Introduction, para. 7). Women may be more at risk from the same amount of smoke, and they often find it harder to quit (Body, para. 2). Some lung scans cut deaths more in women than in men, but many women with lung cancer would not have met today’s scan rules (Body, para. 39). Women also tend to live longer than men after lung cancer treatment (Body, para. 44). These results suggest scan rules and care plans may need to fit women and men differently in the future (Conclusion, para. 2).","This research looks at how lung cancer is different in women and men, and how this may change care in the future. We need this study because lung cancer is the top cause of cancer death in both women and men, and rates are going down in men but rising in women in some places. It may help people at risk for lung cancer, and those who plan tests and treatment. The team read many past studies and reports from large health groups to compare lung cancer rates, risks, and outcomes by sex and gender. They also looked at work risks, home air, smoking, and secondhand smoke. They found more women who never smoked now get lung cancer than men who never smoked, and in some areas over half of women with lung cancer never smoked. Women may be more at risk from the same amount of smoke, and they often find it harder to quit. Some lung scans cut deaths more in women than in men, but many women with lung cancer would not have met today’s scan rules. Women also tend to live longer than men after lung cancer treatment. These results suggest scan rules and care plans may need to fit women and men differently in the future.","This research looks at how lung cancer is different in women and men, and how this may change care in the future. We need this study because lung cancer is the top cause of cancer death in both women and men, and rates are going down in men but rising in women in some places. It may help people at risk for lung cancer, and those who plan tests and treatment. The team read many past studies and reports from large health groups to compare lung cancer rates, risks, and outcomes by sex and gender. They also looked at work risks, home air, smoking, and secondhand smoke. They found more women who never smoked now get lung cancer than men who never smoked, and in some areas over half of women with lung cancer never smoked. Women may be more at risk from the same amount of smoke, and they often find it harder to quit. Some lung scans cut deaths more in women than in men, but many women with lung cancer would not have met today’s scan rules. Women also tend to live longer than men after lung cancer treatment. These results suggest scan rules and care plans may need to fit women and men differently in the future.","This research looks at how lung cancer is different in women and men, and how this may change care in the future [E1].  

We need this study because lung cancer is the top cause of cancer death in both women and men, and rates are going down in men but rising in women in some places [E2]. It may help people at risk for lung cancer, and those who plan tests and treatment [E9].  

The team read many past studies and reports from large health groups to compare lung cancer rates, risks, and outcomes by sex and gender [E10]. They also looked at work risks, home air, smoking, and secondhand smoke [E4].  

They found more women who never smoked now get lung cancer than men who never smoked, and in some areas over half of women with lung cancer never smoked [E8]. Women may be more at risk from the same amount of smoke, and they often find it harder to quit [E17]. Some lung scans cut deaths more in women than in men, but many women with lung cancer would not have met today’s scan rules [E54]. Women also tend to live longer than men after lung cancer treatment [E59].  

These results suggest scan rules and care plans may need to fit women and men differently in the future [E72].",10,"E1, E2, E9, E10, E4, E8, E17, E54, E59, E72",,73,73,0.6752641588502497,72.52931566820278,8.533829493087556,76.7616279620853,7.794450236966828,1.0,1.0,0.4166666666667273,0.8313333333333334,5.683917801722854,6.742157984588678,8.68,9.00872037914692
33175991,Update 2020: Management of Non-Small Cell Lung Cancer.,https://pubmed.ncbi.nlm.nih.gov/33175991/,"The past decade has seen a revolution of new advances in the management of non-small cell lung cancer (NSCLC) with remarkable progresses in screening, diagnosis, and treatment. The advances in systemic treatment have been driven primarily by the development of molecularly targeted therapeutics, immune checkpoint inhibitors, and anti-angiogenic agents, all of which have transformed this field with significantly improved patient outcomes. This review will address updates in lung cancer screening, liquid biopsy, and immunotherapy in the front-line setting. We discuss recent advances and highlight the plethora of new approvals of molecular-targeted therapy for subgroups of NSCLC patients with sensitizing EGFR, ALK, ROS1, RET, BRAF V600E, MET, and NTRK alterations.",Available,"This research paper looks at new ways to find and treat a common type of lung cancer called non-small cell lung cancer, or NSCLC (Abstract, sentence 1). We need this study because many people still die from this cancer, and better tests and drugs can help them live longer and feel better (Abstract, sentence 1). The writers of the paper read and summed up many other studies on lung scans to find cancer early, blood tests to look for cancer signs, and new drug types that help the body fight cancer (Abstract, sentence 3). They also looked at drugs that block blood flow to tumors and drugs that target very exact gene changes in the cancer (Abstract, sentence 2). They found that these new drugs and tests have greatly raised how long many people with this lung cancer can live (Abstract, sentence 2). Some drugs work only in people whose tumors have certain gene changes, such as EGFR, ALK, ROS1, RET, BRAF V600E, MET, or NTRK (Abstract, sentence 4). These results matter because they show that care for this lung cancer is changing fast and can now be more “made to fit” for each person (Abstract, sentence 2). In the future, more people may get a blood test and gene test on their tumor to help pick the best drug for them (Abstract, sentence 3).","This research looks at new ways to find and treat a common type of lung cancer called non‑small cell lung cancer, or NSCLC (Abstract, para. 1). We need this work because lung cancer is the top cause of cancer death, with over 200,000 new cases and about 140,000 deaths in one year in the United States (Introduction, para. 1). You may benefit from this if you smoke now, smoked in the past, or have lung cancer, or care for someone who does (Introduction, para. 1). The team reviewed large past studies on lung scan tests, blood tests, and new cancer drugs (Abstract, para. 1). They looked at how low‑dose chest scans, called CT scans, can find cancer early in people at high risk (Body, para. 1). They also looked at “liquid biopsy,” which is a blood test that can find gene changes in the cancer and help guide drug choice when a tissue sample is hard to get (Body, para. 5). They found that CT scans cut the chance of death from lung cancer by about 20–33% in people at high risk (Body, para. 1). New targeted drugs and immune drugs also help people with advanced NSCLC live longer than with older chemo alone (Body, para. 8)(Body, para. 16). These results support wider use of lung scan checks in high‑risk people and more testing of tumors to match each person with the best drug plan (Conclusion, para. 1).","This research looks at new ways to find and treat a common type of lung cancer called non‑small cell lung cancer, or NSCLC. We need this work because lung cancer is the top cause of cancer death, with over 200,000 new cases and about 140,000 deaths in one year in the United States. You may benefit from this if you smoke now, smoked in the past, or have lung cancer, or care for someone who does. The team reviewed large past studies on lung scan tests, blood tests, and new cancer drugs. They looked at how low‑dose chest scans, called CT scans, can find cancer early in people at high risk. They also looked at “liquid biopsy,” which is a blood test that can find gene changes in the cancer and help guide drug choice when a tissue sample is hard to get. They found that CT scans cut the chance of death from lung cancer by about 20–33% in people at high risk. New targeted drugs and immune drugs also help people with advanced NSCLC live longer than with older chemo alone. These results support wider use of lung scan checks in high‑risk people and more testing of tumors to match each person with the best drug plan.","This research looks at new ways to find and treat a common type of lung cancer called non‑small cell lung cancer, or NSCLC. We need this work because lung cancer is the top cause of cancer death, with over 200,000 new cases and about 140,000 deaths in one year in the United States. You may benefit from this if you smoke now, smoked in the past, or have lung cancer, or care for someone who does. The team reviewed large past studies on lung scan tests, blood tests, and new cancer drugs. They looked at how low‑dose chest scans, called CT scans, can find cancer early in people at high risk. They also looked at “liquid biopsy,” which is a blood test that can find gene changes in the cancer and help guide drug choice when a tissue sample is hard to get. They found that CT scans cut the chance of death from lung cancer by about 20–33% in people at high risk. New targeted drugs and immune drugs also help people with advanced NSCLC live longer than with older chemo alone. These results support wider use of lung scan checks in high‑risk people and more testing of tumors to match each person with the best drug plan.","This research looks at new ways to find and treat a common type of lung cancer called non‑small cell lung cancer, or NSCLC [E1].  

We need this work because lung cancer is the top cause of cancer death, with over 200,000 new cases and about 140,000 deaths in one year in the United States [E2]. You may benefit from this if you smoke now, smoked in the past, or have lung cancer, or care for someone who does [E2].  

The team reviewed large past studies on lung scan tests, blood tests, and new cancer drugs [E1]. They looked at how low‑dose chest scans, called CT scans, can find cancer early in people at high risk [E4]. They also looked at “liquid biopsy,” which is a blood test that can find gene changes in the cancer and help guide drug choice when a tissue sample is hard to get [E8].  

They found that CT scans cut the chance of death from lung cancer by about 20–33% in people at high risk [E4]. New targeted drugs and immune drugs also help people with advanced NSCLC live longer than with older chemo alone [E11][E19].  

These results support wider use of lung scan checks in high‑risk people and more testing of tumors to match each person with the best drug plan [E28].",10,"E1, E2, E4, E8, E11, E19, E28",,28,28,0.5710184981877628,68.87212500000003,10.640083333333333,76.80607123870283,8.315470494417863,0.7692307692307693,0.9333333333333333,0.15000000000006494,0.5313000000000001,5.148860815047168,7.3871296695380915,11.427777777777777,10.05443912812334
33504342,"Progress on pivotal role and application of exosome in lung cancer carcinogenesis, diagnosis, therapy and prognosis.",https://pubmed.ncbi.nlm.nih.gov/33504342/,"Lung cancer is often diagnosed at an advanced stage and has a poor prognosis. Conventional treatments are not effective for metastatic lung cancer therapy. Although some of molecular targets have been identified with favorable response, those targets cannot be exploited due to the lack of suitable drug carriers. Lung cancer cell-derived exosomes (LCCDEs) receive recent interest in its role in carcinogenesis, diagnosis, therapy, and prognosis of lung cancer due to its biological functions and natural ability to carry donor cell biomolecules. LCCDEs can promote cell proliferation and metastasis, affect angiogenesis, modulate antitumor immune responses during lung cancer carcinogenesis, regulate drug resistance in lung cancer therapy, and be now considered an important component in liquid biopsy assessments for detecting lung cancer. Therapeutic deliverable exosomes are emerging as promising drug delivery agents specifically to tumor high precision medicine because of their natural intercellular communication role, excellent biocompatibility, low immunogenicity, low toxicity, long blood circulation ability, biodegradable characteristics, and their ability to cross various biological barriers. Several studies are currently underway to develop novel diagnostic and prognostic modalities using LCCDEs, and to develop methods of exploiting exosomes for use as efficient drug delivery vehicles. Current status of lung cancer and extensive applicability of LCCDEs are illustrated in this review. The promising data and technologies indicate that the approach on LCCDEs implies the potential application of LCCDEs to clinical management of lung cancer patients.",Available,"This study looks at a tiny bubble from lung cancer cells, called an exosome, and how we may use it to find and treat lung cancer in the future (Abstract, sentence 4). We need this work because lung cancer is often found late and is hard to cure (Abstract, sentence 1). Usual drugs do not work well once the cancer has spread to other parts of the body (Abstract, sentence 2). Some drug targets look hopeful, but we do not yet have good ways to carry these drugs to the tumor (Abstract, sentence 3). The writers of this paper read and summed up many past lab and clinic studies on lung cancer cell exosomes (Abstract, sentence 8). They looked at how these tiny bubbles help cancer grow, spread, and fight off drugs, and how they might be used in blood tests (Abstract, sentence 5). They found that these exosomes can help cancer cells grow and move, change blood flow to tumors, and change how the body’s defense cells act (Abstract, sentence 5). They also found that exosomes may work as safe, natural drug bags that can move through the blood and reach tumors (Abstract, sentence 6). New studies now test exosomes as tools for blood tests and as drug carriers for lung cancer (Abstract, sentence 7). Early data suggest they may one day help doctors better test and treat people with lung cancer (Abstract, sentence 9).","This research looks at tiny bubbles that lung cancer cells send out, called exosomes, and how they may be used to find and treat lung cancer in the future (Abstract, para. 1). We need this work because lung cancer is often found late, and many people do not live long after diagnosis (Introduction, para. 1). You may benefit if you have lung cancer now or are at high risk, because these bubbles can be found in blood and other body fluids with a simple lab test (Introduction, para. 13). The team read and summed up many past studies on lung cancer and these cell bubbles (Introduction, para. 2). They looked at how the bubbles form, what they carry, and how they move between cells (Introduction, para. 8). They found that lung cancer exosomes can help the tumor grow, spread, form new blood vessels, and hide from the immune system (Introduction, para. 17). They also found that the number and type of exosomes in blood can help tell who has lung cancer, how far it has gone, and how well some drugs may work (Introduction, para. 21). The authors say these bubbles may one day help doctors test for lung cancer and guide care, but the methods still need to be made standard and tested in large patient groups (Introduction, para. 23).","This research looks at tiny bubbles that lung cancer cells send out, called exosomes, and how they may be used to find and treat lung cancer in the future. We need this work because lung cancer is often found late, and many people do not live long after diagnosis. You may benefit if you have lung cancer now or are at high risk, because these bubbles can be found in blood and other body fluids with a simple lab test. The team read and summed up many past studies on lung cancer and these cell bubbles. They looked at how the bubbles form, what they carry, and how they move between cells. They found that lung cancer exosomes can help the tumor grow, spread, form new blood vessels, and hide from the immune system. They also found that the number and type of exosomes in blood can help tell who has lung cancer, how far it has gone, and how well some drugs may work. The authors say these bubbles may one day help doctors test for lung cancer and guide care, but the methods still need to be made standard and tested in large patient groups.","This research looks at tiny bubbles that lung cancer cells send out, called exosomes, and how they may be used to find and treat lung cancer in the future. We need this work because lung cancer is often found late, and many people do not live long after diagnosis. You may benefit if you have lung cancer now or are at high risk, because these bubbles can be found in blood and other body fluids with a simple lab test. The team read and summed up many past studies on lung cancer and these cell bubbles. They looked at how the bubbles form, what they carry, and how they move between cells. They found that lung cancer exosomes can help the tumor grow, spread, form new blood vessels, and hide from the immune system. They also found that the number and type of exosomes in blood can help tell who has lung cancer, how far it has gone, and how well some drugs may work. The authors say these bubbles may one day help doctors test for lung cancer and guide care, but the methods still need to be made standard and tested in large patient groups.","This research looks at tiny bubbles that lung cancer cells send out, called exosomes, and how they may be used to find and treat lung cancer in the future [E1].  

We need this work because lung cancer is often found late, and many people do not live long after diagnosis [E2]. You may benefit if you have lung cancer now or are at high risk, because these bubbles can be found in blood and other body fluids with a simple lab test [E14].  

The team read and summed up many past studies on lung cancer and these cell bubbles [E3]. They looked at how the bubbles form, what they carry, and how they move between cells [E9].  

They found that lung cancer exosomes can help the tumor grow, spread, form new blood vessels, and hide from the immune system [E18]. They also found that the number and type of exosomes in blood can help tell who has lung cancer, how far it has gone, and how well some drugs may work [E22].  

The authors say these bubbles may one day help doctors test for lung cancer and guide care, but the methods still need to be made standard and tested in large patient groups [E24].",8,"E1, E2, E14, E3, E9, E18, E22, E24",,31,31,0.6384016788962076,71.39540677966102,9.164000000000001,74.48021890862947,8.988369289340103,0.65,1.0,0.4148499615286207,0.7194254385964912,8.238735603445708,7.6454224807358475,10.795932203389832,10.865228426395939
34018055,Role of lung and gut microbiota on lung cancer pathogenesis.,https://pubmed.ncbi.nlm.nih.gov/34018055/,"BACKGROUND: Lung cancer is the leading cause of cancer-related deaths worldwide (Ferlay et al., Int J Cancer 136:E359-386, 2015). In addition, lung cancer is associated with the highest mortality among all cancer types (Wu et al., Exp Ther Med 16:3004-3010, 2018). Previous studies report that microbiota play an important role in lung cancer. Notably, changes in lung and gut microbiota, are associated with progression of lung cancer. Several studies report that lung and gut microbiome promote lung cancer initiation and development by modulating metabolic pathways, inhibiting the function of immune cells, and producing pro-inflammatory factors. In addition, some factors such as microbiota dysbiosis, affect production of bacteriotoxins, genotoxicity and virulence effect, therefore, they play a key role in cancer progression. These findings imply that lung and gut microbiome are potential markers and targets for lung cancer. However, the role of microbiota in development and progression of lung cancer has not been fully explored. PURPOSE: The aim of this study was to systemically review recent research findings on relationship of lung and gut microbiota with lung cancer. In addition, we explored gut-lung axis and potential mechanisms of lung and gut microbiota in modulating lung cancer progression. CONCLUSION: Pulmonary and intestinal flora influence the occurrence, development, treatment and prognosis of lung cancer, and will provide novel strategies for prevention, diagnosis, and treatment of lung cancer.",Available,"This study looks at tiny germs that live in your lungs and gut, and how they link to lung cancer (Abstract, sentence 5). Lung cancer causes more deaths than any other cancer, so we need better ways to find, treat, and prevent it (Abstract, sentence 1). This work may help people who have lung cancer now, or who are at high risk for it in the future (Abstract, sentence 3). The team did not test new drugs or follow one group of patients (Abstract, sentence 11). Instead, they read and summed up many recent studies on lung and gut germs and lung cancer (Abstract, sentence 11). They also looked at how germs in the gut and lungs may “talk” to each other and to the lungs, which they call the gut–lung link (Abstract, sentence 12). They found that changes in lung and gut germs are tied to how lung cancer starts and grows (Abstract, sentence 6). These germs may help cancer grow by changing how the body makes and uses energy, by slowing the body’s defense cells, and by making strong “alarm” signals that cause long-term swelling (Abstract, sentence 7). The writers say that lung and gut germs may be used in the future as signs to spot lung cancer or as targets for new care (Abstract, sentence 9). This could one day guide new tests and treatments for lung cancer (Abstract, sentence 13).","This study looks at tiny germs that live in your lungs and gut, and how they may link to lung cancer (Abstract, para. 1). We need this work because lung cancer causes more deaths than any other cancer, and we want better ways to find, prevent, and treat it (Abstract, para. 1). It may help people who have lung cancer now, or who are at high risk for it (Abstract, para. 3). The team did not test new drugs. They read and summed up many past studies on lung and gut germs and lung cancer (Abstract, para. 2). They looked at how these germs differ in people with lung cancer, and how they may change how well cancer care works (Abstract, para. 2). They found that people with lung cancer often have different germs in their lungs and gut than healthy people (Body, para. 2). Some kinds of gut germs may help cancer drugs work better, and some may make them work less well (Body, para. 9). In mice, adding “good” germs made a common chemo drug shrink tumors more and helped the mice live longer (Body, para. 10). These results suggest that, in the future, doctors may test or gently change gut or lung germs to help prevent lung cancer or to make treatment work better, but more and larger studies are still needed (Body, para. 12).","This study looks at tiny germs that live in your lungs and gut, and how they may link to lung cancer. We need this work because lung cancer causes more deaths than any other cancer, and we want better ways to find, prevent, and treat it. It may help people who have lung cancer now, or who are at high risk for it. The team did not test new drugs. They read and summed up many past studies on lung and gut germs and lung cancer. They looked at how these germs differ in people with lung cancer, and how they may change how well cancer care works. They found that people with lung cancer often have different germs in their lungs and gut than healthy people. Some kinds of gut germs may help cancer drugs work better, and some may make them work less well. In mice, adding “good” germs made a common chemo drug shrink tumors more and helped the mice live longer. These results suggest that, in the future, doctors may test or gently change gut or lung germs to help prevent lung cancer or to make treatment work better, but more and larger studies are still needed.","This study looks at tiny germs that live in your lungs and gut, and how they may link to lung cancer. We need this work because lung cancer causes more deaths than any other cancer, and we want better ways to find, prevent, and treat it. It may help people who have lung cancer now, or who are at high risk for it. The team did not test new drugs. They read and summed up many past studies on lung and gut germs and lung cancer. They looked at how these germs differ in people with lung cancer, and how they may change how well cancer care works. They found that people with lung cancer often have different germs in their lungs and gut than healthy people. Some kinds of gut germs may help cancer drugs work better, and some may make them work less well. In mice, adding “good” germs made a common chemo drug shrink tumors more and helped the mice live longer. These results suggest that, in the future, doctors may test or gently change gut or lung germs to help prevent lung cancer or to make treatment work better, but more and larger studies are still needed.","This study looks at tiny germs that live in your lungs and gut, and how they may link to lung cancer [E1].  

We need this work because lung cancer causes more deaths than any other cancer, and we want better ways to find, prevent, and treat it [E1]. It may help people who have lung cancer now, or who are at high risk for it [E3].  

The team did not test new drugs. They read and summed up many past studies on lung and gut germs and lung cancer [E2]. They looked at how these germs differ in people with lung cancer, and how they may change how well cancer care works [E2].  

They found that people with lung cancer often have different germs in their lungs and gut than healthy people [E6]. Some kinds of gut germs may help cancer drugs work better, and some may make them work less well [E13]. In mice, adding “good” germs made a common chemo drug shrink tumors more and helped the mice live longer [E14].  

These results suggest that, in the future, doctors may test or gently change gut or lung germs to help prevent lung cancer or to make treatment work better, but more and larger studies are still needed [E16].",9,"E1, E3, E2, E6, E13, E14, E16",,22,22,0.6728702232088518,75.34553846153848,8.563350427350425,82.47230597014926,6.749497512437813,0.8888888888888888,1.0,0.37722513089008003,0.7822666666666667,4.935628992294339,4.935628992294339,9.53094017094017,8.040000000000001
34108973,Host-Microbiome Interaction in Lung Cancer.,https://pubmed.ncbi.nlm.nih.gov/34108973/,"Commensal microbiota has emerged as an essential biomarker and regulator of both tumorigenesis and response to cancer therapy. However, our current knowledge about microbiota in cancer has been largely limited to intestinal microbiota. As a mucosal organ harboring one of the largest surface areas in the body, the lung is exposed to a variety of microbes through inhalation and micro-aspiration, and is colonized by a diverse bacterial community in both physiological and pathological conditions. Importantly, increasing evidence has linked the lung microbiome to cancer development. Studies in lung cancer patients and mouse models have revealed tumor-associated dysregulation of the local microbiome in the lung, which in turn impacts cancer progression by shaping the tumor microenvironment and modulating the activity of tumor-infiltrating immune cells. These findings not only provide novel mechanistic insight into the biology of lung cancer but also shed light on new therapeutic targets and strategies for lung cancer prevention and treatment. The goal of this review is to discuss the key findings, remaining questions, and future directions in this new and exciting field.",Available,"This research looks at tiny germs, called microbes, that live in and on your body, and how they link to lung cancer (Abstract, sentence 1). We already know that germs in the gut can affect cancer and how well cancer drugs work, but we know much less about germs in the lung (Abstract, sentence 1). This work may help people who have lung cancer now or who are at risk for it in the future (Abstract, sentence 2). Your lungs have a very large wet surface that touches the air you breathe, so many kinds of germs can live there, even when you feel well (Abstract, sentence 3). In this study, the writers read and summed up many past lab and patient studies on lung germs and lung cancer (Abstract, sentence 7). They found that changes in the normal lung germs are linked to lung cancer growth (Abstract, sentence 4). In both people and mice, lung tumors often show a “mixed up” germ group that can change the area around the tumor and the work of immune cells that enter the tumor (Abstract, sentence 5). These results help us better grasp how lung cancer starts and grows and point to new ways to prevent or treat it by also targeting lung germs (Abstract, sentence 6). In the future, doctors may test or adjust lung germs to help guide lung cancer care (Abstract, sentence 6).","This research looks at tiny germs that live in your lungs and how they may link to lung cancer (Abstract, para. 1). We need this study because lung cancer is very common and often deadly, and we still do not fully know why it starts or why some people do better with treatment than others (Introduction, para. 2). It may help people who have lung cancer now or who are at high risk, such as people who smoke (Introduction, para. 2). The writers read and pulled together many past studies that used new lab tools to count and name germs in lung tissue, lung fluid, and gut samples from people and mice (Body, para. 1). They then compared people with lung cancer to people without cancer (Body, para. 4). They found that lungs are not empty; they hold many kinds of germs, and this mix changes in lung cancer (Body, para. 1). In cancer, there are often more total germs but fewer types, and more germs that usually live in the mouth (Body, para. 5). Some germ patterns link to faster tumor growth, worse survival, and changes in the body’s defense cells (Body, para. 8)(Body, para. 11). The authors say that, in the future, certain lung germs might help doctors spot lung cancer earlier or guide new treatments that target these germs (Body, para. 13)(Body, para. 16).","This research looks at tiny germs that live in your lungs and how they may link to lung cancer. We need this study because lung cancer is very common and often deadly, and we still do not fully know why it starts or why some people do better with treatment than others. It may help people who have lung cancer now or who are at high risk, such as people who smoke. The writers read and pulled together many past studies that used new lab tools to count and name germs in lung tissue, lung fluid, and gut samples from people and mice. They then compared people with lung cancer to people without cancer. They found that lungs are not empty; they hold many kinds of germs, and this mix changes in lung cancer. In cancer, there are often more total germs but fewer types, and more germs that usually live in the mouth. Some germ patterns link to faster tumor growth, worse survival, and changes in the body’s defense cells. The authors say that, in the future, certain lung germs might help doctors spot lung cancer earlier or guide new treatments that target these germs.","This research looks at tiny germs that live in your lungs and how they may link to lung cancer. We need this study because lung cancer is very common and often deadly, and we still do not fully know why it starts or why some people do better with treatment than others. It may help people who have lung cancer now or who are at high risk, such as people who smoke. The writers read and pulled together many past studies that used new lab tools to count and name germs in lung tissue, lung fluid, and gut samples from people and mice. They then compared people with lung cancer to people without cancer. They found that lungs are not empty; they hold many kinds of germs, and this mix changes in lung cancer. In cancer, there are often more total germs but fewer types, and more germs that usually live in the mouth. Some germ patterns link to faster tumor growth, worse survival, and changes in the body’s defense cells. The authors say that, in the future, certain lung germs might help doctors spot lung cancer earlier or guide new treatments that target these germs.","This research looks at tiny germs that live in your lungs and how they may link to lung cancer [E1].  

We need this study because lung cancer is very common and often deadly, and we still do not fully know why it starts or why some people do better with treatment than others [E3]. It may help people who have lung cancer now or who are at high risk, such as people who smoke [E3].  

The writers read and pulled together many past studies that used new lab tools to count and name germs in lung tissue, lung fluid, and gut samples from people and mice [E4]. They then compared people with lung cancer to people without cancer [E7].  

They found that lungs are not empty; they hold many kinds of germs, and this mix changes in lung cancer [E4]. In cancer, there are often more total germs but fewer types, and more germs that usually live in the mouth [E8]. Some germ patterns link to faster tumor growth, worse survival, and changes in the body’s defense cells [E11][E14].  

The authors say that, in the future, certain lung germs might help doctors spot lung cancer earlier or guide new treatments that target these germs [E16][E19].",11,"E1, E3, E4, E7, E8, E11, E14, E16, E19",,22,22,0.6606813093466724,71.6219230769231,9.72863247863248,74.2325963718821,8.315578231292516,0.8,1.0,0.2500000000000423,0.7063925152306354,6.42735559955562,6.937597516519254,10.741880341880343,9.323356009070295
34445366,Current and Future Development in Lung Cancer Diagnosis.,https://pubmed.ncbi.nlm.nih.gov/34445366/,"Lung cancer is the leading cause of cancer-related deaths in North America and other developed countries. One of the reasons lung cancer is at the top of the list is that it is often not diagnosed until the cancer is at an advanced stage. Thus, the earliest diagnosis of lung cancer is crucial, especially in screening high-risk populations, such as smokers, exposure to fumes, oil fields, toxic occupational places, etc. Based on the current knowledge, it looks that there is an urgent need to identify novel biomarkers. The current diagnosis of lung cancer includes different types of imaging complemented with pathological assessment of biopsies, but these techniques can still not detect early lung cancer developments. In this review, we described the advantages and disadvantages of current methods used in diagnosing lung cancer, and we provide an analysis of the potential use of body fluids as carriers of biomarkers as predictors of cancer development and progression.",Available,"This research paper looks at how we can find lung cancer earlier and in a more gentle way for you as a patient (Abstract, sentence 6). Lung cancer causes more deaths than any other cancer in rich countries (Abstract, sentence 1). One big reason is that we often do not find it until it is very late and hard to treat (Abstract, sentence 2). People who smoke or work around fumes or toxic places have a higher risk and need better early tests (Abstract, sentence 3). Today, doctors use scans and a small piece of lung tissue to find lung cancer (Abstract, sentence 5). These tests can be painful or scary and still may miss very early cancer (Abstract, sentence 5). The writers of this paper looked at how well these tests work and where they fall short (Abstract, sentence 6). They also looked at signs of cancer that may float in blood, spit, or other body fluids (Abstract, sentence 6). These signs are called “markers” and may help tell if cancer is there or growing (Abstract, sentence 4). If these body fluid markers prove to work well, they may one day help doctors test people at high risk sooner and with less pain (Abstract, sentence 3).","This research looks at better ways to find lung cancer early, before it has spread and is hard to treat (Abstract, para. 1). Lung cancer causes more deaths than any other cancer, in part because most people are not told they have it until it is in a late stage (Introduction, para. 1). This work may help people at high risk, such as long‑time smokers and people who breathe in toxic fumes at work (Introduction, para. 2). The team reviews current tests like chest scans and scopes into the lung, and explains that these can miss small, early tumors and can be costly or uncomfortable (Introduction, para. 3). They then look at many new lab tests that use body fluids such as blood, spit, and urine to search for “biomarkers,” which are signs of cancer in the body (Introduction, para. 4). They report that some blood and spit tests can tell people with lung cancer from healthy people, even in early stage disease, but no single marker works well enough by itself (Body, para. 41). New blood tests, called liquid biopsies, may also help guide treatment and track how well it works, but they still need better accuracy (Body, para. 46). The authors say future lung cancer tests will likely be simple fluid tests that cause less discomfort and cost, and that can be done often to help find cancer sooner (Conclusion, para. 3).","This research looks at better ways to find lung cancer early, before it has spread and is hard to treat. Lung cancer causes more deaths than any other cancer, in part because most people are not told they have it until it is in a late stage. This work may help people at high risk, such as long‑time smokers and people who breathe in toxic fumes at work. The team reviews current tests like chest scans and scopes into the lung, and explains that these can miss small, early tumors and can be costly or uncomfortable. They then look at many new lab tests that use body fluids such as blood, spit, and urine to search for “biomarkers,” which are signs of cancer in the body. They report that some blood and spit tests can tell people with lung cancer from healthy people, even in early stage disease, but no single marker works well enough by itself. New blood tests, called liquid biopsies, may also help guide treatment and track how well it works, but they still need better accuracy. The authors say future lung cancer tests will likely be simple fluid tests that cause less discomfort and cost, and that can be done often to help find cancer sooner.","This research looks at better ways to find lung cancer early, before it has spread and is hard to treat. Lung cancer causes more deaths than any other cancer, in part because most people are not told they have it until it is in a late stage. This work may help people at high risk, such as long‑time smokers and people who breathe in toxic fumes at work. The team reviews current tests like chest scans and scopes into the lung, and explains that these can miss small, early tumors and can be costly or uncomfortable. They then look at many new lab tests that use body fluids such as blood, spit, and urine to search for “biomarkers,” which are signs of cancer in the body. They report that some blood and spit tests can tell people with lung cancer from healthy people, even in early stage disease, but no single marker works well enough by itself. New blood tests, called liquid biopsies, may also help guide treatment and track how well it works, but they still need better accuracy. The authors say future lung cancer tests will likely be simple fluid tests that cause less discomfort and cost, and that can be done often to help find cancer sooner.","This research looks at better ways to find lung cancer early, before it has spread and is hard to treat [E1]. Lung cancer causes more deaths than any other cancer, in part because most people are not told they have it until it is in a late stage [E2]. This work may help people at high risk, such as long‑time smokers and people who breathe in toxic fumes at work [E3].  

The team reviews current tests like chest scans and scopes into the lung, and explains that these can miss small, early tumors and can be costly or uncomfortable [E4]. They then look at many new lab tests that use body fluids such as blood, spit, and urine to search for “biomarkers,” which are signs of cancer in the body [E5].  

They report that some blood and spit tests can tell people with lung cancer from healthy people, even in early stage disease, but no single marker works well enough by itself [E52]. New blood tests, called liquid biopsies, may also help guide treatment and track how well it works, but they still need better accuracy [E57].  

The authors say future lung cancer tests will likely be simple fluid tests that cause less discomfort and cost, and that can be done often to help find cancer sooner [E90].",8,"E1, E2, E3, E4, E5, E52, E57, E90",,91,91,0.49789244531388527,73.02450000000002,8.216333333333335,68.19696428571432,10.268452380952382,0.8421052631578947,1.0,0.33333333333338444,0.4807833333333334,4.935628992294339,7.168621630094336,8.473236714975846,11.261904761904763
34511114,Tumor-associated exosomes promote lung cancer metastasis through multiple mechanisms.,https://pubmed.ncbi.nlm.nih.gov/34511114/,"As an important medium of intercellular communication, exosomes play an important role in information transmission between tumor cells and their microenvironment. Tumor metastasis is a serious influencing factor for poor treatment effect and shortened survival. Lung cancer is a major malignant tumor that seriously threatens human health. The study of the underlying mechanisms of exosomes in tumor genesis and development may provide new ideas for early and effective diagnosis and treatment of lung cancer metastasis. Many studies have shown that tumor-derived exosomes promote lung cancer development through a number of processes. By promoting epithelial-mesenchymal transition of tumor cells, they induce angiogenesis, establishment of the pretransfer microenvironment, and immune escape. This understanding enables researchers to better understand the mechanism of lung cancer metastasis and explore new treatments for clinical application. In this article, we systematically review current research progress of tumor-derived exosomes in metastasis of lung cancer. Although positive progress has been made toward understanding the mechanism of exosomes in lung cancer metastasis, systematic basic research and clinical translational research remains lacking and are needed to translate our scientific understanding toward applications in the clinical diagnosis and treatment of lung cancer metastasis in the near future.",Available,"This research paper looks at tiny bubble-like parts from cancer cells, called exosomes, and how they help lung cancer spread in the body (Abstract, sentence 1). Lung cancer is a major cause of poor health and death, so we need better ways to find and treat it (Abstract, sentence 3). When lung cancer spreads, or “metastasis,” it often makes treatment work less well and can shorten life (Abstract, sentence 2). The writers of this paper did not test new drugs in people (Abstract, sentence 8). Instead, they read and summed up many past lab and animal studies on exosomes in lung cancer (Abstract, sentence 8). They looked at how these tiny bubbles move signals between cancer cells and nearby cells (Abstract, sentence 1). They found that exosomes from tumors can help lung cancer grow and spread in many ways (Abstract, sentence 5). These bubbles can help cancer cells change shape, grow new blood tubes, and hide from the body’s defense system (Abstract, sentence 6). This work may help us find new lab tests and new drug targets for lung cancer that has spread (Abstract, sentence 4). But the writers say we still need more basic and clinic research before this can help you or other patients in real life (Abstract, sentence 9).","This research looks at tiny bubble-like parts that cells send out, called exosomes, and how they help lung cancer spread in the body (Introduction, para. 1). We need this work because lung cancer often spreads, which makes treatment hard and shortens life, and exosomes seem to be one key way this spread happens (Abstract, para. 1). This may help people with lung cancer in the future by giving new ways to test and treat the disease (Body, para. 1). The writers did not run one new lab test. Instead, they read and summed up many past studies on lung cancer and exosomes (Body, para. 3). They looked at work done in dishes, in animals, and in people (Discussion, para. 3). They found that exosomes from tumors can help cancer cells move, grow, and stay alive, and can also weaken the body’s defense system and help new blood vessels form (Introduction, para. 14). People with lung cancer have more of these exosomes in their blood, and higher levels are linked with more advanced stage and worse survival (Introduction, para. 3). Some parts inside exosomes may serve as “markers” in blood tests to spot lung cancer or its spread (Introduction, para. 23). The authors say that, in the future, blocking harmful exosomes or using their markers in simple blood tests might help find or slow lung cancer spread, but more studies in patients are still needed (Introduction, para. 19).","This research looks at tiny bubble-like parts that cells send out, called exosomes, and how they help lung cancer spread in the body. We need this work because lung cancer often spreads, which makes treatment hard and shortens life, and exosomes seem to be one key way this spread happens. This may help people with lung cancer in the future by giving new ways to test and treat the disease. The writers did not run one new lab test. Instead, they read and summed up many past studies on lung cancer and exosomes. They looked at work done in dishes, in animals, and in people. They found that exosomes from tumors can help cancer cells move, grow, and stay alive, and can also weaken the body’s defense system and help new blood vessels form. People with lung cancer have more of these exosomes in their blood, and higher levels are linked with more advanced stage and worse survival. Some parts inside exosomes may serve as “markers” in blood tests to spot lung cancer or its spread. The authors say that, in the future, blocking harmful exosomes or using their markers in simple blood tests might help find or slow lung cancer spread, but more studies in patients are still needed.","This research looks at tiny bubble-like parts that cells send out, called exosomes, and how they help lung cancer spread in the body. We need this work because lung cancer often spreads, which makes treatment hard and shortens life, and exosomes seem to be one key way this spread happens. This may help people with lung cancer in the future by giving new ways to test and treat the disease. The writers did not run one new lab test. Instead, they read and summed up many past studies on lung cancer and exosomes. They looked at work done in dishes, in animals, and in people. They found that exosomes from tumors can help cancer cells move, grow, and stay alive, and can also weaken the body’s defense system and help new blood vessels form. People with lung cancer have more of these exosomes in their blood, and higher levels are linked with more advanced stage and worse survival. Some parts inside exosomes may serve as “markers” in blood tests to spot lung cancer or its spread. The authors say that, in the future, blocking harmful exosomes or using their markers in simple blood tests might help find or slow lung cancer spread, but more studies in patients are still needed.","This research looks at tiny bubble-like parts that cells send out, called exosomes, and how they help lung cancer spread in the body [E6].  

We need this work because lung cancer often spreads, which makes treatment hard and shortens life, and exosomes seem to be one key way this spread happens [E1]. This may help people with lung cancer in the future by giving new ways to test and treat the disease [E2].  

The writers did not run one new lab test. Instead, they read and summed up many past studies on lung cancer and exosomes [E4]. They looked at work done in dishes, in animals, and in people [E32].  

They found that exosomes from tumors can help cancer cells move, grow, and stay alive, and can also weaken the body’s defense system and help new blood vessels form [E19]. People with lung cancer have more of these exosomes in their blood, and higher levels are linked with more advanced stage and worse survival [E8]. Some parts inside exosomes may serve as “markers” in blood tests to spot lung cancer or its spread [E28].  

The authors say that, in the future, blocking harmful exosomes or using their markers in simple blood tests might help find or slow lung cancer spread, but more studies in patients are still needed [E24].",9,"E6, E1, E2, E4, E32, E19, E8, E28, E24",,35,35,0.5990009577602843,70.78775471698114,8.652528301886793,73.12285714285717,8.27714285714286,1.0,0.8888888888888888,0.4426243868255384,0.6302833333333334,7.554174236665414,8.841846274778883,9.423396226415095,10.304761904761905
34769372,Gender Differences and Immunotherapy Outcome in Advanced Lung Cancer.,https://pubmed.ncbi.nlm.nih.gov/34769372/,"In developed countries, lung cancer is the leading cause of cancer-related death in both sexes. Although cigarette smoking represents the principal risk factor for lung cancer in females, the higher proportion of this neoplasm among non-smoking women as compared with non-smoking men implies distinctive biological aspects between the two sexes. Gender differences depend not only on genetic, environmental, and hormonal factors but also on the immune system, and all these aspects are closely interconnected. In the last few years, it has been confirmed that the immune system plays a fundamental role in cancer evolution and response to oncological treatments, specifically immunotherapy, with documented distinctions between men and women. Consequently, in order to correctly assess cancer responses and disease control, considering only age and reproductive status, the results of studies conducted in female patients would probably not categorically apply to male patients and vice versa. The aim of this article is to review recent data about gender disparities in both healthy subjects' immune system and lung cancer patients; furthermore, studies concerning gender differences in response to lung cancer immunotherapy are examined.",Available,"This research looks at how lung cancer is not the same in men and women, and how their bodies fight it in different ways (Abstract, sentence 6). We need this study because lung cancer is the top cause of cancer death in rich countries for both men and women (Abstract, sentence 1). It may help people with lung cancer and the doctors who choose their care (Abstract, sentence 6). Smoking is still the main risk for lung cancer in women, but more women who never smoke get this cancer than men who never smoke (Abstract, sentence 2). This hints that the cancer may act in a different way in women (Abstract, sentence 2). The team did not test a new drug (Abstract, sentence 6). They read and summed up many past studies on how men’s and women’s immune systems differ, both in health and in lung cancer (Abstract, sentence 3)(Abstract, sentence 6). They also looked at past work on how men and women respond to new cancer drugs that help the immune system fight tumors (Abstract, sentence 4)(Abstract, sentence 6). They found that genes, hormones, the world around us, and the immune system all link to sex and can change how lung cancer grows and how well treatment works (Abstract, sentence 3)(Abstract, sentence 4). These results mean we may need to test and judge lung cancer drugs in men and women on their own, not as one group (Abstract, sentence 5).","This research looks at how lung cancer and the body’s defense system can act in different ways in men and women (Abstract, para. 1). We need this kind of study because lung cancer is a top cause of cancer death, and men and women do not get sick or respond to treatment in the same way (Abstract, para. 1). It may help people with lung cancer and the doctors who choose their care (Introduction, para. 1). The writers did not test a new drug in people (Introduction, para. 5). They read and summed up many past studies on how the immune system, hormones, and smoking differ by sex, and how these may change lung cancer and the effect of immune drugs (Introduction, para. 5). They found that women often have a stronger immune response than men, and this may lower some cancer risk but can also change how tumors hide from the immune system (Body, para. 1). In large groups of patients on immune drugs, some reports showed men seemed to gain more, while others showed similar benefit for both sexes (Body, para. 9). The results were mixed and not clear, in part because fewer women were in many trials (Body, para. 12). The authors say we still do not know for sure if immune drugs work better in one sex (Body, para. 16). Future trials should plan from the start to study men and women on their own so care can better fit each person (Conclusion, para. 1).","This research looks at how lung cancer and the body’s defense system can act in different ways in men and women. We need this kind of study because lung cancer is a top cause of cancer death, and men and women do not get sick or respond to treatment in the same way. It may help people with lung cancer and the doctors who choose their care. The writers did not test a new drug in people. They read and summed up many past studies on how the immune system, hormones, and smoking differ by sex, and how these may change lung cancer and the effect of immune drugs. They found that women often have a stronger immune response than men, and this may lower some cancer risk but can also change how tumors hide from the immune system. In large groups of patients on immune drugs, some reports showed men seemed to gain more, while others showed similar benefit for both sexes. The results were mixed and not clear, in part because fewer women were in many trials. The authors say we still do not know for sure if immune drugs work better in one sex. Future trials should plan from the start to study men and women on their own so care can better fit each person.","This research looks at how lung cancer and the body’s defense system can act in different ways in men and women. We need this kind of study because lung cancer is a top cause of cancer death, and men and women do not get sick or respond to treatment in the same way. It may help people with lung cancer and the doctors who choose their care. The writers did not test a new drug in people. They read and summed up many past studies on how the immune system, hormones, and smoking differ by sex, and how these may change lung cancer and the effect of immune drugs. They found that women often have a stronger immune response than men, and this may lower some cancer risk but can also change how tumors hide from the immune system. In large groups of patients on immune drugs, some reports showed men seemed to gain more, while others showed similar benefit for both sexes. The results were mixed and not clear, in part because fewer women were in many trials. The authors say we still do not know for sure if immune drugs work better in one sex. Future trials should plan from the start to study men and women on their own so care can better fit each person.","This research looks at how lung cancer and the body’s defense system can act in different ways in men and women [E1].  

We need this kind of study because lung cancer is a top cause of cancer death, and men and women do not get sick or respond to treatment in the same way [E1]. It may help people with lung cancer and the doctors who choose their care [E2].  

The writers did not test a new drug in people [E6]. They read and summed up many past studies on how the immune system, hormones, and smoking differ by sex, and how these may change lung cancer and the effect of immune drugs [E6].  

They found that women often have a stronger immune response than men, and this may lower some cancer risk but can also change how tumors hide from the immune system [E7]. In large groups of patients on immune drugs, some reports showed men seemed to gain more, while others showed similar benefit for both sexes [E19]. The results were mixed and not clear, in part because fewer women were in many trials [E22].  

The authors say we still do not know for sure if immune drugs work better in one sex [E26]. Future trials should plan from the start to study men and women on their own so care can better fit each person [E29].",10,"E1, E2, E6, E7, E19, E22, E26, E29",,29,29,0.6208889114065822,71.4456991701245,9.281199170124484,75.28321232876715,8.199401826484017,1.0,1.0,0.3571428571428975,0.6796132078246016,5.683917801722854,6.2581,9.64,9.125296803652969
34884642,"The Immunotherapy for Colorectal Cancer, Lung Cancer and Pancreatic Cancer.",https://pubmed.ncbi.nlm.nih.gov/34884642/,"Immunotherapy is a novel anti-cancer method which employs a different mechanism to conventional treatment. It has become a significant strategy because it provides a better or an alternative option for cancer patients. Recently, immunotherapy has been increasingly approved for the treatment of cancer; however, it has various limitations; for instance, it is only suitable for specific patients, the response rate is still low in most cases, etc. Colorectal cancer, lung cancer and pancreatic cancer are known as three major death-causing cancers in most countries. In this review, we discuss immunotherapeutic treatment for these three cancers, and consider the option, prospects and limitations of immunotherapy. The development of immunotherapy should focus on the discovery of biomarkers to screen suitable patients, new targets on tumors, neoadjuvant immunotherapy and the combination of immunotherapy with conventional therapeutic methods. We can expect that immunotherapy potentially will develop as one of the best therapies for patients with advanced cancer or poor responses to traditional methods.",Available,"This research paper looks at a type of cancer care called immunotherapy, which helps your own body fight cancer in a new way (Abstract, sentence 1). The work focuses on three common and deadly cancers: colon and rectal cancer, lung cancer, and pancreatic cancer (Abstract, sentence 4). The study is needed because many people with these cancers do not do well with standard care like surgery, drugs, or radiation (Abstract, sentence 2). Immunotherapy can give some people a better or extra choice when other care does not work well (Abstract, sentence 2). The writers of the paper read and summed up many past studies on how immunotherapy is used in these three cancers (Abstract, sentence 5). They also looked at how well it works, who it helps, and where it falls short (Abstract, sentence 3). They found that more and more cancer care teams now use immunotherapy, but it does not help every person (Abstract, sentence 3). It works best in some groups, and many people still do not get a strong response (Abstract, sentence 3). The team says we need better lab tests to pick the right people, new targets on tumor cells, and smart ways to mix immunotherapy with older care (Abstract, sentence 6). If these steps work, immunotherapy may become one of the best choices for people with late-stage cancer or poor response to usual care (Abstract, sentence 7).","This research looks at a type of cancer care called immunotherapy for colon, lung, and pancreas cancer (Abstract, para. 1). Immunotherapy helps your own defense system find and attack cancer cells in a different way than chemo or radiation (Introduction, para. 1). We need this work because these three cancers cause many deaths, and many people do not do well with standard care (Abstract, para. 1). It may help people whose cancer has spread or who cannot have surgery (Introduction, para. 4). The writers of this paper read and summed up many lab and patient studies on new drugs and lab tools that aim at the body’s defense cells and cancer cell “checkpoints” (Abstract, para. 1). They also looked at tests that sort which patients are more likely to gain from these drugs (Body, para. 2). They found that some colon cancer patients with a certain gene repair problem can do very well with drugs like nivolumab and pembrolizumab, but most colon cancer patients do not get this gain (Body, para. 3). In lung cancer, these drugs can help some people live longer, but only a small share of all patients respond if we do not test for markers first (Body, para. 11). For pancreas cancer, early tests of many kinds of immune care show only small gains so far (Body, para. 14). The authors say future work should find better lab tests to pick the right patients and new targets to make immune care work for more people (Discussion, para. 1).","This research looks at a type of cancer care called immunotherapy for colon, lung, and pancreas cancer. Immunotherapy helps your own defense system find and attack cancer cells in a different way than chemo or radiation. We need this work because these three cancers cause many deaths, and many people do not do well with standard care. It may help people whose cancer has spread or who cannot have surgery. The writers of this paper read and summed up many lab and patient studies on new drugs and lab tools that aim at the body’s defense cells and cancer cell “checkpoints”. They also looked at tests that sort which patients are more likely to gain from these drugs. They found that some colon cancer patients with a certain gene repair problem can do very well with drugs like nivolumab and pembrolizumab, but most colon cancer patients do not get this gain. In lung cancer, these drugs can help some people live longer, but only a small share of all patients respond if we do not test for markers first. For pancreas cancer, early tests of many kinds of immune care show only small gains so far. The authors say future work should find better lab tests to pick the right patients and new targets to make immune care work for more people.","This research looks at a type of cancer care called immunotherapy for colon, lung, and pancreas cancer. Immunotherapy helps your own defense system find and attack cancer cells in a different way than chemo or radiation. We need this work because these three cancers cause many deaths, and many people do not do well with standard care. It may help people whose cancer has spread or who cannot have surgery. The writers of this paper read and summed up many lab and patient studies on new drugs and lab tools that aim at the body’s defense cells and cancer cell “checkpoints”. They also looked at tests that sort which patients are more likely to gain from these drugs. They found that some colon cancer patients with a certain gene repair problem can do very well with drugs like nivolumab and pembrolizumab, but most colon cancer patients do not get this gain. In lung cancer, these drugs can help some people live longer, but only a small share of all patients respond if we do not test for markers first. For pancreas cancer, early tests of many kinds of immune care show only small gains so far. The authors say future work should find better lab tests to pick the right patients and new targets to make immune care work for more people.","This research looks at a type of cancer care called immunotherapy for colon, lung, and pancreas cancer [E1]. Immunotherapy helps your own defense system find and attack cancer cells in a different way than chemo or radiation [E2].  

We need this work because these three cancers cause many deaths, and many people do not do well with standard care [E1]. It may help people whose cancer has spread or who cannot have surgery [E5].  

The writers of this paper read and summed up many lab and patient studies on new drugs and lab tools that aim at the body’s defense cells and cancer cell “checkpoints” [E1]. They also looked at tests that sort which patients are more likely to gain from these drugs [E7].  

They found that some colon cancer patients with a certain gene repair problem can do very well with drugs like nivolumab and pembrolizumab, but most colon cancer patients do not get this gain [E8]. In lung cancer, these drugs can help some people live longer, but only a small share of all patients respond if we do not test for markers first [E16]. For pancreas cancer, early tests of many kinds of immune care show only small gains so far [E19].  

The authors say future work should find better lab tests to pick the right patients and new targets to make immune care work for more people [E29].",10,"E1, E2, E5, E7, E8, E16, E19, E29",,30,30,0.5154225418335697,58.57493103448279,10.852827586206896,68.45335135135139,9.226558558558562,0.7647058823529411,1.0,0.28571428571433083,0.6459666666666667,9.3871,8.238735603445708,11.176551724137932,10.141261261261262
35224964,[Lung Cancer Stem-like Cells and Drug Resistance].,https://pubmed.ncbi.nlm.nih.gov/35224964/,"Lung cancer remains the leading cause of cancer-related death world-wide. Therapy resistance and relapse are considered major reasons contributing to the poor survival rates of lung cancer. Accumulated evidences have demonstrated that a small subpopulation of stem-like cells existed within lung cancer tissues and cell lines, possessing the abilities of self-renewal, multipotent differentiation and unlimited proliferation. These lung cancer stem-like cells (LCSCs) can generate tumors with high effeciency in vivo, survive cytotoxic therapies, and eventually lead to therapy resistance and recurrence. In this review, we would like to present recent knowledges on LCSCs, including the origins where they come from, the molecular features to identify them, and key mechanisms for them to survive and develop resistance, in order to provide a better view for targeting them in future clinic. .",Available,"This research paper looks at a special small group of cells inside lung tumors called lung cancer stem‑like cells, or LCSCs (Abstract, sentence 3). We need this study because lung cancer is the top cause of cancer death in the world, and many people die when the cancer comes back after treatment (Abstract, sentence 1). Therapy often stops working over time, and this “therapy resistance” is a big reason why people with lung cancer do not live as long as we hope (Abstract, sentence 2). In this work, the writers did not test new drugs in people (Abstract, sentence 5). They read and summed up many past lab and animal studies to explain where these stem‑like cells come from, how to spot them, and how they stay alive during treatment (Abstract, sentence 5). They found that LCSCs can make many new tumor cells, can keep growing without limit, and can form new tumors very easily in animals (Abstract, sentence 3). These cells can also live through strong cancer drugs and can help the cancer come back later (Abstract, sentence 4). These findings matter because if we can find and block these stem‑like cells, we may stop tumors from coming back after treatment in the future (Abstract, sentence 5).","This research looks at a small group of lung cancer cells that act like “seed” cells and may cause the cancer to come back and resist drugs (Abstract, para. 1). We need this study because lung cancer is one of the top causes of cancer death in the world, and many people still die when the cancer comes back after treatment (Body, para. 1). The writers read and summed up many lab and animal studies on these “seed” cells in lung cancer (Abstract, para. 1). They looked at where these cells come from, how to find them, and how they avoid being killed by drugs (Body, para. 3). They report that these cells can make copies of themselves, change into many kinds of tumor cells, and grow tumors very well (Body, para. 2). These cells pump drugs out, fix DNA harm, avoid cell death, and can “sleep” so that chemo, targeted drugs, and immune drugs do not work well (Body, para. 20). Because of this, they are a main cause of drug resistance and cancer return in lung cancer (Body, para. 35). The authors say that if we can better find and target these “seed” cells, we may better stop drug resistance and relapse in lung cancer in the future (Body, para. 36).","This research looks at a small group of lung cancer cells that act like “seed” cells and may cause the cancer to come back and resist drugs. We need this study because lung cancer is one of the top causes of cancer death in the world, and many people still die when the cancer comes back after treatment. The writers read and summed up many lab and animal studies on these “seed” cells in lung cancer. They looked at where these cells come from, how to find them, and how they avoid being killed by drugs. They report that these cells can make copies of themselves, change into many kinds of tumor cells, and grow tumors very well. These cells pump drugs out, fix DNA harm, avoid cell death, and can “sleep” so that chemo, targeted drugs, and immune drugs do not work well. Because of this, they are a main cause of drug resistance and cancer return in lung cancer. The authors say that if we can better find and target these “seed” cells, we may better stop drug resistance and relapse in lung cancer in the future.","This research looks at a small group of lung cancer cells that act like “seed” cells and may cause the cancer to come back and resist drugs. We need this study because lung cancer is one of the top causes of cancer death in the world, and many people still die when the cancer comes back after treatment. The writers read and summed up many lab and animal studies on these “seed” cells in lung cancer. They looked at where these cells come from, how to find them, and how they avoid being killed by drugs. They report that these cells can make copies of themselves, change into many kinds of tumor cells, and grow tumors very well. These cells pump drugs out, fix DNA harm, avoid cell death, and can “sleep” so that chemo, targeted drugs, and immune drugs do not work well. Because of this, they are a main cause of drug resistance and cancer return in lung cancer. The authors say that if we can better find and target these “seed” cells, we may better stop drug resistance and relapse in lung cancer in the future.","This research looks at a small group of lung cancer cells that act like “seed” cells and may cause the cancer to come back and resist drugs [E1].  

We need this study because lung cancer is one of the top causes of cancer death in the world, and many people still die when the cancer comes back after treatment [E2].  

The writers read and summed up many lab and animal studies on these “seed” cells in lung cancer [E1]. They looked at where these cells come from, how to find them, and how they avoid being killed by drugs [E4].  

They report that these cells can make copies of themselves, change into many kinds of tumor cells, and grow tumors very well [E3]. These cells pump drugs out, fix DNA harm, avoid cell death, and can “sleep” so that chemo, targeted drugs, and immune drugs do not work well [E21]. Because of this, they are a main cause of drug resistance and cancer return in lung cancer [E36].  

The authors say that if we can better find and target these “seed” cells, we may better stop drug resistance and relapse in lung cancer in the future [E37].",8,"E1, E2, E4, E3, E21, E36, E37",,38,38,0.6088771558653056,62.89980769230773,10.94519230769231,74.97943452380953,8.670310846560849,1.0,1.0,0.400000000000056,0.696453041003479,8.07648339933343,7.6454224807358475,11.361538461538462,10.296560846560848
35581523,Lung cancer screening-Marching along ….,https://pubmed.ncbi.nlm.nih.gov/35581523/,Abstract unavailable,Available,No text available,"This research looks at tests to find lung cancer early, before it spreads in the body (Body, para. 1). We need this work because lung cancer is still the top cause of cancer death in the world, with about 1.8 million deaths each year (Body, para. 1). If we find lung cancer early, more people can live longer, so this may help many people who smoke now or used to smoke (Body, para. 2). The team looked at past test rules and new ideas on who should get a scan for lung cancer (Body, para. 2). They also looked at how to make these tests fair for people in cities, small towns, and many culture groups (Body, para. 4). They found that after lung scan tests were first advised in 2013, early lung cancer cases went up from 17% to 28%, and late cases went down (Body, para. 2). New plans that use each person’s full health and life risks, not just age and smoking, may pick people for testing in a more smart way and cut down on finding very slow cancers that may never cause harm (Body, para. 5). These results suggest that well planned lung scan programs, with fair access and team care, could save many lives if put in place in time (Body, para. 3).","This research looks at tests to find lung cancer early, before it spreads in the body. We need this work because lung cancer is still the top cause of cancer death in the world, with about 1.8 million deaths each year. If we find lung cancer early, more people can live longer, so this may help many people who smoke now or used to smoke. The team looked at past test rules and new ideas on who should get a scan for lung cancer. They also looked at how to make these tests fair for people in cities, small towns, and many culture groups. They found that after lung scan tests were first advised in 2013, early lung cancer cases went up from 17% to 28%, and late cases went down. New plans that use each person’s full health and life risks, not just age and smoking, may pick people for testing in a more smart way and cut down on finding very slow cancers that may never cause harm. These results suggest that well planned lung scan programs, with fair access and team care, could save many lives if put in place in time.","This research looks at tests to find lung cancer early, before it spreads in the body. We need this work because lung cancer is still the top cause of cancer death in the world, with about 1.8 million deaths each year. If we find lung cancer early, more people can live longer, so this may help many people who smoke now or used to smoke. The team looked at past test rules and new ideas on who should get a scan for lung cancer. They also looked at how to make these tests fair for people in cities, small towns, and many culture groups. They found that after lung scan tests were first advised in 2013, early lung cancer cases went up from 17% to 28%, and late cases went down. New plans that use each person’s full health and life risks, not just age and smoking, may pick people for testing in a more smart way and cut down on finding very slow cancers that may never cause harm. These results suggest that well planned lung scan programs, with fair access and team care, could save many lives if put in place in time.","This research looks at tests to find lung cancer early, before it spreads in the body [E1].  

We need this work because lung cancer is still the top cause of cancer death in the world, with about 1.8 million deaths each year [E1]. If we find lung cancer early, more people can live longer, so this may help many people who smoke now or used to smoke [E2].  

The team looked at past test rules and new ideas on who should get a scan for lung cancer [E2]. They also looked at how to make these tests fair for people in cities, small towns, and many culture groups [E4].  

They found that after lung scan tests were first advised in 2013, early lung cancer cases went up from 17% to 28%, and late cases went down [E2]. New plans that use each person’s full health and life risks, not just age and smoking, may pick people for testing in a more smart way and cut down on finding very slow cancers that may never cause harm [E5].  

These results suggest that well planned lung scan programs, with fair access and team care, could save many lives if put in place in time [E3].",8,"E1, E2, E4, E5, E3",,10,10,,,,81.58794871794872,7.262051282051285,,1.0,,0.635828205450208,,5.033348758259628,,8.871794871794874
36821071,MicroRNA in lung cancer-a novel potential way for early diagnosis and therapy.,https://pubmed.ncbi.nlm.nih.gov/36821071/,"Lung cancer is the most common cause of cancer-related deaths in the world. One of the reasons of poor prognosis and high mortality of lung cancer patients is the diagnosis of the disease in its advanced stage. Despite innovative diagnostic methods and multiple completed and ongoing clinical trials aiming at therapy improvement, no significant increase in patients' long-term survival has been noted over last decades. Patients would certainly benefit from early detection of lung cancer. Therefore, it is crucial to find new biomarkers that can help predict outcomes and tumor responses in order to maximize therapy effectiveness and avoid over- or under-treating patients with lung cancer. Nowadays, scientists' attention is mainly dedicated to so-called liquid biopsy, which is fully non-invasive and easily available method based on simple blood draw. Among common liquid biopsy elements, circulating tumor nucleic acids are worth mentioning. Epigenetic biomarkers, particularly miRNA expression, have several distinct features that make them promising prognostic markers. In this review, we described miRNA's involvement in tumorigenesis and present it as a predictor of cancer development and progression, potential indicator of treatment efficacy, and most importantly promising therapeutic target.",Available,"This research looks at lung cancer, which is the top cause of cancer death in the world (Abstract, sentence 1). Many people learn they have lung cancer only when it is at a late stage, which makes it hard to treat and leads to more deaths (Abstract, sentence 2). Even with new tests and many drug studies, people with lung cancer have not seen big gains in long-term survival over many years (Abstract, sentence 3). So we need better ways to find lung cancer early and to match each person with the right treatment (Abstract, sentence 4). The writers of this paper review work on “liquid biopsy,” which is a test that uses a simple blood draw instead of a tissue sample from the lung (Abstract, sentence 6). In the blood, they look at tiny bits from the tumor, called tumor nucleic acids (Abstract, sentence 7). They focus on small gene control parts called miRNA, which can act as signs, or “markers,” of how a tumor starts, grows, and responds to treatment (Abstract, sentence 8). They report that miRNA patterns may help tell how the cancer will act, how well treatment may work, and may even be used as a new kind of treatment target in the future (Abstract, sentence 9). If later studies confirm this, blood tests for miRNA could one day help doctors choose better care for people with lung cancer (Abstract, sentence 5).","This research looks at tiny molecules in blood, called microRNAs, to help find and guide care for lung cancer (Abstract, para. 1). Lung cancer is the top cause of cancer death, and most people learn they have it when it is already at a late stage (Introduction, para. 1). You and other patients could do better if we find the cancer early and choose the right treatment for each person (Introduction, para. 4). In this study, teams looked at many reports on microRNAs in lung cancer. They checked how these small markers change in cancer cells and in blood, and how those changes link to cancer type, spread, and patient survival (Body, para. 4). They also reviewed tests that measure microRNAs from a simple blood draw, called a “liquid biopsy” (Body, para. 39). They found that certain microRNAs are often higher or lower in lung cancer and can help tell cancer types apart and predict how long people live (Body, para. 6). Some blood tests using groups of microRNAs reached about 75–87% accuracy in finding lung cancer in high‑risk people (Body, para. 40). These results matter because blood microRNA tests may one day help doctors spot lung cancer sooner and track how well treatment works, but more large, careful studies are still needed before they become routine in care (Conclusion, para. 1)(Conclusion, para. 2).","This research looks at tiny molecules in blood, called microRNAs, to help find and guide care for lung cancer. Lung cancer is the top cause of cancer death, and most people learn they have it when it is already at a late stage. You and other patients could do better if we find the cancer early and choose the right treatment for each person. In this study, teams looked at many reports on microRNAs in lung cancer. They checked how these small markers change in cancer cells and in blood, and how those changes link to cancer type, spread, and patient survival. They also reviewed tests that measure microRNAs from a simple blood draw, called a “liquid biopsy”. They found that certain microRNAs are often higher or lower in lung cancer and can help tell cancer types apart and predict how long people live. Some blood tests using groups of microRNAs reached about 75–87% accuracy in finding lung cancer in high‑risk people. These results matter because blood microRNA tests may one day help doctors spot lung cancer sooner and track how well treatment works, but more large, careful studies are still needed before they become routine in care.","This research looks at tiny molecules in blood, called microRNAs, to help find and guide care for lung cancer. Lung cancer is the top cause of cancer death, and most people learn they have it when it is already at a late stage. You and other patients could do better if we find the cancer early and choose the right treatment for each person. In this study, teams looked at many reports on microRNAs in lung cancer. They checked how these small markers change in cancer cells and in blood, and how those changes link to cancer type, spread, and patient survival. They also reviewed tests that measure microRNAs from a simple blood draw, called a “liquid biopsy”. They found that certain microRNAs are often higher or lower in lung cancer and can help tell cancer types apart and predict how long people live. Some blood tests using groups of microRNAs reached about 75–87% accuracy in finding lung cancer in high‑risk people. These results matter because blood microRNA tests may one day help doctors spot lung cancer sooner and track how well treatment works, but more large, careful studies are still needed before they become routine in care.","This research looks at tiny molecules in blood, called microRNAs, to help find and guide care for lung cancer [E1].  

Lung cancer is the top cause of cancer death, and most people learn they have it when it is already at a late stage [E2]. You and other patients could do better if we find the cancer early and choose the right treatment for each person [E5].  

In this study, teams looked at many reports on microRNAs in lung cancer. They checked how these small markers change in cancer cells and in blood, and how those changes link to cancer type, spread, and patient survival [E15]. They also reviewed tests that measure microRNAs from a simple blood draw, called a “liquid biopsy” [E50].  

They found that certain microRNAs are often higher or lower in lung cancer and can help tell cancer types apart and predict how long people live [E17]. Some blood tests using groups of microRNAs reached about 75–87% accuracy in finding lung cancer in high‑risk people [E51].  

These results matter because blood microRNA tests may one day help doctors spot lung cancer sooner and track how well treatment works, but more large, careful studies are still needed before they become routine in care [E92][E93].",9,"E1, E2, E5, E15, E50, E17, E51, E92, E93",,93,93,0.48846362464548715,66.58300376647837,10.486666666666668,66.57772727272727,9.438484848484851,1.0,1.0,0.40000000000003827,0.6309166666666667,6.42735559955562,9.444778638647367,10.997363465160076,10.820202020202021
37151885,Vistas in Non-Small Cell Lung Cancer (NSCLC) Treatment: of Kinome and Signaling Networks.,https://pubmed.ncbi.nlm.nih.gov/37151885/,"Non-small cell lung cancer (NSCLC) is the prevailing lung cancer type, accounting for ~85% of all lung cancer cases. Despite their initial promise, current chemotherapeutic protocols are reaching their limits. This necessitates the prompt discovery of new molecular drivers and the development of novel regimens for advanced NSCLC. Herein, we pose that there is a need to systematically profile the human kinome activity of NSCLC. Using available state-of-the-art technologies, a wide gamut of kinase activities can be simultaneously mapped and quantified specifically in the primary or metastatic cancer states, with oncogenic kinase functions being likely linked to mutation signatures and malignant features of NSCLC. New chemical compound libraries can then be screened for kinase inhibitory properties in preclinical model systems, with presumptive induction of programmed cell-death subroutines and signaling-disintegration routes serving as major outputs of novel inhibitor tumor-suppressor potentials.",Available,"This study looks at a common type of lung cancer called non‑small cell lung cancer, which makes up about 85 out of 100 lung cancer cases (Abstract, sentence 1). We need better care for this cancer because the chemo drugs we use now are not working as well as we hoped (Abstract, sentence 2). The team says we must find new “drivers” of this cancer and new drug plans, so people with advanced lung cancer can have more options (Abstract, sentence 3). They plan to study a group of cell tools called “kinases,” which act like tiny on–off switches that help cancer cells grow and spread (Abstract, sentence 4). With new lab tools, they can measure many kinase switches at the same time in main tumors and in tumors that have spread, and link these to gene changes and how severe the cancer is (Abstract, sentence 5). They can then test many new lab-made drug mixes to see which ones turn off these kinase switches and make cancer cells die in lab models (Abstract, sentence 6). If this work goes well, it may guide new drug tests for people with this type of lung cancer in the future (Abstract, sentence 3).","This research looks at a common type of lung cancer called non‑small cell lung cancer, or NSCLC, which makes up about 85 out of 100 lung cancer cases (Abstract, para. 1). We need this study because many people still die from lung cancer, and the drugs we use now are starting to reach their limits (Abstract, para. 1)(Body, para. 1). The team plans to study “kinases,” which are tiny switches in cells that turn signals on and off (Abstract, para. 1). They will compare these switches in cancer lung tissue and in healthy lung tissue, and in early tumors and tumors that have spread (Body, para. 5). They will then test drug mixes that block these switches in cancer cells in the lab and in mice, to see which mixes kill cancer cells best while sparing normal cells (Body, para. 6). The plan builds on past work that found gene changes in lung cancer, such as changes in EGFR, ALK, and KRAS, and drugs that target some of these changes (Body, para. 2)(Body, para. 3). The new work aims to make a “map” of active switches in NSCLC and use smart computer tools to predict which drug pairs may work best and avoid drug resistance (Body, para. 5)(Body, para. 7). If this approach works, it may lead to more tailored, safer, and lower‑cost care for people with advanced NSCLC in the future (Body, para. 8)(Body, para. 9).","This research looks at a common type of lung cancer called non‑small cell lung cancer, or NSCLC, which makes up about 85 out of 100 lung cancer cases. We need this study because many people still die from lung cancer, and the drugs we use now are starting to reach their limits. The team plans to study “kinases,” which are tiny switches in cells that turn signals on and off. They will compare these switches in cancer lung tissue and in healthy lung tissue, and in early tumors and tumors that have spread. They will then test drug mixes that block these switches in cancer cells in the lab and in mice, to see which mixes kill cancer cells best while sparing normal cells. The plan builds on past work that found gene changes in lung cancer, such as changes in EGFR, ALK, and KRAS, and drugs that target some of these changes. The new work aims to make a “map” of active switches in NSCLC and use smart computer tools to predict which drug pairs may work best and avoid drug resistance. If this approach works, it may lead to more tailored, safer, and lower‑cost care for people with advanced NSCLC in the future.","This research looks at a common type of lung cancer called non‑small cell lung cancer, or NSCLC, which makes up about 85 out of 100 lung cancer cases. We need this study because many people still die from lung cancer, and the drugs we use now are starting to reach their limits. The team plans to study “kinases,” which are tiny switches in cells that turn signals on and off. They will compare these switches in cancer lung tissue and in healthy lung tissue, and in early tumors and tumors that have spread. They will then test drug mixes that block these switches in cancer cells in the lab and in mice, to see which mixes kill cancer cells best while sparing normal cells. The plan builds on past work that found gene changes in lung cancer, such as changes in EGFR, ALK, and KRAS, and drugs that target some of these changes. The new work aims to make a “map” of active switches in NSCLC and use smart computer tools to predict which drug pairs may work best and avoid drug resistance. If this approach works, it may lead to more tailored, safer, and lower‑cost care for people with advanced NSCLC in the future.","This research looks at a common type of lung cancer called non‑small cell lung cancer, or NSCLC, which makes up about 85 out of 100 lung cancer cases [E1].  

We need this study because many people still die from lung cancer, and the drugs we use now are starting to reach their limits [E1][E2].  

The team plans to study “kinases,” which are tiny switches in cells that turn signals on and off [E1]. They will compare these switches in cancer lung tissue and in healthy lung tissue, and in early tumors and tumors that have spread [E6]. They will then test drug mixes that block these switches in cancer cells in the lab and in mice, to see which mixes kill cancer cells best while sparing normal cells [E7].  

The plan builds on past work that found gene changes in lung cancer, such as changes in EGFR, ALK, and KRAS, and drugs that target some of these changes [E3][E4]. The new work aims to make a “map” of active switches in NSCLC and use smart computer tools to predict which drug pairs may work best and avoid drug resistance [E6][E8].  

If this approach works, it may lead to more tailored, safer, and lower‑cost care for people with advanced NSCLC in the future [E9][E10].",12,"E1, E2, E6, E7, E3, E4, E8, E9, E10",,10,10,0.6205789204910707,68.25716417910448,10.872253020611236,71.87733231707318,9.599847560975611,0.8125,0.8235294117647058,0.21428571428576385,0.6287260374973673,6.18269132825596,7.6454224807358475,11.883724235963044,11.225609756097562
37371458,MiRNA-Based Therapies for Lung Cancer: Opportunities and Challenges?,https://pubmed.ncbi.nlm.nih.gov/37371458/,"Lung cancer is a commonly diagnosed cancer and the leading cause of cancer-related deaths, posing a serious health risk. Despite new advances in immune checkpoint and targeted therapies in recent years, the prognosis for lung cancer patients, especially those in advanced stages, remains poor. MicroRNAs (miRNAs) have been shown to modulate tumor development at multiple levels, and as such, miRNA mimics and molecules aimed at regulating miRNAs have shown promise in preclinical development. More importantly, miRNA-based therapies can also complement conventional chemoradiotherapy, immunotherapy, and targeted therapies to reverse drug resistance and increase the sensitivity of lung cancer cells. Furthermore, small interfering RNA (siRNA) and miRNA-based therapies have entered clinical trials and have shown favorable development prospects. Therefore, in this paper, we review recent advances in miRNA-based therapies in lung cancer treatment as well as adjuvant therapy and present the current state of clinical lung cancer treatment. We also discuss the challenges facing miRNA-based therapies in the clinical application of lung cancer treatment to provide new ideas for the development of novel lung cancer therapies.",Available,"This research paper looks at new ways to treat lung cancer using tiny gene control tools called “microRNAs,” which help turn other genes on or off (Abstract, sentence 3). Lung cancer is very common and is the top cause of cancer death, so we need better care options (Abstract, sentence 1). Even with new drugs that help the body’s own defense system and drugs that target cancer cells, many people with lung cancer, most of all in late stages, still do not do well (Abstract, sentence 2). The writers of this paper did not test a new drug in people (Abstract, sentence 6). They read and summed up many past lab and clinic studies on microRNA care for lung cancer (Abstract, sentence 6). They also looked at how these tools might work with chemo, radiation, and newer drugs to help those drugs work better and fight drug “resist,” when cancer stops responding to a drug (Abstract, sentence 4). They found that some microRNA and similar tools have already gone into early human tests and look hopeful so far (Abstract, sentence 5). The paper also talks about hard parts, like how to get these tools safely into lung cancer cells in real life care (Abstract, sentence 7). If future studies solve these hard parts, microRNA care may one day be used along with standard lung cancer care to help some patients live longer and feel better (Abstract, sentence 4).","This study looks at a new way to treat a common type of lung cancer called non‑small cell lung cancer, or NSCLC (Introduction, para. 1). We need better care because lung cancer is the top cause of cancer death, and people with late‑stage NSCLC still do not live very long, even with new drugs (Abstract, para. 1). This work may help people whose cancer no longer responds to surgery, chemo, or other drugs (Body, para. 4). The writers review many lab and animal studies that test tiny gene control pieces, called microRNAs, as drugs (Introduction, para. 2). They look at two main plans: adding helpful microRNAs back into cancer cells, and blocking harmful ones (Body, para. 1). They also describe early human tests of these drugs (Body, para. 19). They report that some microRNAs can slow tumor growth, make chemo and radiation work better, and help the immune system see and attack cancer cells (Body, para. 6). In one early trial, a microRNA‑16 drug was safe enough to test and showed signs it might help lung cancer (Body, para. 19). But another trial of a microRNA‑34 drug had serious immune side effects and had to stop (Body, para. 20). The authors say microRNA drugs could one day give more personal, lower‑toxicity treatment for NSCLC, but better drug delivery and safety tests are still needed before wide use in patients (Conclusion, para. 1).","This study looks at a new way to treat a common type of lung cancer called non‑small cell lung cancer, or NSCLC. We need better care because lung cancer is the top cause of cancer death, and people with late‑stage NSCLC still do not live very long, even with new drugs. This work may help people whose cancer no longer responds to surgery, chemo, or other drugs. The writers review many lab and animal studies that test tiny gene control pieces, called microRNAs, as drugs. They look at two main plans: adding helpful microRNAs back into cancer cells, and blocking harmful ones. They also describe early human tests of these drugs. They report that some microRNAs can slow tumor growth, make chemo and radiation work better, and help the immune system see and attack cancer cells. In one early trial, a microRNA‑16 drug was safe enough to test and showed signs it might help lung cancer. But another trial of a microRNA‑34 drug had serious immune side effects and had to stop. The authors say microRNA drugs could one day give more personal, lower‑toxicity treatment for NSCLC, but better drug delivery and safety tests are still needed before wide use in patients.","This study looks at a new way to treat a common type of lung cancer called non‑small cell lung cancer, or NSCLC. We need better care because lung cancer is the top cause of cancer death, and people with late‑stage NSCLC still do not live very long, even with new drugs. This work may help people whose cancer no longer responds to surgery, chemo, or other drugs. The writers review many lab and animal studies that test tiny gene control pieces, called microRNAs, as drugs. They look at two main plans: adding helpful microRNAs back into cancer cells, and blocking harmful ones. They also describe early human tests of these drugs. They report that some microRNAs can slow tumor growth, make chemo and radiation work better, and help the immune system see and attack cancer cells. In one early trial, a microRNA‑16 drug was safe enough to test and showed signs it might help lung cancer. But another trial of a microRNA‑34 drug had serious immune side effects and had to stop. The authors say microRNA drugs could one day give more personal, lower‑toxicity treatment for NSCLC, but better drug delivery and safety tests are still needed before wide use in patients.","This study looks at a new way to treat a common type of lung cancer called non‑small cell lung cancer, or NSCLC [E2].  

We need better care because lung cancer is the top cause of cancer death, and people with late‑stage NSCLC still do not live very long, even with new drugs [E1]. This work may help people whose cancer no longer responds to surgery, chemo, or other drugs [E8].  

The writers review many lab and animal studies that test tiny gene control pieces, called microRNAs, as drugs [E3]. They look at two main plans: adding helpful microRNAs back into cancer cells, and blocking harmful ones [E5]. They also describe early human tests of these drugs [E23].  

They report that some microRNAs can slow tumor growth, make chemo and radiation work better, and help the immune system see and attack cancer cells [E10]. In one early trial, a microRNA‑16 drug was safe enough to test and showed signs it might help lung cancer [E23]. But another trial of a microRNA‑34 drug had serious immune side effects and had to stop [E24].  

The authors say microRNA drugs could one day give more personal, lower‑toxicity treatment for NSCLC, but better drug delivery and safety tests are still needed before wide use in patients [E25].",10,"E2, E1, E8, E3, E5, E23, E10, E24, E25",,29,29,0.5448948369871572,64.11321661998134,10.886358543417366,62.78249504950499,9.520673267326732,0.8076923076923077,1.0,0.30769230769234845,0.5639166666666667,8.515128840125781,10.125756701596842,11.754248366013073,10.654257425742575
37741809,miRNA as biomarker in lung cancer.,https://pubmed.ncbi.nlm.nih.gov/37741809/,"Lung cancer has a high prevalence and mortality due to its late diagnosis and limited treatment, so it is essential to find biomarkers that allow a faster diagnosis and improve the survival of these patients. In this sense, biomarkers based on miRNAs have supposed a considerable advance. miRNAs, which are small RNA sequences, can regulate gene expression, so they play an essential role not only as a diagnostic biomarker but also as a therapeutic and prognostic one. Also, miRNA biomarkers can be obtained from liquid biopsies, which are less intrusive than lung biopsies, and have better accessibility, safety and repeatability, which allows using those biomarkers both for diagnosis and monitoring of patients. In this review, we highlight the importance of miRNAs and collect the existing evidence of their relationship with lung cancer.",Available,"This research looks at lung cancer and small markers in the blood that may help find the disease sooner (Abstract, sentence 1). Lung cancer is often found late, and many people die from it, so we need better ways to test and treat it (Abstract, sentence 1). The team studied tiny parts in cells called “miRNAs,” which can change how genes work in the body (Abstract, sentence 3). These miRNAs can act as signs that cancer is there, and they may also help guide treatment and tell how the illness may go over time (Abstract, sentence 3). We review many past studies to see how miRNAs link to lung cancer (Abstract, sentence 5). We also look at how these miRNA signs can be found in a simple blood draw, called a liquid biopsy, instead of a lung tissue sample (Abstract, sentence 4). A blood test is less painful, safer, and easier to repeat than a lung biopsy (Abstract, sentence 4). The review finds that miRNA markers are a big step forward for lung cancer tests (Abstract, sentence 2). In the future, these blood tests may help doctors find lung cancer earlier and watch how you respond to treatment (Abstract, sentence 4).","This research looks at lung cancer and small blood tests that may help find it earlier (Abstract, para. 1). Lung cancer is very common and causes many deaths, in part because we often find it late (Introduction, para. 1). You or someone you love may face hard tests now, like lung tissue biopsy, which can be painful, risky, and costly (Introduction, para. 3)(Body, para. 4). The team reviewed many studies on tiny molecules called miRNAs that can be measured in blood, spit, or other body fluids (Abstract, para. 1). These miRNAs come from cancer cells and may act as “signs” that cancer is there, how it may grow, and how it may respond to drugs (Body, para. 9)(Body, para. 18). They found that some miRNAs are higher or lower in people with lung cancer and can help tell who has cancer and even what type it is (Body, para. 13)(Body, para. 15). For example, one miRNA in spit found lung cancer in 70 out of 100 people with cancer and gave no “false alarms” in people without cancer (Body, para. 14). Other miRNAs may help predict how long people live and how well they respond to chemo drugs (Body, para. 17)(Body, para. 18). These results suggest that, in the future, simple blood or spit tests for miRNAs may help doctors find lung cancer earlier and choose better treatment plans (Body, para. 7)(Conclusion, para. 1).","This research looks at lung cancer and small blood tests that may help find it earlier. Lung cancer is very common and causes many deaths, in part because we often find it late. You or someone you love may face hard tests now, like lung tissue biopsy, which can be painful, risky, and costly. The team reviewed many studies on tiny molecules called miRNAs that can be measured in blood, spit, or other body fluids. These miRNAs come from cancer cells and may act as “signs” that cancer is there, how it may grow, and how it may respond to drugs. They found that some miRNAs are higher or lower in people with lung cancer and can help tell who has cancer and even what type it is. For example, one miRNA in spit found lung cancer in 70 out of 100 people with cancer and gave no “false alarms” in people without cancer. Other miRNAs may help predict how long people live and how well they respond to chemo drugs. These results suggest that, in the future, simple blood or spit tests for miRNAs may help doctors find lung cancer earlier and choose better treatment plans.","This research looks at lung cancer and small blood tests that may help find it earlier. Lung cancer is very common and causes many deaths, in part because we often find it late. You or someone you love may face hard tests now, like lung tissue biopsy, which can be painful, risky, and costly. The team reviewed many studies on tiny molecules called miRNAs that can be measured in blood, spit, or other body fluids. These miRNAs come from cancer cells and may act as “signs” that cancer is there, how it may grow, and how it may respond to drugs. They found that some miRNAs are higher or lower in people with lung cancer and can help tell who has cancer and even what type it is. For example, one miRNA in spit found lung cancer in 70 out of 100 people with cancer and gave no “false alarms” in people without cancer. Other miRNAs may help predict how long people live and how well they respond to chemo drugs. These results suggest that, in the future, simple blood or spit tests for miRNAs may help doctors find lung cancer earlier and choose better treatment plans.","This research looks at lung cancer and small blood tests that may help find it earlier [E1]. Lung cancer is very common and causes many deaths, in part because we often find it late [E2]. You or someone you love may face hard tests now, like lung tissue biopsy, which can be painful, risky, and costly [E4][E8].  

The team reviewed many studies on tiny molecules called miRNAs that can be measured in blood, spit, or other body fluids [E1]. These miRNAs come from cancer cells and may act as “signs” that cancer is there, how it may grow, and how it may respond to drugs [E13][E22].  

They found that some miRNAs are higher or lower in people with lung cancer and can help tell who has cancer and even what type it is [E17][E19]. For example, one miRNA in spit found lung cancer in 70 out of 100 people with cancer and gave no “false alarms” in people without cancer [E18]. Other miRNAs may help predict how long people live and how well they respond to chemo drugs [E21][E22].  

These results suggest that, in the future, simple blood or spit tests for miRNAs may help doctors find lung cancer earlier and choose better treatment plans [E11][E23].",14,"E1, E2, E4, E8, E13, E22, E17, E19, E18, E21, E11, E23",,23,23,0.5564395361188561,69.68308457711446,9.088159203980101,71.2451889452905,8.759864636209816,1.0,1.0,0.5000000000000593,0.5254302015275606,6.937597516519254,7.3871296695380915,9.729353233830846,9.770783981951496
38054903,COVID-19 and lung cancer.,https://pubmed.ncbi.nlm.nih.gov/38054903/,"COVID-19 pandemic had affected health services around the world, also reducing the diagnosis of lung cancer. On the other hand, examination of surgical specimens in patients with lung cancer and SARS-CoV-2 gave the opportunity to evidence early histologic features related to this emerging pandemic. Different prioritization of health organizations during COVID-19 pandemic resulted in a significant decline of lung cancer screening (up to 56%), delayed diagnosis (up to 30-40%) and higher advanced stage, with some exceptions (i.e., Canada). Increased use of stereotactic radiation treatments in stage I-IIA have been noticed in better-organized health systems. Surgical specimens performed for lung cancer in patients with incipient SARS-CoV-2 permitted to appreciate early histologic findings of COVID-19 with hyperplastic pneumocytes with/without fibrin exudate, alveolar macrophages/myeloid cells, perivascular T-lymphocytic infiltrate and lack of hyaline membrane. While the COVID-19 pandemic has declined the rate of lung cancer diagnosis worldwide, some institutions have significantly limited detrimental effects. Histology related to early SARS-CoV-2 infection in surgical samples for lung cancer revealed specific histologic changes.",Available,"This research looks at how the COVID-19 virus changed lung cancer care and what we can see in lung tissue from people who had both lung cancer and COVID-19 (Abstract, sentence 1). We need this study because during COVID-19, many health plans cut back on cancer checks, which led to fewer lung cancer tests and more late-stage cases (Abstract, sentence 3). This may affect you or someone you know who had care delayed (Abstract, sentence 6). The team looked at health records to see how often lung cancer was found and treated during the pandemic (Abstract, sentence 1). They also studied lung tissue removed during surgery from people who had early COVID-19 at the same time as lung cancer (Abstract, sentence 2). They found lung cancer checks dropped by up to 56%, and diagnosis was delayed by up to 30–40% in many places (Abstract, sentence 3). Some health systems stayed better organized and used more precise radiation instead of surgery for early lung cancer (Abstract, sentence 4). In lung tissue from people with early COVID-19, they saw clear, early changes in the lung cells and immune cells (Abstract, sentence 5). These results show that strong health systems can soften harm from a crisis and that lung tissue from cancer surgery can help us learn how a new virus harms the lung (Abstract, sentence 6). This may guide how doctors plan cancer care and lung checks in future outbreaks (Abstract, sentence 7).","This research looks at how the COVID-19 pandemic changed lung cancer care and what we can learn from lung tissue taken during surgery in people who also had the virus (Abstract, para. 1). We need this study because many people had delays in cancer checks and care during COVID, which may lead to more late-stage lung cancer and more deaths (Introduction, para. 2). It may help you if you have lung cancer now or worry that your care was put off (Body, para. 1). The team reviewed many past studies from different countries and also looked at lung tissue removed during surgery from people who had early COVID infection (Introduction, para. 5). They compared lung cancer care before and during the pandemic, such as how fast people got tests and surgery (Body, para. 2). They found big drops in lung cancer checks and new cases, up to 56% fewer screenings and about one‑third fewer new cases in some places (Abstract, para. 2). Many people were found at a later stage and had less surgery and more drug or radiation treatment (Body, para. 6). In the lung tissue, they saw early virus damage, such as swollen air sacs and immune cells, but not the full, severe lung injury seen at death (Body, para. 31). These results may guide health systems to protect cancer care in future crises and may help doctors better understand early lung damage from COVID (Conclusion, para. 1).","This research looks at how the COVID-19 pandemic changed lung cancer care and what we can learn from lung tissue taken during surgery in people who also had the virus. We need this study because many people had delays in cancer checks and care during COVID, which may lead to more late-stage lung cancer and more deaths. It may help you if you have lung cancer now or worry that your care was put off. The team reviewed many past studies from different countries and also looked at lung tissue removed during surgery from people who had early COVID infection. They compared lung cancer care before and during the pandemic, such as how fast people got tests and surgery. They found big drops in lung cancer checks and new cases, up to 56% fewer screenings and about one‑third fewer new cases in some places. Many people were found at a later stage and had less surgery and more drug or radiation treatment. In the lung tissue, they saw early virus damage, such as swollen air sacs and immune cells, but not the full, severe lung injury seen at death. These results may guide health systems to protect cancer care in future crises and may help doctors better understand early lung damage from COVID.","This research looks at how the COVID-19 pandemic changed lung cancer care and what we can learn from lung tissue taken during surgery in people who also had the virus. We need this study because many people had delays in cancer checks and care during COVID, which may lead to more late-stage lung cancer and more deaths. It may help you if you have lung cancer now or worry that your care was put off. The team reviewed many past studies from different countries and also looked at lung tissue removed during surgery from people who had early COVID infection. They compared lung cancer care before and during the pandemic, such as how fast people got tests and surgery. They found big drops in lung cancer checks and new cases, up to 56% fewer screenings and about one‑third fewer new cases in some places. Many people were found at a later stage and had less surgery and more drug or radiation treatment. In the lung tissue, they saw early virus damage, such as swollen air sacs and immune cells, but not the full, severe lung injury seen at death. These results may guide health systems to protect cancer care in future crises and may help doctors better understand early lung damage from COVID.","This research looks at how the COVID-19 pandemic changed lung cancer care and what we can learn from lung tissue taken during surgery in people who also had the virus [E1].  

We need this study because many people had delays in cancer checks and care during COVID, which may lead to more late-stage lung cancer and more deaths [E5]. It may help you if you have lung cancer now or worry that your care was put off [E9].  

The team reviewed many past studies from different countries and also looked at lung tissue removed during surgery from people who had early COVID infection [E8]. They compared lung cancer care before and during the pandemic, such as how fast people got tests and surgery [E10].  

They found big drops in lung cancer checks and new cases, up to 56% fewer screenings and about one‑third fewer new cases in some places [E2]. Many people were found at a later stage and had less surgery and more drug or radiation treatment [E14]. In the lung tissue, they saw early virus damage, such as swollen air sacs and immune cells, but not the full, severe lung injury seen at death [E39].  

These results may guide health systems to protect cancer care in future crises and may help doctors better understand early lung damage from COVID [E46].",9,"E1, E5, E9, E8, E10, E2, E14, E39, E46",,51,51,0.6744806479091543,64.77598962655604,10.21148962655602,64.0555868544601,10.204319248826295,0.9333333333333333,1.0,0.4000000000000402,0.7878201541713292,7.908726449838941,9.444778638647367,10.80182572614108,11.15680751173709
38497774,From osimertinib to preemptive combinations.,https://pubmed.ncbi.nlm.nih.gov/38497774/,"Here, I suggest that while first-line osimertinib extends median progression-free survival (PFS) in EGFR-mutant lung cancer compared to first-generation TKIs, it reduces individual PFS in 15-20% of patients compared to first-generation TKIs. Since detecting a single resistant cell before treatment is usually impossible, osimertinib must be used in all patients as a first-line treatment, raising median PFS overall but harming some. The simplest remedy is a preemptive combination (PC) of osimertinib and gefitinib. A comprehensive PC (osimertinib, afatinib/gefitinib, and capmatinib) could dramatically increase PFS for 80% of patients compared to osimertinib alone, without harming anyone. This article also explores PCs for MET-driven lung cancer.",Available,"This study looks at a type of lung cancer that has a change in a growth gene and is treated with a drug called osimertinib as the first drug you get. (Abstract, sentence 1)We need this study because this drug helps many people live longer before the cancer grows again, but it may hurt some people by making this “no growth” time shorter than with older drugs. (Abstract, sentence 1)It is very hard to find even one cancer cell that can resist the drug before you start care, so doctors now give this drug first to almost all people. (Abstract, sentence 2)The writer of this paper used past data and math ideas to test new drug plans in theory. (Abstract, sentence 1)They looked at giving osimertinib alone, and then at giving it together with other drugs called gefitinib, afatinib, and capmatinib. (Abstract, sentence 3)They found that a planned mix of osimertinib and gefitinib might fix the harm for the 15–20% of people who do worse on osimertinib alone. (Abstract, sentence 1)A larger mix of three or four drugs could raise the time before the cancer grows again for about 80% of people and not make it worse for anyone. (Abstract, sentence 4)The paper also thinks about such mixes for lung cancer driven by a gene called MET. (Abstract, sentence 5)If later tests in people back up these ideas, doctors may one day use planned drug mixes to help more lung cancer patients for a longer time. (Abstract, sentence 4)","This research looks at better ways to treat some types of lung cancer that have certain gene changes.(Abstract, para. 1)Today, many people with these lung cancers get a drug called osimertinib first.(Abstract, para. 1)This drug often keeps the cancer from growing for about 18 months, but in 15–20 out of 100 people it may work for a shorter time than older drugs.(Abstract, para. 1)We cannot yet test and find the one cancer cell that will resist the drug before you start care.(Abstract, para. 1)The writer studies a plan called “preemptive mix.”(Introduction, para. 4)This means we use two or three drugs at the same time to kill both the main cancer cells and the rare cells that could later cause the drug to stop working.(Introduction, para. 4)For lung cancer driven by an EGFR gene change, the paper suggests a mix of osimertinib, afatinib, and capmatinib.(Introduction, para. 9)The author estimates this mix could block about 75% of known ways the cancer learns to resist and might raise the time before the cancer grows again from 18 months to about 40 months.(Introduction, para. 9)(Introduction, para. 10)For lung cancer driven by a MET gene change, the paper suggests short use of a second drug, cabozantinib, with capmatinib and afatinib to kill early resistant cells.(Introduction, para. 11)(Introduction, para. 12)(Introduction, para. 14)The author thinks this may help about half of these patients live longer without growth of the cancer.(Introduction, para. 14)","This research looks at better ways to treat some types of lung cancer that have certain gene changes. Today, many people with these lung cancers get a drug called osimertinib first. This drug often keeps the cancer from growing for about 18 months, but in 15–20 out of 100 people it may work for a shorter time than older drugs. We cannot yet test and find the one cancer cell that will resist the drug before you start care. The writer studies a plan called “preemptive mix.”This means we use two or three drugs at the same time to kill both the main cancer cells and the rare cells that could later cause the drug to stop working. For lung cancer driven by an EGFR gene change, the paper suggests a mix of osimertinib, afatinib, and capmatinib. The author estimates this mix could block about 75% of known ways the cancer learns to resist and might raise the time before the cancer grows again from 18 months to about 40 months. For lung cancer driven by a MET gene change, the paper suggests short use of a second drug, cabozantinib, with capmatinib and afatinib to kill early resistant cells. The author thinks this may help about half of these patients live longer without growth of the cancer.","This research looks at better ways to treat some types of lung cancer that have certain gene changes. Today, many people with these lung cancers get a drug called osimertinib first. This drug often keeps the cancer from growing for about 18 months, but in 15–20 out of 100 people it may work for a shorter time than older drugs. We cannot yet test and find the one cancer cell that will resist the drug before you start care. The writer studies a plan called “preemptive mix.”This means we use two or three drugs at the same time to kill both the main cancer cells and the rare cells that could later cause the drug to stop working. For lung cancer driven by an EGFR gene change, the paper suggests a mix of osimertinib, afatinib, and capmatinib. The author estimates this mix could block about 75% of known ways the cancer learns to resist and might raise the time before the cancer grows again from 18 months to about 40 months. For lung cancer driven by a MET gene change, the paper suggests short use of a second drug, cabozantinib, with capmatinib and afatinib to kill early resistant cells. The author thinks this may help about half of these patients live longer without growth of the cancer.","This research looks at better ways to treat some types of lung cancer that have certain gene changes.[E1]  

Today, many people with these lung cancers get a drug called osimertinib first.[E1]  This drug often keeps the cancer from growing for about 18 months, but in 15–20 out of 100 people it may work for a shorter time than older drugs.[E1]  We cannot yet test and find the one cancer cell that will resist the drug before you start care.[E1]  

The writer studies a plan called “preemptive mix.”[E5]  This means we use two or three drugs at the same time to kill both the main cancer cells and the rare cells that could later cause the drug to stop working.[E5]  For lung cancer driven by an EGFR gene change, the paper suggests a mix of osimertinib, afatinib, and capmatinib.[E10]  The author estimates this mix could block about 75% of known ways the cancer learns to resist and might raise the time before the cancer grows again from 18 months to about 40 months.[E10][E11]  

For lung cancer driven by a MET gene change, the paper suggests short use of a second drug, cabozantinib, with capmatinib and afatinib to kill early resistant cells.[E14][E15][E17]  The author thinks this may help about half of these patients live longer without growth of the cancer.[E17]",13,"E1, E5, E10, E11, E14, E15, E17",,17,17,0.5819448968866279,66.0434277108434,10.233449799196787,74.08876267281107,8.31631797235023,0.7857142857142857,1.0,0.42857142857149505,0.5588227213407517,8.548686976883017,7.908726449838941,11.084497991967872,9.970322580645162
38561776,"Liquid biopsy techniques and lung cancer: diagnosis, monitoring and evaluation.",https://pubmed.ncbi.nlm.nih.gov/38561776/,"Lung cancer stands as the most prevalent form of cancer globally, posing a significant threat to human well-being. Due to the lack of effective and accurate early diagnostic methods, many patients are diagnosed with advanced lung cancer. Although surgical resection is still a potential means of eradicating lung cancer, patients with advanced lung cancer usually miss the best chance for surgical treatment, and even after surgical resection patients may still experience tumor recurrence. Additionally, chemotherapy, the mainstay of treatment for patients with advanced lung cancer, has the potential to be chemo-resistant, resulting in poor clinical outcomes. The emergence of liquid biopsies has garnered considerable attention owing to their noninvasive nature and the ability for continuous sampling. Technological advancements have propelled circulating tumor cells (CTCs), circulating tumor DNA (ctDNA), extracellular vesicles (EVs), tumor metabolites, tumor-educated platelets (TEPs), and tumor-associated antigens (TAA) to the forefront as key liquid biopsy biomarkers, demonstrating intriguing and encouraging results for early diagnosis and prognostic evaluation of lung cancer. This review provides an overview of molecular biomarkers and assays utilized in liquid biopsies for lung cancer, encompassing CTCs, ctDNA, non-coding RNA (ncRNA), EVs, tumor metabolites, TAAs and TEPs. Furthermore, we expound on the practical applications of liquid biopsies, including early diagnosis, treatment response monitoring, prognostic evaluation, and recurrence monitoring in the context of lung cancer.",Available,"This study looks at new blood tests to help find and track lung cancer. (Abstract, sentence 5)Lung cancer is the most common cancer in the world and can cause great harm to health. (Abstract, sentence 1)Many people learn they have lung cancer only when it is at a late stage, because we do not have good tests to find it early. (Abstract, sentence 2)At that point, surgery may not be possible, or the cancer may come back after surgery. (Abstract, sentence 3)Drug treatment called chemo can also stop working, so many people still do not do well. (Abstract, sentence 4)The team looked at many studies of “liquid biopsy,” which means we use blood or other body fluid instead of cutting into the body. (Abstract, sentence 5)They reviewed lab tests that look for cancer cells, bits of cancer genes, tiny fluid bags from tumors, blood parts changed by tumors, and other cancer signs in the blood. (Abstract, sentence 6)They summed up how these tests are used to help find lung cancer early, check if treatment works, guess how the disease may go, and watch for cancer coming back. (Abstract, sentence 7)(Abstract, sentence 8)These blood tests may one day help you and your care team find lung cancer sooner and track it more often with less pain. (Abstract, sentence 5)","This research looks at new blood and body fluid tests, called liquid biopsy, to help find and track lung cancer (Body, para. 1). We need better tests because many people learn they have lung cancer only when it is late and hard to treat (Introduction, para. 1). Liquid biopsy may help people who cannot safely have a tissue biopsy or surgery (Body, para. 4). In this work, teams studied many signs from tumors that float in blood, such as whole tumor cells, bits of tumor gene code, small gene messages, tiny fluid bubbles from cells, blood platelets changed by tumors, and small waste from tumor growth (Methods, para. 1). They used lab tools to catch and read these signs in blood, urine, spit, and chest fluid (Body, para. 2). They found that some of these signs can tell early lung cancer from non‑cancer with about 80–90% or more accuracy in some tests (Body, para. 6)(Body, para. 8). Other signs can show if treatment is working, if the tumor may come back, or if the cancer may spread (Body, para. 13)(Body, para. 21). These results suggest that, in the future, liquid biopsy could help doctors find lung cancer sooner and adjust treatment over time, but the tests still need to be made easier and more exact before wide use in clinics (Conclusion, para. 2).","This research looks at new blood and body fluid tests, called liquid biopsy, to help find and track lung cancer. We need better tests because many people learn they have lung cancer only when it is late and hard to treat. Liquid biopsy may help people who cannot safely have a tissue biopsy or surgery. In this work, teams studied many signs from tumors that float in blood, such as whole tumor cells, bits of tumor gene code, small gene messages, tiny fluid bubbles from cells, blood platelets changed by tumors, and small waste from tumor growth. They used lab tools to catch and read these signs in blood, urine, spit, and chest fluid. They found that some of these signs can tell early lung cancer from non‑cancer with about 80–90% or more accuracy in some tests. Other signs can show if treatment is working, if the tumor may come back, or if the cancer may spread. These results suggest that, in the future, liquid biopsy could help doctors find lung cancer sooner and adjust treatment over time, but the tests still need to be made easier and more exact before wide use in clinics.","This research looks at new blood and body fluid tests, called liquid biopsy, to help find and track lung cancer. We need better tests because many people learn they have lung cancer only when it is late and hard to treat. Liquid biopsy may help people who cannot safely have a tissue biopsy or surgery. In this work, teams studied many signs from tumors that float in blood, such as whole tumor cells, bits of tumor gene code, small gene messages, tiny fluid bubbles from cells, blood platelets changed by tumors, and small waste from tumor growth. They used lab tools to catch and read these signs in blood, urine, spit, and chest fluid. They found that some of these signs can tell early lung cancer from non‑cancer with about 80–90% or more accuracy in some tests. Other signs can show if treatment is working, if the tumor may come back, or if the cancer may spread. These results suggest that, in the future, liquid biopsy could help doctors find lung cancer sooner and adjust treatment over time, but the tests still need to be made easier and more exact before wide use in clinics.","This research looks at new blood and body fluid tests, called liquid biopsy, to help find and track lung cancer [E32].  

We need better tests because many people learn they have lung cancer only when it is late and hard to treat [E2]. Liquid biopsy may help people who cannot safely have a tissue biopsy or surgery [E35].  

In this work, teams studied many signs from tumors that float in blood, such as whole tumor cells, bits of tumor gene code, small gene messages, tiny fluid bubbles from cells, blood platelets changed by tumors, and small waste from tumor growth [E4]. They used lab tools to catch and read these signs in blood, urine, spit, and chest fluid [E33].  

They found that some of these signs can tell early lung cancer from non‑cancer with about 80–90% or more accuracy in some tests [E37][E39]. Other signs can show if treatment is working, if the tumor may come back, or if the cancer may spread [E44][E52].  

These results suggest that, in the future, liquid biopsy could help doctors find lung cancer sooner and adjust treatment over time, but the tests still need to be made easier and more exact before wide use in clinics [E70].",10,"E32, E2, E35, E4, E33, E37, E39, E44, E52, E70",,72,72,0.5037746807559526,71.39056880733946,8.717504587155965,67.99283653846155,9.831121794871795,1.0,1.0,0.5390066500415873,0.5652,6.742157984588678,8.841846274778883,9.270458715596332,11.391025641025642
39337530,Emerging Targets in Non-Small Cell Lung Cancer.,https://pubmed.ncbi.nlm.nih.gov/39337530/,"Lung cancer is responsible for a high burden of disease globally. Over the last two decades, the discovery of targetable oncogenic genomic alterations has revolutionized the treatment landscape for early-stage and advanced non-small cell lung cancer (NSCLC). New molecular drivers continue to emerge as promising therapeutic targets, including KRAS non-G12C, RAF/MEK, HER3, Nectin-4, folate receptor alpha, ITGB6, and PRMT5. In this review, we summarize the emerging molecular targets with a potential clinical impact in advanced NSCLC, elaborating on their clinical characteristics and specific mechanisms and molecular pathways for which targeted treatments are currently available. Additionally, we present an aggregate of ongoing clinical trials investigating the available treatment options targeting such alterations, in addition to their current recruitment status and preliminary efficacy data. These advancements may guide further research endeavors and inform future treatment strategies to improve the management of and transform outcomes for patients with advanced NSCLC.",Available,"This research paper looks at new ways to treat a type of lung cancer called non small cell lung cancer, or NSCLC (Abstract, sentence 1). Lung cancer causes a lot of sickness and death around the world, so we need better and more exact care for people with this disease (Abstract, sentence 1). Over the last 20 years, we have found many gene changes in lung cancer cells that we can target with new drugs (Abstract, sentence 2). These “targeted” drugs aim at the cancer cells and can help in both early and late stages of NSCLC (Abstract, sentence 2). In this study, the team reviews new gene and protein targets, such as KRAS, RAF, HER3, Nectin-4, and others, that may be used for future drugs (Abstract, sentence 3). The writers looked at many past studies and lab tests to explain how these targets work in the body and how drugs might block them (Abstract, sentence 4). They also list current drug trials, how many people they are trying to enroll, and early signs of how well the drugs work (Abstract, sentence 5). These findings may help doctors plan new studies and build better treatment plans for people with advanced NSCLC in the future (Abstract, sentence 6). Over time, this may lead to more choices and better outcomes for patients with this lung cancer (Abstract, sentence 6).","This research looks at new drug targets for a common type of lung cancer called non‑small cell lung cancer, or NSCLC (Abstract, para. 1). We need this work because lung cancer is still the top cause of cancer death, and many people do not get enough help from standard chemo drugs (Introduction, para. 1). It may help people whose tumors have certain gene changes that can be hit with new drugs (Abstract, para. 1). The team read and summed up many lab and human studies that test drugs aimed at these gene changes in lung tumors (Abstract, para. 1). They looked at targets such as KRAS, RAF/MEK, HER3, Nectin‑4, folate receptor alpha, ITGB6, and PRMT5 (Abstract, para. 1). Some drugs already help people live longer or keep cancer from growing for months, like dabrafenib plus trametinib for tumors with a BRAF V600E change, which showed about 10 months before the cancer grew again (Body, para. 14). Other drugs, such as those that target Nectin‑4 or PRMT5, are still in early trials but show tumor shrinkage in some patients (Body, para. 27)(Body, para. 38). These findings matter because they point to more “personal” lung cancer care, where you match the drug to the gene change in your tumor (Conclusion, para. 1). If trials keep going well, more people with advanced NSCLC may have extra treatment options in the future (Conclusion, para. 1).","This research looks at new drug targets for a common type of lung cancer called non‑small cell lung cancer, or NSCLC. We need this work because lung cancer is still the top cause of cancer death, and many people do not get enough help from standard chemo drugs. It may help people whose tumors have certain gene changes that can be hit with new drugs. The team read and summed up many lab and human studies that test drugs aimed at these gene changes in lung tumors. They looked at targets such as KRAS, RAF/MEK, HER3, Nectin‑4, folate receptor alpha, ITGB6, and PRMT5. Some drugs already help people live longer or keep cancer from growing for months, like dabrafenib plus trametinib for tumors with a BRAF V600E change, which showed about 10 months before the cancer grew again. Other drugs, such as those that target Nectin‑4 or PRMT5, are still in early trials but show tumor shrinkage in some patients. These findings matter because they point to more “personal” lung cancer care, where you match the drug to the gene change in your tumor. If trials keep going well, more people with advanced NSCLC may have extra treatment options in the future.","This research looks at new drug targets for a common type of lung cancer called non‑small cell lung cancer, or NSCLC. We need this work because lung cancer is still the top cause of cancer death, and many people do not get enough help from standard chemo drugs. It may help people whose tumors have certain gene changes that can be hit with new drugs. The team read and summed up many lab and human studies that test drugs aimed at these gene changes in lung tumors. They looked at targets such as KRAS, RAF/MEK, HER3, Nectin‑4, folate receptor alpha, ITGB6, and PRMT5. Some drugs already help people live longer or keep cancer from growing for months, like dabrafenib plus trametinib for tumors with a BRAF V600E change, which showed about 10 months before the cancer grew again. Other drugs, such as those that target Nectin‑4 or PRMT5, are still in early trials but show tumor shrinkage in some patients. These findings matter because they point to more “personal” lung cancer care, where you match the drug to the gene change in your tumor. If trials keep going well, more people with advanced NSCLC may have extra treatment options in the future.","This research looks at new drug targets for a common type of lung cancer called non‑small cell lung cancer, or NSCLC [E1].  

We need this work because lung cancer is still the top cause of cancer death, and many people do not get enough help from standard chemo drugs [E2]. It may help people whose tumors have certain gene changes that can be hit with new drugs [E1].  

The team read and summed up many lab and human studies that test drugs aimed at these gene changes in lung tumors [E1]. They looked at targets such as KRAS, RAF/MEK, HER3, Nectin‑4, folate receptor alpha, ITGB6, and PRMT5 [E1].  

Some drugs already help people live longer or keep cancer from growing for months, like dabrafenib plus trametinib for tumors with a BRAF V600E change, which showed about 10 months before the cancer grew again [E16]. Other drugs, such as those that target Nectin‑4 or PRMT5, are still in early trials but show tumor shrinkage in some patients [E29][E40].  

These findings matter because they point to more “personal” lung cancer care, where you match the drug to the gene change in your tumor [E41]. If trials keep going well, more people with advanced NSCLC may have extra treatment options in the future [E41].",10,"E1, E2, E16, E29, E40, E41",,41,41,0.5242552751615484,68.6829025942242,9.945345080763584,70.97468096809683,8.935610561056109,0.7777777777777778,1.0,0.41666666666671287,0.4808166666666667,5.033348758259628,7.793537801064561,10.265100342633382,9.967876787678769
39408656,MicroRNAs in Lung Cancer Brain Metastasis.,https://pubmed.ncbi.nlm.nih.gov/39408656/,"Brain metastasis is a significant clinical challenge for patients with advanced lung cancer, occurring in about 20-40% of cases. Brain metastasis causes severe neurological symptoms, leading to a poor prognosis and contributing significantly to lung cancer-related mortality. However, the underlying molecular mechanism behind brain metastasis remains largely unknown. MicroRNAs (miRNAs) are small, non-coding RNAs linked to several aspects of cancer progression, including metastasis. In the context of lung cancer, significant research has shown the involvement of miRNAs in regulating critical pathways related to metastatic spread to the brain. This review summarizes the scientific evidence regarding the regulatory roles of intra- and extracellular miRNAs, which specifically drive the spread of lung cancer cells to the brain. It also revises the known molecular mechanisms of brain metastasis, focusing on those from lung cancer as the primary tumor to better understand the complex mechanisms underlying this regulation. Understanding these complex regulatory mechanisms holds promise for developing novel diagnostic biomarkers and potential therapeutic strategies in brain metastasis.",Available,"This research looks at why lung cancer can spread to the brain and how tiny gene control parts, called microRNAs, may play a role (Abstract, sentence 4). Brain spread happens in about 20 to 40 out of 100 people with advanced lung cancer and is very hard to treat (Abstract, sentence 1). It can cause bad brain and nerve signs, shorten life, and is a major cause of death in lung cancer (Abstract, sentence 2). We need this study so we can better spot and treat brain spread in people with lung cancer (Abstract, sentence 3). It may help people who have lung cancer now or are at high risk for brain spread (Abstract, sentence 1). The team did not test new drugs but read and summed up many past lab and clinic studies (Abstract, sentence 6). They looked at how microRNAs inside and outside cells can push lung cancer cells to move and grow in the brain (Abstract, sentence 5). They also pulled together what is known about how brain spread starts and grows at the gene and cell level (Abstract, sentence 7). They found that certain microRNAs can drive or block brain spread in lung cancer (Abstract, sentence 6). This new map of how brain spread works may guide new lab tests to find risk early and new drug ideas to slow or stop spread to the brain (Abstract, sentence 8).","This research looks at why lung cancer often spreads to the brain and how tiny gene control switches, called microRNAs, may play a key role (Abstract, para. 1). We need this work because brain spread happens in about 20–40 out of 100 people with lung cancer and leads to worse health and shorter life (Introduction, para. 1). The writers of this paper did not test new drugs in people (Body, para. 34). Instead, they read and summed up many lab and animal studies on how lung cancer cells cross into the brain and how microRNAs help or block this step (Introduction, para. 3). They found that some microRNAs are higher or lower in people whose lung cancer has spread to the brain, and these changes can help cancer cells move, grow, and pass the brain’s blood barrier (Body, para. 16). Some, like miR-21 and miR-330-3p, may help the spread, while others, like miR-95-3p and miR-145-5p, may slow it down (Body, para. 20)(Conclusion, para. 2). A few microRNAs in blood may also help doctors tell who is at higher risk for brain spread (Body, para. 17). These findings matter because they point to new lab tests and future drug targets, but this work is still early and needs more study in larger groups of patients (Conclusion, para. 3)(Conclusion, para. 5).","This research looks at why lung cancer often spreads to the brain and how tiny gene control switches, called microRNAs, may play a key role. We need this work because brain spread happens in about 20–40 out of 100 people with lung cancer and leads to worse health and shorter life. The writers of this paper did not test new drugs in people. Instead, they read and summed up many lab and animal studies on how lung cancer cells cross into the brain and how microRNAs help or block this step. They found that some microRNAs are higher or lower in people whose lung cancer has spread to the brain, and these changes can help cancer cells move, grow, and pass the brain’s blood barrier. Some, like miR-21 and miR-330-3p, may help the spread, while others, like miR-95-3p and miR-145-5p, may slow it down. A few microRNAs in blood may also help doctors tell who is at higher risk for brain spread. These findings matter because they point to new lab tests and future drug targets, but this work is still early and needs more study in larger groups of patients.","This research looks at why lung cancer often spreads to the brain and how tiny gene control switches, called microRNAs, may play a key role. We need this work because brain spread happens in about 20–40 out of 100 people with lung cancer and leads to worse health and shorter life. The writers of this paper did not test new drugs in people. Instead, they read and summed up many lab and animal studies on how lung cancer cells cross into the brain and how microRNAs help or block this step. They found that some microRNAs are higher or lower in people whose lung cancer has spread to the brain, and these changes can help cancer cells move, grow, and pass the brain’s blood barrier. Some, like miR-21 and miR-330-3p, may help the spread, while others, like miR-95-3p and miR-145-5p, may slow it down. A few microRNAs in blood may also help doctors tell who is at higher risk for brain spread. These findings matter because they point to new lab tests and future drug targets, but this work is still early and needs more study in larger groups of patients.","This research looks at why lung cancer often spreads to the brain and how tiny gene control switches, called microRNAs, may play a key role [E1].  

We need this work because brain spread happens in about 20–40 out of 100 people with lung cancer and leads to worse health and shorter life [E2].  

The writers of this paper did not test new drugs in people [E38]. Instead, they read and summed up many lab and animal studies on how lung cancer cells cross into the brain and how microRNAs help or block this step [E4].  

They found that some microRNAs are higher or lower in people whose lung cancer has spread to the brain, and these changes can help cancer cells move, grow, and pass the brain’s blood barrier [E20]. Some, like miR-21 and miR-330-3p, may help the spread, while others, like miR-95-3p and miR-145-5p, may slow it down [E24][E40]. A few microRNAs in blood may also help doctors tell who is at higher risk for brain spread [E21].  

These findings matter because they point to new lab tests and future drug targets, but this work is still early and needs more study in larger groups of patients [E41][E43].",10,"E1, E2, E38, E4, E20, E24, E40, E21, E41, E43",,43,43,0.6153661435401229,76.43700214592278,8.386270386266094,75.41234620418851,8.672035340314135,1.0,1.0,0.40000000000004193,0.76365,7.168621630094336,8.07648339933343,10.006695278969957,10.597120418848169
39497438,Lung cancer and obesity: A contentious relationship (Review).,https://pubmed.ncbi.nlm.nih.gov/39497438/,"The global obesity epidemic, attributed to sedentary lifestyles, unhealthy diets, genetics and environmental factors, has led to over 1.9 billion adults being classified as overweight and 650 million living with obesity. Despite advancements in early detection and treatment, lung cancer prognosis remains poor due to late diagnoses and limited therapies. The obesity paradox challenges conventional thinking by suggesting that individuals with obesity and certain diseases, including cancer, may have an improved prognosis compared with their counterparts of a normal weight. This observation has prompted investigations to understand protective mechanisms, including potentially favorable adipokine secretion and metabolic reserves that contribute to tolerating cancer treatments. However, understanding the association between obesity and lung cancer is complex. While smoking is the primary risk factor of lung cancer, obesity may independently impact lung cancer risk, particularly in non‑smokers. Adipose tissue dysfunction, including low‑grade chronic inflammation, and hormonal changes contribute to lung cancer development and progression. Obesity‑related factors may also influence treatment responses and survival outcomes in patients with lung cancer. The impact of obesity on treatment modalities such as chemotherapy, radiotherapy and surgery is still under investigation. Challenges in managing patients with obesity and cancer include increased surgical complexity, higher rates of postoperative complications and limited treatment options due to comorbidities. Targeted interventions aimed at reducing obesity prevalence and promoting healthy lifestyles are crucial for lung cancer prevention. The impact of obesity on lung cancer is multifaceted and requires further research to elucidate the underlying mechanisms and develop personalized interventions for prevention and treatment.",Available,"This research looks at how extra body weight and lung cancer are linked (Abstract, sentence 5). Lung cancer is still very hard to treat, and many people find out they have it late (Abstract, sentence 2). At the same time, many adults in the world now live with overweight or obesity (Abstract, sentence 1). We need this study because some people with obesity seem to live longer with some cancers than people with normal weight, which is called the “obesity paradox” (Abstract, sentence 3). You may want to know if your weight can change your chance of lung cancer or how well treatment may work (Abstract, sentence 6). The researchers read and summed up past studies on body weight, lung cancer risk, body fat changes, and cancer care (Abstract, sentence 5). They also looked at how body fat hormones and long‑term mild swelling in the body may play a role (Abstract, sentence 7). They found that smoking is still the main cause of lung cancer, but obesity may also raise risk, mainly in people who do not smoke (Abstract, sentence 6). Changes in body fat may affect how lung cancer starts, grows, and responds to treatment, and may change surgery risk and side effects (Abstract, sentence 7). Obesity can make surgery harder and raise the chance of problems after surgery (Abstract, sentence 10). These findings suggest that healthy weight and life habits may help lower lung cancer risk (Abstract, sentence 11). More research may lead to care plans that fit a person’s weight and body needs (Abstract, sentence 12).","This research looks at how extra body weight and lung cancer are linked, and why the story is not simple (Introduction, para. 5). We need this study because many adults now live with obesity, and lung cancer is still the top cause of cancer death (Introduction, para. 1). You may know that obesity can raise the chance of many diseases, but some reports say people with obesity who already have lung cancer may sometimes live longer; this is called the “obesity paradox” (Introduction, para. 3). The authors did not test new drugs in people. They read and summed up many past studies on body weight, body fat type, and lung cancer risk, treatment, and survival (Introduction, para. 5). They found that obesity can both raise and lower risk in different groups, and that where fat sits in the body, muscle loss, smoking, sex, and race all change the picture (Body, para. 3). In some lung cancer groups, people who were overweight or had mild obesity lived longer than those with low or “normal” weight, but very low weight and very high weight often meant worse survival (Body, para. 26). These findings matter because they show that weight alone does not tell your full cancer story, and doctors may need to look at fat type, muscle, and health problems together when planning care (Body, para. 79). Future work may help tailor lung cancer treatment to a person’s body make‑up and weight history (Conclusion, para. 7).","This research looks at how extra body weight and lung cancer are linked, and why the story is not simple. We need this study because many adults now live with obesity, and lung cancer is still the top cause of cancer death. You may know that obesity can raise the chance of many diseases, but some reports say people with obesity who already have lung cancer may sometimes live longer; this is called the “obesity paradox”. The authors did not test new drugs in people. They read and summed up many past studies on body weight, body fat type, and lung cancer risk, treatment, and survival. They found that obesity can both raise and lower risk in different groups, and that where fat sits in the body, muscle loss, smoking, sex, and race all change the picture. In some lung cancer groups, people who were overweight or had mild obesity lived longer than those with low or “normal” weight, but very low weight and very high weight often meant worse survival. These findings matter because they show that weight alone does not tell your full cancer story, and doctors may need to look at fat type, muscle, and health problems together when planning care. Future work may help tailor lung cancer treatment to a person’s body make‑up and weight history.","This research looks at how extra body weight and lung cancer are linked, and why the story is not simple. We need this study because many adults now live with obesity, and lung cancer is still the top cause of cancer death. You may know that obesity can raise the chance of many diseases, but some reports say people with obesity who already have lung cancer may sometimes live longer; this is called the “obesity paradox”. The authors did not test new drugs in people. They read and summed up many past studies on body weight, body fat type, and lung cancer risk, treatment, and survival. They found that obesity can both raise and lower risk in different groups, and that where fat sits in the body, muscle loss, smoking, sex, and race all change the picture. In some lung cancer groups, people who were overweight or had mild obesity lived longer than those with low or “normal” weight, but very low weight and very high weight often meant worse survival. These findings matter because they show that weight alone does not tell your full cancer story, and doctors may need to look at fat type, muscle, and health problems together when planning care. Future work may help tailor lung cancer treatment to a person’s body make‑up and weight history.","This research looks at how extra body weight and lung cancer are linked, and why the story is not simple [E6].  

We need this study because many adults now live with obesity, and lung cancer is still the top cause of cancer death [E2]. You may know that obesity can raise the chance of many diseases, but some reports say people with obesity who already have lung cancer may sometimes live longer; this is called the “obesity paradox” [E4].  

The authors did not test new drugs in people. They read and summed up many past studies on body weight, body fat type, and lung cancer risk, treatment, and survival [E6].  

They found that obesity can both raise and lower risk in different groups, and that where fat sits in the body, muscle loss, smoking, sex, and race all change the picture [E9]. In some lung cancer groups, people who were overweight or had mild obesity lived longer than those with low or “normal” weight, but very low weight and very high weight often meant worse survival [E35].  

These findings matter because they show that weight alone does not tell your full cancer story, and doctors may need to look at fat type, muscle, and health problems together when planning care [E88]. Future work may help tailor lung cancer treatment to a person’s body make‑up and weight history [E99].",8,"E6, E2, E4, E9, E35, E88, E99",,101,101,0.6126886540689445,65.70397844272846,9.45684362934363,62.430252525252556,10.624242424242421,0.875,1.0,0.35073645449765384,0.5791666666666667,8.59863814320734,10.504223727775692,10.332175032175032,11.777777777777779
40001110,Traditional Chinese medicine in lung cancer treatment.,https://pubmed.ncbi.nlm.nih.gov/40001110/,"Lung cancer remains a major global health challenge and one of the leading causes of cancer-related deaths worldwide. Despite significant advancements in treatment, challenges such as drug resistance, side effects, metastasis and recurrence continue to impact patient outcomes and quality of life. In response, there is growing interest in complementary and integrative approaches to cancer care. Traditional Chinese medicine (TCM), with its long history, abundant clinical experience, holistic perspective and individualized approach, has garnered increasing attention for its role in lung cancer prevention and management. This review provides a comprehensive overview of the advances in TCM for lung cancer treatment, covering its theoretical foundation, treatment principles, clinical experiences and evidence supporting its efficacy. We also provide a systematic summary of the preclinical mechanisms, through which TCM impacts lung cancer, including the induction of cell death, reversal of drug resistance, inhibition of metastasis and modulation of immune responses. Additionally, future prospects for TCM in lung cancer treatment are discussed, offering insights into its expanded application and integration with modern medicine to address this challenging disease.",Available,"This research looks at lung cancer and how care from old Chinese healing methods may help treat it (Abstract, sentence 1). Lung cancer is still one of the top causes of death from cancer in the world (Abstract, sentence 1). Even with new drugs, many people still face drug side effects, drug stop‑working, spread of cancer, and cancer coming back (Abstract, sentence 2). So we need more ways to help, and many people now look at care that can work with standard cancer care (Abstract, sentence 3). In this study, the writers review how traditional Chinese medicine, or TCM, may help people with lung cancer (Abstract, sentence 4). They look at old ideas, how doctors use TCM in the clinic, and what proof we have so far that it can work (Abstract, sentence 5). They also sum up lab work that shows how TCM may kill cancer cells, help drugs work again, slow spread, and help the body’s own defense system (Abstract, sentence 6). The writers talk about how TCM might be used more with modern care in the future to better treat lung cancer (Abstract, sentence 7). This may one day give you and your care team more safe choices to use along with standard lung cancer care (Abstract, sentence 7).","This research looks at how traditional Chinese medicine, or TCM, may help treat lung cancer when used with standard care like chemo, pills that target gene changes and surgery (Abstract, para. 1). We need this work because lung cancer is a top cause of cancer death, and many people still face drug side effects, spread of cancer and cancer coming back (Abstract, para. 1)(Introduction, para. 1). It may help people with both early and advanced lung cancer, and those who have had surgery or strong drugs (Body, para. 5). The team did a large review of many human and lab studies on TCM for lung cancer (Abstract, para. 1)(Introduction, para. 3). They looked at TCM pills, teas and shots used alone or with chemo, targeted drugs and immune drugs (Body, para. 5)(Body, para. 14). They found that adding TCM to chemo or targeted drugs often raised tumor response rates and helped people live longer without the cancer growing (Body, para. 9)(Body, para. 10). TCM also cut common side effects like low blood counts, gut upset and skin rash and helped people feel and function better in daily life (Body, para. 7)(Body, para. 11)(Body, para. 12)(Body, para. 13). Some TCM plans after surgery linked to longer time before the cancer came back (Methods, para. 1)(Methods, para. 2). These results suggest TCM may become a useful add-on to standard lung cancer care, but better, larger trials are still needed before it becomes routine for all patients (Body, para. 15)(Discussion, para. 1).","This research looks at how traditional Chinese medicine, or TCM, may help treat lung cancer when used with standard care like chemo, pills that target gene changes and surgery. We need this work because lung cancer is a top cause of cancer death, and many people still face drug side effects, spread of cancer and cancer coming back. It may help people with both early and advanced lung cancer, and those who have had surgery or strong drugs. The team did a large review of many human and lab studies on TCM for lung cancer. They looked at TCM pills, teas and shots used alone or with chemo, targeted drugs and immune drugs. They found that adding TCM to chemo or targeted drugs often raised tumor response rates and helped people live longer without the cancer growing. TCM also cut common side effects like low blood counts, gut upset and skin rash and helped people feel and function better in daily life. Some TCM plans after surgery linked to longer time before the cancer came back. These results suggest TCM may become a useful add-on to standard lung cancer care, but better, larger trials are still needed before it becomes routine for all patients.","This research looks at how traditional Chinese medicine, or TCM, may help treat lung cancer when used with standard care like chemo, pills that target gene changes and surgery. We need this work because lung cancer is a top cause of cancer death, and many people still face drug side effects, spread of cancer and cancer coming back. It may help people with both early and advanced lung cancer, and those who have had surgery or strong drugs. The team did a large review of many human and lab studies on TCM for lung cancer. They looked at TCM pills, teas and shots used alone or with chemo, targeted drugs and immune drugs. They found that adding TCM to chemo or targeted drugs often raised tumor response rates and helped people live longer without the cancer growing. TCM also cut common side effects like low blood counts, gut upset and skin rash and helped people feel and function better in daily life. Some TCM plans after surgery linked to longer time before the cancer came back. These results suggest TCM may become a useful add-on to standard lung cancer care, but better, larger trials are still needed before it becomes routine for all patients.","This research looks at how traditional Chinese medicine, or TCM, may help treat lung cancer when used with standard care like chemo, pills that target gene changes and surgery [E1].  

We need this work because lung cancer is a top cause of cancer death, and many people still face drug side effects, spread of cancer and cancer coming back [E1][E2]. It may help people with both early and advanced lung cancer, and those who have had surgery or strong drugs [E9].  

The team did a large review of many human and lab studies on TCM for lung cancer [E1][E4]. They looked at TCM pills, teas and shots used alone or with chemo, targeted drugs and immune drugs [E9][E20].  

They found that adding TCM to chemo or targeted drugs often raised tumor response rates and helped people live longer without the cancer growing [E13][E14]. TCM also cut common side effects like low blood counts, gut upset and skin rash and helped people feel and function better in daily life [E11][E15][E16][E17]. Some TCM plans after surgery linked to longer time before the cancer came back [E18][E19].  

These results suggest TCM may become a useful add-on to standard lung cancer care, but better, larger trials are still needed before it becomes routine for all patients [E21][E77].",18,"E1, E2, E9, E4, E20, E13, E14, E11, E15, E16, E17, E18, E19, E21, E77",,81,81,0.5009510968734322,70.79120545073376,9.237232704402519,66.05186274509806,9.677450980392162,0.6,1.0,0.4391911764706249,0.5640333333333334,6.937597516519254,8.167268648758528,9.98825995807128,10.243137254901962
40076671,"Lung Cancer-Epidemiology, Pathogenesis, Treatment and Molecular Aspect (Review of Literature).",https://pubmed.ncbi.nlm.nih.gov/40076671/,"Lung cancer is one of the most common malignant cancers in most countries and is the leading cause of death among cancer diseases worldwide. Despite constant progress in diagnosis and therapy, survival rates of patients diagnosed with lung cancer remain unsatisfactory. Numerous epidemiological and experimental studies conducted as early as the 1970s confirm that the most important risk factor for the development of lung cancer is long-term smoking, which remains valid to this day. In the paper, the authors present the latest data on the epidemiology, pathogenesis, treatment and molecular aspects of this cancer. In the last decade, many molecular alterations that are effective in the development of lung cancer have been discovered. In adenocarcinoma, tyrosine kinase inhibitors were developed for EGFR mutations and ALK and ROS1 translocations and were approved for use in the treatment of advanced stage adenocarcinomas. In the case of squamous cell carcinoma, the evaluation of these mutations is not yet being used in clinical practice. In addition, there are ongoing studies concerning many potential therapeutic molecular targets, such as ROS, MET, FGFR, DDR-2 and RET. Constant progress in diagnostic and therapeutic methods gives rise to hopes for an improved prognosis in patients with lung cancer.",Available,"This research paper looks at lung cancer, which is one of the most common and deadly cancers in the world (Abstract, sentence 1). We need this kind of study because, even with better tests and treatments, many people with lung cancer still do not live very long (Abstract, sentence 2). It may help people who smoke now, people who smoked in the past, and those who have lung cancer or worry about it (Abstract, sentence 3). The writers of the paper read and summed up many past studies on how often lung cancer happens, how it starts, how we treat it, and what changes in the body help it grow (Abstract, sentence 4). They note that long-term smoking is still the main cause of lung cancer (Abstract, sentence 3). They report that, in the last ten years, many key gene changes that drive lung cancer have been found (Abstract, sentence 5). For one type of lung cancer, called adenocarcinoma, new drugs that block these gene changes are now used for people with advanced disease (Abstract, sentence 6). For another type, called squamous cell cancer, these gene tests are not yet used in care (Abstract, sentence 7). Studies are still testing more targets for new drugs (Abstract, sentence 8). Step by step, better tests and new drugs may help people with lung cancer live longer (Abstract, sentence 9).","This research article looks at lung cancer, which is now the most common cancer in the world and the top cause of cancer death (Body, para. 4). The study is needed because many people still die from lung cancer, even though we have better tests and treatments than in the past (Abstract, para. 1). It may help people who smoke now, people who used to smoke, and people who breathe in smoke or dirty air (Body, para. 47). The writers review large health studies and lab work on how lung cancer starts, how to find it, and how to treat it (Abstract, para. 1). They explain that smoking causes 80–90% of lung cancer cases, while non‑smokers have a much lower life‑time risk of about 1.5% (Body, para. 47). They also note that in 2022 there were 2.5 million new lung cancer cases, about one in eight of all cancers worldwide (Body, para. 4). They report that new lab tests can find gene changes in the tumor and help doctors pick drugs that target those changes (Body, para. 14). They also stress that not smoking, avoiding smoke and other harmful dusts, and eating well and staying active can lower risk (Body, para. 48)(Conclusion, para. 3). The findings support more work on stopping smoking, early scan tests for high‑risk people, and wider use of gene tests to guide treatment (Body, para. 54).","This research article looks at lung cancer, which is now the most common cancer in the world and the top cause of cancer death. The study is needed because many people still die from lung cancer, even though we have better tests and treatments than in the past. It may help people who smoke now, people who used to smoke, and people who breathe in smoke or dirty air. The writers review large health studies and lab work on how lung cancer starts, how to find it, and how to treat it. They explain that smoking causes 80–90% of lung cancer cases, while non‑smokers have a much lower life‑time risk of about 1.5%. They also note that in 2022 there were 2.5 million new lung cancer cases, about one in eight of all cancers worldwide. They report that new lab tests can find gene changes in the tumor and help doctors pick drugs that target those changes. They also stress that not smoking, avoiding smoke and other harmful dusts, and eating well and staying active can lower risk. The findings support more work on stopping smoking, early scan tests for high‑risk people, and wider use of gene tests to guide treatment.","This research article looks at lung cancer, which is now the most common cancer in the world and the top cause of cancer death. The study is needed because many people still die from lung cancer, even though we have better tests and treatments than in the past. It may help people who smoke now, people who used to smoke, and people who breathe in smoke or dirty air. The writers review large health studies and lab work on how lung cancer starts, how to find it, and how to treat it. They explain that smoking causes 80–90% of lung cancer cases, while non‑smokers have a much lower life‑time risk of about 1.5%. They also note that in 2022 there were 2.5 million new lung cancer cases, about one in eight of all cancers worldwide. They report that new lab tests can find gene changes in the tumor and help doctors pick drugs that target those changes. They also stress that not smoking, avoiding smoke and other harmful dusts, and eating well and staying active can lower risk. The findings support more work on stopping smoking, early scan tests for high‑risk people, and wider use of gene tests to guide treatment.","This research article looks at lung cancer, which is now the most common cancer in the world and the top cause of cancer death [E6]. The study is needed because many people still die from lung cancer, even though we have better tests and treatments than in the past [E1]. It may help people who smoke now, people who used to smoke, and people who breathe in smoke or dirty air [E49].  

The writers review large health studies and lab work on how lung cancer starts, how to find it, and how to treat it [E1]. They explain that smoking causes 80–90% of lung cancer cases, while non‑smokers have a much lower life‑time risk of about 1.5% [E49]. They also note that in 2022 there were 2.5 million new lung cancer cases, about one in eight of all cancers worldwide [E6].  

They report that new lab tests can find gene changes in the tumor and help doctors pick drugs that target those changes [E16]. They also stress that not smoking, avoiding smoke and other harmful dusts, and eating well and staying active can lower risk [E50][E67].  

The findings support more work on stopping smoking, early scan tests for high‑risk people, and wider use of gene tests to guide treatment [E64].",10,"E6, E1, E49, E16, E50, E67, E64",,69,69,0.5362657663027167,70.49758370044054,9.065643171806169,74.05439552238808,7.923626865671643,0.55,1.0,0.25532319391638747,0.7626333333333334,5.683917801722854,6.2581,9.256211453744493,8.637014925373135
40136350,Lung Cancer: Targeted Therapy in 2025.,https://pubmed.ncbi.nlm.nih.gov/40136350/,"Lung cancer treatment has changed in the last twenty years since the discovery of EGFR mutations. In this article, we will review the current state of the art for non-small cell lung cancer (NSCLC) actionable genomic alterations (AGA). AGAs are mostly found in lung adenocarcinomas, a subtype of non-small cell lung cancers. We will focus on the current treatment for EGFR mutations, ALK fusions, ROS1 fusions, BRAF V600E mutations, MET exon 14-skipping mutations, RET fusions, KRAS G12C mutations, ERBB2 mutations (also called HER2 mutations), and NTRK fusions. We will also touch on the key toxicities associated with these medications. Treatments are mostly available for the metastatic stage, but we will also discuss adjuvant therapy for EGFR mutations and ALK fusions, as well as stage III post-chemoradiotherapy treatment for EGFR lung cancer.",Available,"This research paper looks at a type of lung cancer called non‑small cell lung cancer and the gene changes that can guide treatment (Abstract, sentence 2). These gene changes are most often found in a kind of lung cancer called lung adenocarcinoma (Abstract, sentence 3). The study is needed because lung cancer care has changed a lot in the last 20 years, after experts found changes in a gene called EGFR that can be treated with pills (Abstract, sentence 1). It may help people whose lung cancer has one of several known gene changes that doctors can test for (Abstract, sentence 4). The writers of this paper read and summed up many past studies on these gene changes and the drugs that target them (Abstract, sentence 2). They looked at drugs for EGFR, ALK, ROS1, BRAF, MET, RET, KRAS, ERBB2 (HER2), and NTRK gene changes (Abstract, sentence 4). They found that most of these drugs are used when the cancer has spread, and some are now used after surgery or after chemo and radiation in certain stages (Abstract, sentence 6). They also note the main side effects of these drugs (Abstract, sentence 5). These findings may help you and your care team pick tests and drugs that best match your lung cancer type (Abstract, sentence 2).","This research looks at new drug treatments for a common type of lung cancer called non‑small cell lung cancer that has certain gene changes in the tumor (Abstract, para. 1). We need this study because these gene changes can guide which drug may work best for you, and newer drugs have already helped people live longer and feel better than with older chemo drugs (Introduction, para. 1). These results may help people with advanced lung cancer and also some people treated after surgery or radiation (Abstract, para. 1). The team reviewed many past studies that tested tumors for gene changes and then treated people with “targeted” drugs that match those changes (Body, para. 1). They looked at changes in several genes, such as EGFR, ALK, ROS1, BRAF, MET, RET, KRAS, ERBB2, and NTRK (Abstract, para. 1). They found that, for many of these gene changes, targeted drugs often shrink tumors more and delay cancer growth longer than standard chemo, sometimes for one to three years or more in advanced disease (Body, para. 4). Some drugs also work well in the brain and often cause fewer severe side effects than chemo (Body, para. 6). These findings matter because they show that testing the tumor for gene changes should be routine so you can get the drug that best fits your cancer (Conclusion, para. 1). In the future, more people with earlier‑stage lung cancer may also get these drugs after surgery or radiation to lower the chance of the cancer coming back (Body, para. 17).","This research looks at new drug treatments for a common type of lung cancer called non‑small cell lung cancer that has certain gene changes in the tumor. We need this study because these gene changes can guide which drug may work best for you, and newer drugs have already helped people live longer and feel better than with older chemo drugs. These results may help people with advanced lung cancer and also some people treated after surgery or radiation. The team reviewed many past studies that tested tumors for gene changes and then treated people with “targeted” drugs that match those changes. They looked at changes in several genes, such as EGFR, ALK, ROS1, BRAF, MET, RET, KRAS, ERBB2, and NTRK. They found that, for many of these gene changes, targeted drugs often shrink tumors more and delay cancer growth longer than standard chemo, sometimes for one to three years or more in advanced disease. Some drugs also work well in the brain and often cause fewer severe side effects than chemo. These findings matter because they show that testing the tumor for gene changes should be routine so you can get the drug that best fits your cancer. In the future, more people with earlier‑stage lung cancer may also get these drugs after surgery or radiation to lower the chance of the cancer coming back.","This research looks at new drug treatments for a common type of lung cancer called non‑small cell lung cancer that has certain gene changes in the tumor. We need this study because these gene changes can guide which drug may work best for you, and newer drugs have already helped people live longer and feel better than with older chemo drugs. These results may help people with advanced lung cancer and also some people treated after surgery or radiation. The team reviewed many past studies that tested tumors for gene changes and then treated people with “targeted” drugs that match those changes. They looked at changes in several genes, such as EGFR, ALK, ROS1, BRAF, MET, RET, KRAS, ERBB2, and NTRK. They found that, for many of these gene changes, targeted drugs often shrink tumors more and delay cancer growth longer than standard chemo, sometimes for one to three years or more in advanced disease. Some drugs also work well in the brain and often cause fewer severe side effects than chemo. These findings matter because they show that testing the tumor for gene changes should be routine so you can get the drug that best fits your cancer. In the future, more people with earlier‑stage lung cancer may also get these drugs after surgery or radiation to lower the chance of the cancer coming back.","This research looks at new drug treatments for a common type of lung cancer called non‑small cell lung cancer that has certain gene changes in the tumor [E1].  

We need this study because these gene changes can guide which drug may work best for you, and newer drugs have already helped people live longer and feel better than with older chemo drugs [E2]. These results may help people with advanced lung cancer and also some people treated after surgery or radiation [E1].  

The team reviewed many past studies that tested tumors for gene changes and then treated people with “targeted” drugs that match those changes [E3]. They looked at changes in several genes, such as EGFR, ALK, ROS1, BRAF, MET, RET, KRAS, ERBB2, and NTRK [E1].  

They found that, for many of these gene changes, targeted drugs often shrink tumors more and delay cancer growth longer than standard chemo, sometimes for one to three years or more in advanced disease [E6]. Some drugs also work well in the brain and often cause fewer severe side effects than chemo [E8].  

These findings matter because they show that testing the tumor for gene changes should be routine so you can get the drug that best fits your cancer [E62]. In the future, more people with earlier‑stage lung cancer may also get these drugs after surgery or radiation to lower the chance of the cancer coming back [E19].",9,"E1, E2, E3, E6, E8, E62, E19",,62,62,0.5833211658262125,70.45833333333336,9.394074074074076,62.68262045231073,10.754660766961653,0.7142857142857143,1.0,0.25000000000005884,0.47820000000000007,6.937597516519254,8.841846274778883,10.340740740740742,11.460373647984268
40332491,"The Current Roadmap of Lung Cancer Biology, Genomics and Racial Disparity.",https://pubmed.ncbi.nlm.nih.gov/40332491/,"Globally, lung cancer is the most prevalent cause of cancer-related death. There are two large histological groups of lung cancer: small-cell lung cancer (SCLC) and non-small-cell lung cancer (NSCLC). Based on histopathological and molecular features, adenocarcinoma (ADC) and squamous cell carcinoma (SCC) are the two major histologic subtypes of NSCLC. Various epidemiological and environmental factors are linked with an increased risk of lung cancer. However, these risk factors show disparities in patients with divergent racial and ethnic backgrounds. Interestingly, different populations were found to harbor distinct molecular features as evidenced by variations in genetic mutation profiles. Moreover, diverse histological and molecular progression patterns are identified in lung cancer, which could be crucial in improving diagnosis, prognosis, and therapeutic planning. In concert with a plethora of nuclear genetic alterations, mitochondrial alteration, epigenetic reprogramming, microbial dysbiosis, and immune alteration signatures have been identified in various lung cancer types. This review article provides a comprehensive overview of screening tests and the treatment strategies for NSCLC and SCLC, including surgery, radiation therapy, chemotherapy, targeted therapies, and immunotherapies. Through the unification of these diverse aspects, this review article aspires to a complete understanding of lung cancer's genomics, biology, microbial landscapes, and racial disparity and seeks to understand the essential role of racial and ethnic factors in lung cancer occurrence and treatment.",Available,"This research looks at lung cancer, which is the top cause of cancer death in the world (Abstract, sentence 1). We focus on two main types of lung cancer, called small-cell and non-small-cell, and we explain how they differ (Abstract, sentence 2). We also talk about two common forms of non-small-cell lung cancer, called adenocarcinoma and squamous cell cancer (Abstract, sentence 3). We wrote this study because many things in your life and environment can raise lung cancer risk, and these risks are not the same for all race and ethnic groups (Abstract, sentence 4). People from different groups can also have different gene changes in their tumors (Abstract, sentence 5). We read and joined many past studies to map these gene changes and other cell changes in lung cancer (Abstract, sentence 6). We also looked at how lung cancer grows and changes over time, and how this may guide better tests and care plans (Abstract, sentence 7). We then reviewed current lung cancer care, such as surgery, drug care, and new “targeted” and immune based drugs (Abstract, sentence 9). This work may help doctors plan more fair and more exact care for people from many race and ethnic groups in the future (Abstract, sentence 10).","This research looks at lung cancer and how it can differ between people of different races and ethnic groups (Abstract, para. 1). Lung cancer is a leading cause of death in the world, so we need better ways to find it early and treat it well (Introduction, para. 1). This work may help people at high risk, such as smokers and some groups who get lung cancer more often or at a younger age (Body, para. 2). The writers of this paper did not test a new drug. They read and summed up many past studies on lung cancer types, gene changes, body defenses, germs in the lung, and race gaps in care and outcome (Introduction, para. 2). They found that most lung cancers are of one main type, called non‑small cell, and that this type has several subtypes with different gene changes and treatment needs (Body, para. 1)(Body, para. 11). They also found that Black people and some other groups often have higher lung cancer rates and worse access to good care, and they may have different gene and germ patterns in their tumors (Body, para. 5)(Introduction, para. 3)(Body, para. 18). These results matter because they point to the need for fair access to screening and care, and for tests and treatments that fit each person’s genes, germs, and background (Body, para. 23)(Body, para. 24)(Conclusion, para. 1).","This research looks at lung cancer and how it can differ between people of different races and ethnic groups. Lung cancer is a leading cause of death in the world, so we need better ways to find it early and treat it well. This work may help people at high risk, such as smokers and some groups who get lung cancer more often or at a younger age. The writers of this paper did not test a new drug. They read and summed up many past studies on lung cancer types, gene changes, body defenses, germs in the lung, and race gaps in care and outcome. They found that most lung cancers are of one main type, called non‑small cell, and that this type has several subtypes with different gene changes and treatment needs. They also found that Black people and some other groups often have higher lung cancer rates and worse access to good care, and they may have different gene and germ patterns in their tumors. These results matter because they point to the need for fair access to screening and care, and for tests and treatments that fit each person’s genes, germs, and background.","This research looks at lung cancer and how it can differ between people of different races and ethnic groups. Lung cancer is a leading cause of death in the world, so we need better ways to find it early and treat it well. This work may help people at high risk, such as smokers and some groups who get lung cancer more often or at a younger age. The writers of this paper did not test a new drug. They read and summed up many past studies on lung cancer types, gene changes, body defenses, germs in the lung, and race gaps in care and outcome. They found that most lung cancers are of one main type, called non‑small cell, and that this type has several subtypes with different gene changes and treatment needs. They also found that Black people and some other groups often have higher lung cancer rates and worse access to good care, and they may have different gene and germ patterns in their tumors. These results matter because they point to the need for fair access to screening and care, and for tests and treatments that fit each person’s genes, germs, and background.","This research looks at lung cancer and how it can differ between people of different races and ethnic groups [E1].  

Lung cancer is a leading cause of death in the world, so we need better ways to find it early and treat it well [E2]. This work may help people at high risk, such as smokers and some groups who get lung cancer more often or at a younger age [E5].  

The writers of this paper did not test a new drug. They read and summed up many past studies on lung cancer types, gene changes, body defenses, germs in the lung, and race gaps in care and outcome [E3].  

They found that most lung cancers are of one main type, called non‑small cell, and that this type has several subtypes with different gene changes and treatment needs [E4][E14]. They also found that Black people and some other groups often have higher lung cancer rates and worse access to good care, and they may have different gene and germ patterns in their tumors [E8][E21][E22].  

These results matter because they point to the need for fair access to screening and care, and for tests and treatments that fit each person’s genes, germs, and background [E27][E28][E29].",12,"E1, E2, E5, E3, E4, E14, E8, E21, E22, E27, E28, E29",,29,29,0.6005929919083024,64.50569039913702,9.94831715210356,73.19189403553302,9.168064720812183,0.8125,1.0,0.5708074534161727,0.7070666666666667,8.515128840125781,7.6454224807358475,10.320604099244877,10.256091370558376
40334018,Immunotherapy for resectable lung cancer.,https://pubmed.ncbi.nlm.nih.gov/40334018/,"Lung cancer remains a significant global health challenge, demanding innovative treatment strategies. Immune checkpoint blockade has revolutionized cancer care, leading to improved survival across advanced malignancies and has now become a standard therapy for earlier stage, resectable lung cancer. This review article consolidates the current landscape and future prospects of neoadjuvant and perioperative immunotherapy in lung cancer. The authors outline key findings from clinical trials in resectable lung cancer, including early efficacy, safety profiles, and emerging impact on disease recurrence, and overall survival. Additionally, this review elucidates the challenges encountered, including patient selection criteria, optimal treatment schedules, immune-related adverse events, and impact on surgery. This comprehensive analysis amalgamates current evidence with future directions, providing a roadmap for clinicians, researchers, and stakeholders to navigate the dynamic realm of immunotherapy for surgically resectable lung cancer.",Available,"This research paper looks at new drug care for lung cancer that can be cut out with surgery (Abstract, sentence 1). It talks about drugs that help your own immune system see and attack cancer cells, called “immune check point” drugs (Abstract, sentence 2). We need this study because lung cancer is still a big cause of death, and even after surgery the cancer can come back (Abstract, sentence 1). The work may help people who have lung cancer that doctors plan to remove with an operation (Abstract, sentence 3). The writers did not test a new drug on their own (Abstract, sentence 3). They read and summed up many past studies that gave these immune drugs before and around the time of surgery (Abstract, sentence 3). They looked at how well the drugs worked, how safe they were, and how they changed the chance that the cancer would come back (Abstract, sentence 4). They found that these drugs can help some people live longer and keep the cancer away, and the side effects and surgery risks were often okay, but not always (Abstract, sentence 4). They also found hard parts, like how to pick the right patients and the best time plan for the drugs (Abstract, sentence 5). This work gives doctors and researchers a guide for how to use and study these immune drugs in lung cancer surgery care (Abstract, sentence 6). In the future, this may help you and your care team choose better treatment plans before and after lung surgery (Abstract, sentence 6).","This research looks at new drug treatments for lung cancer that you can remove with surgery (Abstract, para. 1). We need this work because lung cancer is very common and causes about 1.8 million deaths each year, and even after surgery many people still see the cancer come back (Introduction, para. 1). The team reviewed many past studies that used “immunotherapy,” a type of drug that helps your own defense system see and attack cancer cells (Abstract, para. 1). They looked at drugs given before surgery, after surgery, or both, and checked how well they worked and how safe they were (Introduction, para. 3). Across 30 studies, when people got immune drugs before surgery, about 24 out of 100 had no live cancer cells left in the removed tumor when the drugs were mixed with chemo, and about 10 out of 100 when the immune drug was used alone (Body, para. 11)(Body, para. 12). Most people who started this treatment were still able to have surgery, and about 9 out of 10 had all visible tumor removed (Body, para. 14). Side effects were common but serious side effects stayed fairly low (Body, para. 13). These results suggest that adding immune drugs before surgery can shrink lung tumors and may help people live longer, with risks that doctors can manage (Conclusion, para. 1)(Conclusion, para. 2).","This research looks at new drug treatments for lung cancer that you can remove with surgery. We need this work because lung cancer is very common and causes about 1.8 million deaths each year, and even after surgery many people still see the cancer come back. The team reviewed many past studies that used “immunotherapy,” a type of drug that helps your own defense system see and attack cancer cells. They looked at drugs given before surgery, after surgery, or both, and checked how well they worked and how safe they were. Across 30 studies, when people got immune drugs before surgery, about 24 out of 100 had no live cancer cells left in the removed tumor when the drugs were mixed with chemo, and about 10 out of 100 when the immune drug was used alone. Most people who started this treatment were still able to have surgery, and about 9 out of 10 had all visible tumor removed. Side effects were common but serious side effects stayed fairly low. These results suggest that adding immune drugs before surgery can shrink lung tumors and may help people live longer, with risks that doctors can manage.","This research looks at new drug treatments for lung cancer that you can remove with surgery. We need this work because lung cancer is very common and causes about 1.8 million deaths each year, and even after surgery many people still see the cancer come back. The team reviewed many past studies that used “immunotherapy,” a type of drug that helps your own defense system see and attack cancer cells. They looked at drugs given before surgery, after surgery, or both, and checked how well they worked and how safe they were. Across 30 studies, when people got immune drugs before surgery, about 24 out of 100 had no live cancer cells left in the removed tumor when the drugs were mixed with chemo, and about 10 out of 100 when the immune drug was used alone. Most people who started this treatment were still able to have surgery, and about 9 out of 10 had all visible tumor removed. Side effects were common but serious side effects stayed fairly low. These results suggest that adding immune drugs before surgery can shrink lung tumors and may help people live longer, with risks that doctors can manage.","This research looks at new drug treatments for lung cancer that you can remove with surgery [E1].  

We need this work because lung cancer is very common and causes about 1.8 million deaths each year, and even after surgery many people still see the cancer come back [E2].  

The team reviewed many past studies that used “immunotherapy,” a type of drug that helps your own defense system see and attack cancer cells [E1]. They looked at drugs given before surgery, after surgery, or both, and checked how well they worked and how safe they were [E4].  

Across 30 studies, when people got immune drugs before surgery, about 24 out of 100 had no live cancer cells left in the removed tumor when the drugs were mixed with chemo, and about 10 out of 100 when the immune drug was used alone [E15][E16]. Most people who started this treatment were still able to have surgery, and about 9 out of 10 had all visible tumor removed [E18]. Side effects were common but serious side effects stayed fairly low [E17].  

These results suggest that adding immune drugs before surgery can shrink lung tumors and may help people live longer, with risks that doctors can manage [E19][E20].",10,"E1, E2, E4, E15, E16, E18, E17, E19, E20",,22,22,0.5618656053919613,70.86954722320483,9.178627520339585,64.30504535147392,9.700272108843539,0.8125,1.0,0.3000000000000478,0.5042772727272727,8.00094639256281,9.150863307647796,10.590590732224975,10.751927437641724
40407951,The role of the tumour microenvironment in lung cancer and its therapeutic implications.,https://pubmed.ncbi.nlm.nih.gov/40407951/,"Lung cancer is the leading cause of cancer-related deaths globally, with tumour growth, invasion, and treatment response heavily influenced by the tumour microenvironment (TME). The TME promotes tumour progression by creating an immunosuppressive environment that hampers the body's antitumour immune response, primarily through the Nuclear Factor Kappa B (NF-κB) and Signal Transducer and Activator of Transcription 3 (STAT3) pathways. These pathways contribute to chronic inflammation, immune evasion, and angiogenesis. Targeting the TME and its signalling pathways has shown potential to enhance treatment efficacy. STAT3, a key transcription factor in lung cancer, drives tumour growth and immune suppression via the mTOR and JAK pathways. Inhibiting these pathways can block STAT3 and slow cancer progression. Promising results have been observed with mTOR inhibitors like CC-115 and Vistusertib, especially when combined with immune checkpoint inhibitors, and with JAK inhibitors such as Ruxolitinib, AZD4205, and Filgotinib. These strategies represent a promising direction for lung cancer therapy. This review explores the intricate relationship between the TME and lung cancer, focussing on novel therapeutic approaches that target immune cells, signalling molecules, and fibroblasts within the TME to improve patient outcomes.",Available,"This research looks at lung cancer and the space around the tumor, called the tumor area or “microenvironment” (Abstract, sentence 1). The tumor area can help the cancer grow and can make it hard for your body’s defense cells to fight the cancer (Abstract, sentence 2). We need this study because lung cancer causes more deaths than any other cancer, and many people do not get enough help from current drugs (Abstract, sentence 1). The writers of this paper read and summed up many past lab and clinic studies (Abstract, sentence 9). They looked at how cells and signals in the tumor area turn off your body’s defense cells and help the tumor grow and spread (Abstract, sentence 2). They also looked at key signal paths that drive this, such as one called STAT3, and how it links to other paths called mTOR and JAK (Abstract, sentence 5). They found that drugs that block mTOR or JAK can slow these signals and may slow lung cancer (Abstract, sentence 6). Some drugs, like CC-115, Vistusertib, Ruxolitinib, AZD4205, and Filgotinib, look hopeful, mainly when used with some immune drugs (Abstract, sentence 7). These early results suggest that, in the future, new drug mixes that target the tumor area may help some people with lung cancer live longer and respond better to treatment (Abstract, sentence 4)(Abstract, sentence 8).","This research looks at lung cancer and the “area” around the tumour, called the tumour microenvironment, or TME (Abstract, para. 1). The TME is made of many cells and signals that can either fight the cancer or help it grow and spread (Introduction, para. 2). The study is needed because lung cancer is the top cause of cancer death, and many people are found late, when treatment choices are few (Introduction, para. 1). By learning how the TME helps cancer hide from the immune system, we may find better ways to treat you or someone you know with lung cancer (Introduction, para. 4). The authors reviewed many past lab and patient studies to map which cells and signal paths in the TME push cancer growth, and which ones might be blocked with drugs (Body, para. 1). They focused on two main signal paths, called NF‑κB and STAT3, that drive long‑lasting swelling, new blood vessel growth, and escape from immune attack (Body, para. 5). They found that blocking related paths, such as mTOR and JAK, can slow STAT3 and shrink tumours in models, and some drug mixes, like mTOR or JAK blockers with other cancer drugs, are already in early patient trials (Body, para. 29)(Body, para. 34). These findings suggest that, in the future, care for lung cancer may combine TME‑targeting drugs with current treatments to help them work better and for longer (Conclusion, para. 2).","This research looks at lung cancer and the “area” around the tumour, called the tumour microenvironment, or TME. The TME is made of many cells and signals that can either fight the cancer or help it grow and spread. The study is needed because lung cancer is the top cause of cancer death, and many people are found late, when treatment choices are few. By learning how the TME helps cancer hide from the immune system, we may find better ways to treat you or someone you know with lung cancer. The authors reviewed many past lab and patient studies to map which cells and signal paths in the TME push cancer growth, and which ones might be blocked with drugs. They focused on two main signal paths, called NF‑κB and STAT3, that drive long‑lasting swelling, new blood vessel growth, and escape from immune attack. They found that blocking related paths, such as mTOR and JAK, can slow STAT3 and shrink tumours in models, and some drug mixes, like mTOR or JAK blockers with other cancer drugs, are already in early patient trials. These findings suggest that, in the future, care for lung cancer may combine TME‑targeting drugs with current treatments to help them work better and for longer.","This research looks at lung cancer and the “area” around the tumour, called the tumour microenvironment, or TME. The TME is made of many cells and signals that can either fight the cancer or help it grow and spread. The study is needed because lung cancer is the top cause of cancer death, and many people are found late, when treatment choices are few. By learning how the TME helps cancer hide from the immune system, we may find better ways to treat you or someone you know with lung cancer. The authors reviewed many past lab and patient studies to map which cells and signal paths in the TME push cancer growth, and which ones might be blocked with drugs. They focused on two main signal paths, called NF‑κB and STAT3, that drive long‑lasting swelling, new blood vessel growth, and escape from immune attack. They found that blocking related paths, such as mTOR and JAK, can slow STAT3 and shrink tumours in models, and some drug mixes, like mTOR or JAK blockers with other cancer drugs, are already in early patient trials. These findings suggest that, in the future, care for lung cancer may combine TME‑targeting drugs with current treatments to help them work better and for longer.","This research looks at lung cancer and the “area” around the tumour, called the tumour microenvironment, or TME [E1]. The TME is made of many cells and signals that can either fight the cancer or help it grow and spread [E4].  

The study is needed because lung cancer is the top cause of cancer death, and many people are found late, when treatment choices are few [E3]. By learning how the TME helps cancer hide from the immune system, we may find better ways to treat you or someone you know with lung cancer [E6].  

The authors reviewed many past lab and patient studies to map which cells and signal paths in the TME push cancer growth, and which ones might be blocked with drugs [E7]. They focused on two main signal paths, called NF‑κB and STAT3, that drive long‑lasting swelling, new blood vessel growth, and escape from immune attack [E11].  

They found that blocking related paths, such as mTOR and JAK, can slow STAT3 and shrink tumours in models, and some drug mixes, like mTOR or JAK blockers with other cancer drugs, are already in early patient trials [E35][E40].  

These findings suggest that, in the future, care for lung cancer may combine TME‑targeting drugs with current treatments to help them work better and for longer [E55].",9,"E1, E4, E3, E6, E7, E11, E35, E40, E55",,56,56,0.5733659611689417,63.772000000000006,10.575111111111113,66.57362739234452,10.463821770334928,0.7222222222222222,1.0,0.3208015786608973,0.4801500000000001,8.515128840125781,8.07648339933343,11.422222222222224,11.406937799043064
40510353,Bispecific antibody for lung cancer: mechanisms and clinical insights.,https://pubmed.ncbi.nlm.nih.gov/40510353/,"Lung cancer is a refractory malignancy. Although various therapeutic options, including targeted therapies, immune checkpoint inhibitors, and systemic chemotherapy, have significantly improved the prognosis of lung cancer patients, five-year survival rates are still low. Bispecific antibodies have attracted much attention because of their ability to bind different antigens or epitopes on the same antigen at once and because of their multiple novel functional mechanisms. Recently, three bispecific antibodies have been successively approved for lung cancer treatment, demonstrating the potential of bispecific drugs in lung cancer therapy. Various bispecific antibodies are currently under clinical trials to evaluate their safety and efficacy in lung cancer. In this review, we provide an overview of these antibodies' structure and mechanism of action, summarize their clinical progress in lung cancer treatment, and discuss and analyze the challenges and future directions of bsAbs application in lung cancer.",Available,"This research looks at new lab-made proteins, called “bispecific antibodies,” to treat lung cancer (Abstract, sentence 3). Lung cancer is a hard disease to treat, and many people still die from it (Abstract, sentence 1). Even with new drugs and chemo, most people with lung cancer do not live five years after they learn they have it (Abstract, sentence 2). So we need better treatment choices that can help more people live longer (Abstract, sentence 2). In this study, the team read and summed up many past tests of these new drugs for lung cancer (Abstract, sentence 6). They looked at how the drugs are built, how they work in the body, and how well they work in people (Abstract, sentence 6). These drugs can grab onto two targets at the same time, which may help them fight cancer in new ways (Abstract, sentence 3). Three of these drugs are now approved to treat lung cancer, which shows they can help some patients (Abstract, sentence 4). Many more of these drugs are now in human tests to check how safe they are and how well they work (Abstract, sentence 5). This work may guide doctors and drug makers as they plan new lung cancer care and future patient trials (Abstract, sentence 6).","This research looks at a new type of cancer drug called “bispecific antibodies” for lung cancer (Abstract, para. 1). Lung cancer is very common and causes many deaths, and even with current drugs, only about 10–20 out of 100 people are alive five years after diagnosis (Introduction, para. 1). You may care about this work if you or someone you know has lung cancer, or if current drugs have stopped working (Introduction, para. 1). In this review, the team reads and sums up many past studies on these new drugs (Abstract, para. 1). Bispecific antibodies can grab two targets at the same time, which may block cancer growth or help your own immune cells find and kill cancer cells (Introduction, para. 2). Some of these drugs are already in use. For example, amivantamab helped about 40 out of 100 people respond after chemo stopped working, and people lived a median of about 23 months (Body, para. 9). A drug called tarlatamab for small cell lung cancer helped 40 out of 100 very sick patients respond as well (Body, para. 39). Another drug, AK112, plus chemo, helped people whose cancer had grown after earlier gene‑targeted pills (Body, para. 31). The authors say these drugs look very hopeful, but they can be hard to make, may cause side effects, and can be costly (Body, para. 56). More work is under way so that, over time, more lung cancer patients may have extra treatment choices (Conclusion, para. 1).","This research looks at a new type of cancer drug called “bispecific antibodies” for lung cancer. Lung cancer is very common and causes many deaths, and even with current drugs, only about 10–20 out of 100 people are alive five years after diagnosis. You may care about this work if you or someone you know has lung cancer, or if current drugs have stopped working. In this review, the team reads and sums up many past studies on these new drugs. Bispecific antibodies can grab two targets at the same time, which may block cancer growth or help your own immune cells find and kill cancer cells. Some of these drugs are already in use. For example, amivantamab helped about 40 out of 100 people respond after chemo stopped working, and people lived a median of about 23 months. A drug called tarlatamab for small cell lung cancer helped 40 out of 100 very sick patients respond as well. Another drug, AK112, plus chemo, helped people whose cancer had grown after earlier gene‑targeted pills. The authors say these drugs look very hopeful, but they can be hard to make, may cause side effects, and can be costly. More work is under way so that, over time, more lung cancer patients may have extra treatment choices.","This research looks at a new type of cancer drug called “bispecific antibodies” for lung cancer. Lung cancer is very common and causes many deaths, and even with current drugs, only about 10–20 out of 100 people are alive five years after diagnosis. You may care about this work if you or someone you know has lung cancer, or if current drugs have stopped working. In this review, the team reads and sums up many past studies on these new drugs. Bispecific antibodies can grab two targets at the same time, which may block cancer growth or help your own immune cells find and kill cancer cells. Some of these drugs are already in use. For example, amivantamab helped about 40 out of 100 people respond after chemo stopped working, and people lived a median of about 23 months. A drug called tarlatamab for small cell lung cancer helped 40 out of 100 very sick patients respond as well. Another drug, AK112, plus chemo, helped people whose cancer had grown after earlier gene‑targeted pills. The authors say these drugs look very hopeful, but they can be hard to make, may cause side effects, and can be costly. More work is under way so that, over time, more lung cancer patients may have extra treatment choices.","This research looks at a new type of cancer drug called “bispecific antibodies” for lung cancer [E1].  

Lung cancer is very common and causes many deaths, and even with current drugs, only about 10–20 out of 100 people are alive five years after diagnosis [E2]. You may care about this work if you or someone you know has lung cancer, or if current drugs have stopped working [E2].  

In this review, the team reads and sums up many past studies on these new drugs [E1]. Bispecific antibodies can grab two targets at the same time, which may block cancer growth or help your own immune cells find and kill cancer cells [E3].  

Some of these drugs are already in use. For example, amivantamab helped about 40 out of 100 people respond after chemo stopped working, and people lived a median of about 23 months [E12]. A drug called tarlatamab for small cell lung cancer helped 40 out of 100 very sick patients respond as well [E42]. Another drug, AK112, plus chemo, helped people whose cancer had grown after earlier gene‑targeted pills [E34].  

The authors say these drugs look very hopeful, but they can be hard to make, may cause side effects, and can be costly [E59]. More work is under way so that, over time, more lung cancer patients may have extra treatment choices [E66].",10,"E1, E2, E3, E12, E42, E34, E59, E66",,66,66,0.4238251585640841,75.57643396226416,7.984603773584908,67.7693868921776,8.66249471458774,0.7222222222222222,1.0,0.33333333333338255,0.5464500000000001,5.683917801722854,9.339509955726097,8.857358490566037,9.864693446088797
40635482,Updates on lung cancer screening for early detection.,https://pubmed.ncbi.nlm.nih.gov/40635482/,"This review examines the current status and recent progress in lung cancer screening programs, focusing on low-dose computed tomography (LDCT) and emerging liquid biopsy technologies. In Korea, the National Lung Cancer Screening Program has shown promising results in reducing lung cancer mortality since its implementation in 2019. This review discusses the LDCT screening in Korea, including reductions in short-term mortality, increased screening uptake, and enhanced smoking cessation rates. Results from major international trials, including the National Lung Screening Trial, Nederlands-Leuvens Longkanker Screenings Onderzoek trial, and Multicenter Italian Lung Detection studies, demonstrating the efficacy of LDCT in reducing lung cancer mortality, are reviewed. The potential of liquid biopsy as a complement to LDCT is explored, with a focus on multi-cancer early detection technologies. Notable advances include the Circulating Cell-free Genome Atlas study and the Galleri® test, which have shown promise in detecting cancer at early stages through blood-based screening. We also highlight the challenges and limitations of current screening methods, including the need to improve strategies for screening non-smokers and the importance of balancing benefits against risks. As lung cancer screening continues to advance, combining LDCT and liquid biopsy is anticipated to provide more comprehensive and effective early detection strategies.",Available,"This research looks at ways to find lung cancer early, before it causes big health problems (Abstract, sentence 1). It may help people who smoke now or used to smoke, and may also help people who never smoked but still get lung cancer (Abstract, sentence 7). The team looked at past and current lung scan programs that use a low-dose chest scan, called LDCT, and new blood tests that look for signs of cancer (Abstract, sentence 1). They reviewed large trials from many countries that tested if these lung scans can lower the chance of death from lung cancer (Abstract, sentence 4). In Korea, a national lung scan program that began in 2019 has cut short-term deaths from lung cancer and helped more people join screening and quit smoking (Abstract, sentence 2). The review also found that blood tests, such as the Galleri test, can sometimes find cancer early from a small blood sample (Abstract, sentence 6). The writers note that we still need better ways to screen people who do not smoke and to weigh the good and bad of each test (Abstract, sentence 7). In the future, using both lung scans and blood tests together may help find lung cancer sooner and more safely (Abstract, sentence 8).","This research looks at ways to find lung cancer early, mainly in Korea, and in other countries too (Abstract, para. 1). It talks about a scan called low‑dose CT, which is a special X‑ray that uses less radiation to check your lungs (Introduction, para. 1). We need this kind of test because lung cancer is very common in Korea, and more people are now found at an early stage when doctors can treat it better (Introduction, para. 2). The Korean program started in 2019 for people age 55–74 who smoke a lot, to try to find cancer before it causes signs like cough or pain (Introduction, para. 3). Researchers reviewed big studies with tens of thousands of people that showed this scan can lower deaths from lung cancer by about 20% compared with a simple chest X‑ray (Body, para. 7). In Korea, more people are getting screened each year, but many still smoke, so the program may expand to more ages and to people who used to smoke (Body, para. 4). The article also looks at new blood and other body fluid tests, called “liquid biopsy,” that may help the scan work better and cut down on false alarms, but these tests are not ready to replace the scan by themselves yet (Body, para. 9)(Body, para. 17). In the future, a mix of lung scans and simple blood tests may help more people find lung cancer early and may guide more personal care (Body, para. 16)(Conclusion, para. 1).","This research looks at ways to find lung cancer early, mainly in Korea, and in other countries too. It talks about a scan called low‑dose CT, which is a special X‑ray that uses less radiation to check your lungs. We need this kind of test because lung cancer is very common in Korea, and more people are now found at an early stage when doctors can treat it better. The Korean program started in 2019 for people age 55–74 who smoke a lot, to try to find cancer before it causes signs like cough or pain. Researchers reviewed big studies with tens of thousands of people that showed this scan can lower deaths from lung cancer by about 20% compared with a simple chest X‑ray. In Korea, more people are getting screened each year, but many still smoke, so the program may expand to more ages and to people who used to smoke. The article also looks at new blood and other body fluid tests, called “liquid biopsy,” that may help the scan work better and cut down on false alarms, but these tests are not ready to replace the scan by themselves yet. In the future, a mix of lung scans and simple blood tests may help more people find lung cancer early and may guide more personal care.","This research looks at ways to find lung cancer early, mainly in Korea, and in other countries too. It talks about a scan called low‑dose CT, which is a special X‑ray that uses less radiation to check your lungs. We need this kind of test because lung cancer is very common in Korea, and more people are now found at an early stage when doctors can treat it better. The Korean program started in 2019 for people age 55–74 who smoke a lot, to try to find cancer before it causes signs like cough or pain. Researchers reviewed big studies with tens of thousands of people that showed this scan can lower deaths from lung cancer by about 20% compared with a simple chest X‑ray. In Korea, more people are getting screened each year, but many still smoke, so the program may expand to more ages and to people who used to smoke. The article also looks at new blood and other body fluid tests, called “liquid biopsy,” that may help the scan work better and cut down on false alarms, but these tests are not ready to replace the scan by themselves yet. In the future, a mix of lung scans and simple blood tests may help more people find lung cancer early and may guide more personal care.","This research looks at ways to find lung cancer early, mainly in Korea, and in other countries too [E1]. It talks about a scan called low‑dose CT, which is a special X‑ray that uses less radiation to check your lungs [E2].  

We need this kind of test because lung cancer is very common in Korea, and more people are now found at an early stage when doctors can treat it better [E3]. The Korean program started in 2019 for people age 55–74 who smoke a lot, to try to find cancer before it causes signs like cough or pain [E4].  

Researchers reviewed big studies with tens of thousands of people that showed this scan can lower deaths from lung cancer by about 20% compared with a simple chest X‑ray [E12]. In Korea, more people are getting screened each year, but many still smoke, so the program may expand to more ages and to people who used to smoke [E9].  

The article also looks at new blood and other body fluid tests, called “liquid biopsy,” that may help the scan work better and cut down on false alarms, but these tests are not ready to replace the scan by themselves yet [E14][E22].  

In the future, a mix of lung scans and simple blood tests may help more people find lung cancer early and may guide more personal care [E21][E23].",10,"E1, E2, E3, E4, E12, E9, E14, E22, E21, E23",,23,23,0.5814935122507204,68.5975508373206,10.181525119617227,65.86613636363639,10.904090909090911,0.7368421052631579,0.9583333333333334,0.4013429752066399,,6.6274283507984215,9.188382445141503,10.832775119617224,12.636363636363637
40878958,CircRNA in non‑small cell lung cancer: Potential biomarkers and therapeutic targets (Review).,https://pubmed.ncbi.nlm.nih.gov/40878958/,"Lung cancer is one of the most common malignant tumors, characterized by high incidence and mortality rates. Non‑small cell lung cancer (NSCLC) is the predominant histological type of lung cancer. Due to the lack of effective early diagnostic methods, the majority of patients with lung cancer present with distant metastasis at the time of initial diagnosis, often rendering treatments such as surgery and pharmacotherapy ineffective. Consequently, there is an urgent need for a more in‑depth understanding of the pathogenesis of NSCLC and the identification of novel therapeutic targets to enable more precise prediction and treatment of the disease. circular RNAs (circRNAs) are specifically expressed in tissues, owing to their high stability and specificity. The dysregulation of circRNA expression has been implicated in cancer progression, where circRNAs function as microRNA sponges, RNA‑binding protein sponges, gene splicing and transcriptional regulators and protein/peptide translational modulators. These molecules may serve as potential biomarkers for cancer prognosis and predictive indicators, as well as novel therapeutic targets. The present review summarizes the biogenesis and mechanistic functions of circRNAs, outlines their potential role in the initiation and progression of NSCLC and discusses their application as therapeutic targets in cancer treatment. The present review aimed to provide new perspectives for the development of emerging diagnostic or prognostic biomarkers and potential therapeutic targets for NSCLC.",Available,"This research paper looks at a type of lung cancer called non‑small cell lung cancer, or NSCLC, which is the most common kind of lung cancer (Abstract, sentence 1)(Abstract, sentence 2). Many people learn they have lung cancer only after it has spread far in the body, so surgery and drugs often do not work well (Abstract, sentence 3). We need better ways to find this cancer early and to choose the best treatment for each person (Abstract, sentence 4). The writers of this paper did not test new drugs in people. Instead, they read and summed up many lab and clinic studies about small ring‑shaped molecules in cells, called circular RNAs (Abstract, sentence 5)(Abstract, sentence 8). These ring molecules are very stable and can change how other gene signals work, which may affect how cancer starts and grows (Abstract, sentence 5)(Abstract, sentence 6). The paper says these ring molecules may help us tell how a lung cancer will act and how a person may do over time (Abstract, sentence 7). They may also be new targets for future cancer drugs (Abstract, sentence 7)(Abstract, sentence 9). If later studies confirm these ideas, doctors may one day use lab tests for these ring molecules to help find NSCLC earlier and pick better treatment plans (Abstract, sentence 7)(Abstract, sentence 9).","This research looks at a type of lung cancer called non‑small cell lung cancer, or NSCLC, and a group of tiny ring‑shaped molecules in cells called circular RNAs, or circRNAs (Abstract, para. 1). We need this study because many people learn they have NSCLC only after it has spread, and current tests and drugs often do not work well then (Abstract, para. 1)(Discussion, para. 1). The team read and summed up many lab and animal studies that tested how circRNAs act in NSCLC cells and in blood or tissue from people with this cancer (Body, para. 12). They also looked at how levels of these ring molecules differ between tumor and normal lung and how they link to tumor growth, spread, and drug response (Body, para. 12)(Discussion, para. 2). They found that some circRNAs help tumors grow and spread, while others slow tumors down (Body, para. 13). Certain circRNAs can change how cancer cells move, hide from the immune system, and use sugar for energy, which can also change how well chemo drugs work (Body, para. 15)(Body, para. 17)(Body, para. 20). Because circRNAs are stable and easy to detect in body fluids, they may serve as new lab tests and drug targets in NSCLC (Body, para. 1)(Discussion, para. 2). In the future, doctors may use circRNA blood tests to help find NSCLC earlier and guide “precision” treatment, and new drugs may aim at harmful circRNAs to improve care (Body, para. 12)(Discussion, para. 4).","This research looks at a type of lung cancer called non‑small cell lung cancer, or NSCLC, and a group of tiny ring‑shaped molecules in cells called circular RNAs, or circRNAs. We need this study because many people learn they have NSCLC only after it has spread, and current tests and drugs often do not work well then. The team read and summed up many lab and animal studies that tested how circRNAs act in NSCLC cells and in blood or tissue from people with this cancer. They also looked at how levels of these ring molecules differ between tumor and normal lung and how they link to tumor growth, spread, and drug response. They found that some circRNAs help tumors grow and spread, while others slow tumors down. Certain circRNAs can change how cancer cells move, hide from the immune system, and use sugar for energy, which can also change how well chemo drugs work. Because circRNAs are stable and easy to detect in body fluids, they may serve as new lab tests and drug targets in NSCLC. In the future, doctors may use circRNA blood tests to help find NSCLC earlier and guide “precision” treatment, and new drugs may aim at harmful circRNAs to improve care.","This research looks at a type of lung cancer called non‑small cell lung cancer, or NSCLC, and a group of tiny ring‑shaped molecules in cells called circular RNAs, or circRNAs. We need this study because many people learn they have NSCLC only after it has spread, and current tests and drugs often do not work well then. The team read and summed up many lab and animal studies that tested how circRNAs act in NSCLC cells and in blood or tissue from people with this cancer. They also looked at how levels of these ring molecules differ between tumor and normal lung and how they link to tumor growth, spread, and drug response. They found that some circRNAs help tumors grow and spread, while others slow tumors down. Certain circRNAs can change how cancer cells move, hide from the immune system, and use sugar for energy, which can also change how well chemo drugs work. Because circRNAs are stable and easy to detect in body fluids, they may serve as new lab tests and drug targets in NSCLC. In the future, doctors may use circRNA blood tests to help find NSCLC earlier and guide “precision” treatment, and new drugs may aim at harmful circRNAs to improve care.","This research looks at a type of lung cancer called non‑small cell lung cancer, or NSCLC, and a group of tiny ring‑shaped molecules in cells called circular RNAs, or circRNAs [E1].  

We need this study because many people learn they have NSCLC only after it has spread, and current tests and drugs often do not work well then [E1][E26].  

The team read and summed up many lab and animal studies that tested how circRNAs act in NSCLC cells and in blood or tissue from people with this cancer [E16]. They also looked at how levels of these ring molecules differ between tumor and normal lung and how they link to tumor growth, spread, and drug response [E16][E27].  

They found that some circRNAs help tumors grow and spread, while others slow tumors down [E17]. Certain circRNAs can change how cancer cells move, hide from the immune system, and use sugar for energy, which can also change how well chemo drugs work [E19][E21][E24]. Because circRNAs are stable and easy to detect in body fluids, they may serve as new lab tests and drug targets in NSCLC [E5][E27].  

In the future, doctors may use circRNA blood tests to help find NSCLC earlier and guide “precision” treatment, and new drugs may aim at harmful circRNAs to improve care [E16][E29].",14,"E1, E26, E16, E27, E17, E19, E21, E24, E5, E29",,29,29,0.43084246978954577,62.334765545361904,10.582354740061167,63.68491847826088,10.804631642512081,0.8235294117647058,1.0,0.3302069857697555,0.6297309073163931,8.841846274778883,10.9516,11.34026503567788,13.055314009661837
40910276,Lactylation modification in lung cancer: A review of current research and future directions (Review).,https://pubmed.ncbi.nlm.nih.gov/40910276/,"Lung cancer is a common malignancy that poses risks to human health and quality of life. The primary treatment options currently available include surgery, chemotherapy and radiotherapy. However, the aggressive metastatic nature of the disease combined with the development of drug and radiation resistance results in suboptimal survival outcomes. Consequently, there is a need to explore novel therapeutic approaches and develop more effective drugs. Lactylation, an epigenetic modification induced by lactate, alters histone proteins to modify the chromatin structure, as well as non‑histone proteins. This post‑translational modification is associated with the initiation and progression of lung cancer. Lactylation carries out a considerable role in the onset, progression and resistance of the disease by influencing tumor metabolism and the surrounding microenvironment. Targeting lactylation could provide innovative strategies for the targeted therapy of lung cancer.",Available,"This study looks at lung cancer and a new way it may grow and spread in the body (Abstract, sentence 1). Lung cancer is often hard to treat, even with surgery, drug treatment, and radiation, so many people still do not live long after they get it (Abstract, sentence 2). This is why we need new kinds of treatment that work better and last longer (Abstract, sentence 3). The researchers looked at a small change in cells called “lactylation,” which is caused by a substance called lactate (Abstract, sentence 5). This change can switch genes on or off and can affect how lung cancer starts and grows (Abstract, sentence 6). It can also help the cancer use fuel and shape the area around the tumor, which can make the cancer harder to treat (Abstract, sentence 7). The study found that lactylation plays a big part in how lung cancer begins, gets worse, and fights off treatment (Abstract, sentence 6). The authors say that if we can block or change lactylation, we may be able to make new, more exact drugs for lung cancer (Abstract, sentence 8). In the future, this line of work may help doctors design new lung cancer drugs that target these cell changes and may help people live longer (Abstract, sentence 4).","This research looks at lung cancer and a new cell change called “lactylation.” (Abstract, para. 1)Lung cancer is the top cause of cancer death, with about 2 million new cases and 1.76 million deaths each year. (Body, para. 1)Many people still die because the cancer spreads and stops responding to drugs and radiation, so we need new ways to treat it. (Abstract, para. 1)The writers of this paper read and summed up many lab and patient data studies on how a cell waste product called lactate and the change called lactylation affect lung cancer. (Introduction, para. 5)They looked at how these changes link to tumor growth, spread, and how the body’s defense cells work. (Introduction, para. 2)They found that lactylation can help lung cancer cells grow, move, and hide from the immune system by changing which genes turn on and off. (Introduction, para. 3)Some studies built risk models based on genes tied to lactylation to predict how long people with lung cancer may live and how their immune cells act. (Body, para. 10)These findings matter because they point to new drug targets, such as blocking lactate making, lactate transport, or lactylation itself. (Body, para. 17)No drugs for lung cancer that target lactylation are in human tests yet, but this work lays a base for future trials that may lead to more personal and effective care. (Body, para. 16)","This research looks at lung cancer and a new cell change called “lactylation.”Lung cancer is the top cause of cancer death, with about 2 million new cases and 1.76 million deaths each year. Many people still die because the cancer spreads and stops responding to drugs and radiation, so we need new ways to treat it. The writers of this paper read and summed up many lab and patient data studies on how a cell waste product called lactate and the change called lactylation affect lung cancer. They looked at how these changes link to tumor growth, spread, and how the body’s defense cells work. They found that lactylation can help lung cancer cells grow, move, and hide from the immune system by changing which genes turn on and off. Some studies built risk models based on genes tied to lactylation to predict how long people with lung cancer may live and how their immune cells act. These findings matter because they point to new drug targets, such as blocking lactate making, lactate transport, or lactylation itself. No drugs for lung cancer that target lactylation are in human tests yet, but this work lays a base for future trials that may lead to more personal and effective care.","This research looks at lung cancer and a new cell change called “lactylation.”Lung cancer is the top cause of cancer death, with about 2 million new cases and 1.76 million deaths each year. Many people still die because the cancer spreads and stops responding to drugs and radiation, so we need new ways to treat it. The writers of this paper read and summed up many lab and patient data studies on how a cell waste product called lactate and the change called lactylation affect lung cancer. They looked at how these changes link to tumor growth, spread, and how the body’s defense cells work. They found that lactylation can help lung cancer cells grow, move, and hide from the immune system by changing which genes turn on and off. Some studies built risk models based on genes tied to lactylation to predict how long people with lung cancer may live and how their immune cells act. These findings matter because they point to new drug targets, such as blocking lactate making, lactate transport, or lactylation itself. No drugs for lung cancer that target lactylation are in human tests yet, but this work lays a base for future trials that may lead to more personal and effective care.","This research looks at lung cancer and a new cell change called “lactylation.” [E1]  

Lung cancer is the top cause of cancer death, with about 2 million new cases and 1.76 million deaths each year. [E7] Many people still die because the cancer spreads and stops responding to drugs and radiation, so we need new ways to treat it. [E1]  

The writers of this paper read and summed up many lab and patient data studies on how a cell waste product called lactate and the change called lactylation affect lung cancer. [E6] They looked at how these changes link to tumor growth, spread, and how the body’s defense cells work. [E3]  

They found that lactylation can help lung cancer cells grow, move, and hide from the immune system by changing which genes turn on and off. [E4] Some studies built risk models based on genes tied to lactylation to predict how long people with lung cancer may live and how their immune cells act. [E16]  

These findings matter because they point to new drug targets, such as blocking lactate making, lactate transport, or lactylation itself. [E23] No drugs for lung cancer that target lactylation are in human tests yet, but this work lays a base for future trials that may lead to more personal and effective care. [E22]",9,"E1, E7, E6, E3, E4, E16, E23, E22",,26,26,0.5634072229242939,69.26312661498709,9.533178294573641,71.83838461538463,8.406615384615389,0.8,1.0,0.2000000000000513,0.6051666666666667,8.167268648758528,8.841846274778883,10.857881136950905,10.243076923076924
41369416,Ferroptosis and Radiotherapy in Lung Cancer.,https://pubmed.ncbi.nlm.nih.gov/41369416/,"BACKGROUND: Lung cancer (LC) is a leading cause of cancer mortality worldwide. While radiotherapy (RT) has been a lasting cornerstone of LC management, there are concerns due to tumor radioresistance and unintended damage to surrounding healthy tissue. Ferroptosis is a recently described mechanism of programmed cell death which has potential to serve as a complementary adjunct to facilitate RT-based LC treatment. OBJECTIVES: This review is a comprehensive overview of ferroptosis in the broader context of synergism with RT for LC. SUMMARY: Ferroptosis is essentially driven by intracellular iron overload, which drives the formation of reactive oxygen species, ultimately resulting in membrane instability and cell death. LC lines have been shown to exhibit a heterogeneous mix of pro- and anti-ferroptotic changes. RT shows promise as a potential ferroptosis inducer, especially when complemented with pharmacologic agents such as erastin. CONCLUSIONS: Ferroptosis represents a promising modern adjunct to a traditional therapeutic strategy. Future work should focus on rigorous dosage standards to avoid unintended toxicity, repurposing of currently available drugs into ferroptosis inducers, and establishment of safety protocols to begin the pathway towards clinical studies.",Available,"This research looks at lung cancer and a new way to help kill cancer cells called ferroptosis (Abstract, sentence 1). We need this study because lung cancer causes many deaths, and current use of strong x‑ray treatment, called radiation, can hurt healthy cells and may not fully kill the tumor (Abstract, sentence 1). This work may help people with lung cancer who get radiation as part of their care (Abstract, sentence 2). The writers of this paper read and summed up many past lab and animal studies on ferroptosis and how it may work with radiation in lung cancer (Abstract, sentence 4). Ferroptosis is a type of cell death that happens when iron builds up inside a cell and makes harmful forms of oxygen that break the cell wall (Abstract, sentence 5). They found that lung cancer cells can show both signs that make ferroptosis more likely and signs that block it (Abstract, sentence 6). They also found that radiation can help start ferroptosis, and some drugs, such as erastin, may make this effect stronger (Abstract, sentence 7). The writers say ferroptosis could be a new add‑on to standard radiation for lung cancer, but it is not ready for use in people yet (Abstract, sentence 8). They note that future work must set safe dose rules, test old drugs in new ways, and build safety plans before any patient trials can start (Abstract, sentence 9).","This research looks at a new way to help treat lung cancer with radiation. (Abstract, para. 1)Lung cancer causes many deaths, and about 4 in 10 people with lung cancer get radiation. (Introduction, para. 1)But tumors can learn to resist this care, and nearby healthy lung can also be hurt. (Introduction, para. 1)The study reviews a type of cell death called ferroptosis, which happens when iron inside a cell builds up and harms the cell’s outer skin. (Abstract, para. 1)Radiation can raise this kind of damage in cancer cells and may push them toward ferroptosis. (Introduction, para. 3)The writers looked at many lab and animal studies that mix radiation with drugs that trigger ferroptosis. (Introduction, para. 5)In lung cancer models, drugs like erastin, sorafenib, and others helped radiation kill more tumor cells, even ones that had become hard to treat. (Body, para. 12)But they also found that the same process can harm normal lung and other organs, which may cause side effects. (Introduction, para. 4)This work matters because it points to a new way to make radiation work better while warning that safety must be tested with care. (Discussion, para. 1)The authors say more animal work and then human trials are needed before this can be used in the clinic. (Discussion, para. 4)","This research looks at a new way to help treat lung cancer with radiation. Lung cancer causes many deaths, and about 4 in 10 people with lung cancer get radiation. But tumors can learn to resist this care, and nearby healthy lung can also be hurt. The study reviews a type of cell death called ferroptosis, which happens when iron inside a cell builds up and harms the cell’s outer skin. Radiation can raise this kind of damage in cancer cells and may push them toward ferroptosis. The writers looked at many lab and animal studies that mix radiation with drugs that trigger ferroptosis. In lung cancer models, drugs like erastin, sorafenib, and others helped radiation kill more tumor cells, even ones that had become hard to treat. But they also found that the same process can harm normal lung and other organs, which may cause side effects. This work matters because it points to a new way to make radiation work better while warning that safety must be tested with care. The authors say more animal work and then human trials are needed before this can be used in the clinic.","This research looks at a new way to help treat lung cancer with radiation. Lung cancer causes many deaths, and about 4 in 10 people with lung cancer get radiation. But tumors can learn to resist this care, and nearby healthy lung can also be hurt. The study reviews a type of cell death called ferroptosis, which happens when iron inside a cell builds up and harms the cell’s outer skin. Radiation can raise this kind of damage in cancer cells and may push them toward ferroptosis. The writers looked at many lab and animal studies that mix radiation with drugs that trigger ferroptosis. In lung cancer models, drugs like erastin, sorafenib, and others helped radiation kill more tumor cells, even ones that had become hard to treat. But they also found that the same process can harm normal lung and other organs, which may cause side effects. This work matters because it points to a new way to make radiation work better while warning that safety must be tested with care. The authors say more animal work and then human trials are needed before this can be used in the clinic.","This research looks at a new way to help treat lung cancer with radiation. [E1]  

Lung cancer causes many deaths, and about 4 in 10 people with lung cancer get radiation. [E2] But tumors can learn to resist this care, and nearby healthy lung can also be hurt. [E2]  

The study reviews a type of cell death called ferroptosis, which happens when iron inside a cell builds up and harms the cell’s outer skin. [E1] Radiation can raise this kind of damage in cancer cells and may push them toward ferroptosis. [E4]  

The writers looked at many lab and animal studies that mix radiation with drugs that trigger ferroptosis. [E6] In lung cancer models, drugs like erastin, sorafenib, and others helped radiation kill more tumor cells, even ones that had become hard to treat. [E18] But they also found that the same process can harm normal lung and other organs, which may cause side effects. [E5]  

This work matters because it points to a new way to make radiation work better while warning that safety must be tested with care. [E46] The authors say more animal work and then human trials are needed before this can be used in the clinic. [E49]",10,"E1, E2, E4, E6, E18, E5, E46, E49",,49,49,0.5967438504244814,61.17222222222226,11.213758865248227,66.61575000000002,8.737583333333333,0.9,1.0,0.3461538461538851,0.632,9.994966539143718,9.120678840339163,12.486997635933808,9.555
