pmid,Title,Link,Abstract,FullText_Availability,Abstract_Summary,Full_Text_Summary_With_In_Text_Citations,Full_Text_Summary_Without_Citations,Full_Text_Summary,Raw_Summary_With_Evidence_IDs,Number_of_In_Text_Citations_Found,Used_Evidence_IDs,Invalid_Evidence_IDs,Source_Evidence_Blocks_Sent_To_GPT,Total_Source_Paragraphs,Abstract_vs_FullText_Similarity,Abstract_Flesch_Reading_Ease,Abstract_Flesch_Kincaid_Grade,FullText_Flesch_Reading_Ease,FullText_Flesch_Kincaid_Grade,Abstract_RAGAS_Faithfulness,FullText_RAGAS_Faithfulness,Abstract_RAGAS_Summarization_Score,FullText_RAGAS_Summarization_Score,Abstract_SMOG_Index,FullText_SMOG_Index,Abstract_Gunning_Fog_Score,FullText_Gunning_Fog_Score
15822487,Lung cancer.,https://pubmed.ncbi.nlm.nih.gov/15822487/,"Lung cancer is the leading cause of cancer-related mortality. Since tobacco smoking is the cause in vast majority of cases, the incidence of lung cancer is expected to rise in those countries with high or rising incidence of tobacco smoking. Even though populations at risk of developing lung cancer are easily identified, mass screening for lung cancer is not supported by currently available evidence. In the case of non-small cell lung cancer, a cure may be possible with surgical resection followed by post-operative chemotherapy in those diagnosed at an early stage. A small minority of patients who present with locally advanced disease may also benefit from pre-operative chemotherapy and/or radiation therapy to down stage the tumor to render it potentially operable. In a vast majority of patients, however, lung cancer presents at an advanced stage and a cure is not possible with currently available therapeutic strategies. Similarly, small cell lung cancer confined to one hemi-thorax may be curable with a combination of chemotherapy and thoracic irradiation followed by prophylactic cranial irradiation, if complete remission is achieved at the primary site. Small cell lung cancer that is spread beyond the confines of one hemi-thorax is, however, considered incurable. In this era of molecular targeted therapies, new agents are constantly undergoing pre-clinical and clinical testing with the aim of targeting the molecular pathways thought be involved in etiology and pathogenesis of lung cancer.",Available,"This research looks at lung cancer, which is the top cause of death from cancer (Abstract, sentence 1). We need this study because most lung cancer links to smoking, and smoking rates are still high or rising in many places (Abstract, sentence 2). You may care about this if you smoke now, used to smoke, or live with someone who smokes (Abstract, sentence 2). The team looked at how lung cancer is found and treated at different stages (Abstract, sentence 3). They also looked at two main types of lung cancer and how well people do with each type (Abstract, sentence 4). They found that even though we can tell who is at high risk, we do not yet have proof that lung scans for all high risk people help more than they harm (Abstract, sentence 3). When doctors find non small cell lung cancer early, surgery plus drug treatment after surgery can sometimes cure it (Abstract, sentence 4). A few people with lung cancer that has grown nearby may gain from drug treatment and beam treatment before surgery (Abstract, sentence 5). But most people learn they have lung cancer when it is already far spread, and cure is not possible with today’s care (Abstract, sentence 6). New “targeted” drugs that act on key cell paths are now in lab and human tests and may give more options in the future (Abstract, sentence 9).","This research looks at lung cancer, which is the top cause of death from cancer in the world (Abstract, para. 1). It explains what raises your risk, how doctors find the disease, and what treatments can and cannot do (Abstract, para. 1). We need this study because lung cancer is very common and often deadly, and many people smoke or breathe in smoke from others (Body, para. 1). This can help people who smoke now, used to smoke, or live with smokers (Body, para. 3). The writers used health records and past trials to look at how smoking, genes, food, and other things link to lung cancer, and how surgery, drugs, and radiation work at each stage of the disease (Body, para. 2). They found that 90–95% of lung cancer cases come from active smoking, and some from second hand smoke (Body, para. 3). Only about 10% of smokers get lung cancer, so other body factors also matter (Body, para. 6). When lung cancer is found early and removed by surgery, about 60% of people live at least five years, but overall only about 14% do so (Body, para. 12). New drug mixes and “target” drugs can add a few months of life and ease symptoms for some people with advanced disease (Body, para. 25). These findings show that not smoking, early checks in high‑risk people, and careful use of surgery, drugs, and radiation can help you live longer and feel better with lung cancer (Body, para. 13).","This research looks at lung cancer, which is the top cause of death from cancer in the world. It explains what raises your risk, how doctors find the disease, and what treatments can and cannot do. We need this study because lung cancer is very common and often deadly, and many people smoke or breathe in smoke from others. This can help people who smoke now, used to smoke, or live with smokers. The writers used health records and past trials to look at how smoking, genes, food, and other things link to lung cancer, and how surgery, drugs, and radiation work at each stage of the disease. They found that 90–95% of lung cancer cases come from active smoking, and some from second hand smoke. Only about 10% of smokers get lung cancer, so other body factors also matter. When lung cancer is found early and removed by surgery, about 60% of people live at least five years, but overall only about 14% do so. New drug mixes and “target” drugs can add a few months of life and ease symptoms for some people with advanced disease. These findings show that not smoking, early checks in high‑risk people, and careful use of surgery, drugs, and radiation can help you live longer and feel better with lung cancer.","This research looks at lung cancer, which is the top cause of death from cancer in the world. It explains what raises your risk, how doctors find the disease, and what treatments can and cannot do. We need this study because lung cancer is very common and often deadly, and many people smoke or breathe in smoke from others. This can help people who smoke now, used to smoke, or live with smokers. The writers used health records and past trials to look at how smoking, genes, food, and other things link to lung cancer, and how surgery, drugs, and radiation work at each stage of the disease. They found that 90–95% of lung cancer cases come from active smoking, and some from second hand smoke. Only about 10% of smokers get lung cancer, so other body factors also matter. When lung cancer is found early and removed by surgery, about 60% of people live at least five years, but overall only about 14% do so. New drug mixes and “target” drugs can add a few months of life and ease symptoms for some people with advanced disease. These findings show that not smoking, early checks in high‑risk people, and careful use of surgery, drugs, and radiation can help you live longer and feel better with lung cancer.","This research looks at lung cancer, which is the top cause of death from cancer in the world [E1]. It explains what raises your risk, how doctors find the disease, and what treatments can and cannot do [E1].  

We need this study because lung cancer is very common and often deadly, and many people smoke or breathe in smoke from others [E2]. This can help people who smoke now, used to smoke, or live with smokers [E4].  

The writers used health records and past trials to look at how smoking, genes, food, and other things link to lung cancer, and how surgery, drugs, and radiation work at each stage of the disease [E3].  

They found that 90–95% of lung cancer cases come from active smoking, and some from second hand smoke [E4]. Only about 10% of smokers get lung cancer, so other body factors also matter [E7]. When lung cancer is found early and removed by surgery, about 60% of people live at least five years, but overall only about 14% do so [E13]. New drug mixes and “target” drugs can add a few months of life and ease symptoms for some people with advanced disease [E26].  

These findings show that not smoking, early checks in high‑risk people, and careful use of surgery, drugs, and radiation can help you live longer and feel better with lung cancer [E14].",10,"E1, E2, E4, E3, E7, E13, E26, E14",,39,39,0.499034952,72.09169231,9.017196581,69.83827523,8.934018349,1,0.96875,0.483377367,0.636083333,7.90872645,7.554174237,10.04376068,9.820917431
28061470,Lung cancer and chronic obstructive pulmonary disease: From a clinical perspective.,https://pubmed.ncbi.nlm.nih.gov/28061470/,"Chronic obstructive pulmonary disease (COPD) and lung cancer are devastating pulmonary diseases that commonly coexist and present a number of clinical challenges. COPD confers a higher risk for lung cancer development, but available chemopreventive measures remain rudimentary. Current studies have shown a marked benefit of cancer screening in the COPD population, although challenges remain, including the common underdiagnosis of COPD. COPD-associated lung cancer presents distinct clinical features. Treatment for lung cancer coexisting with COPD is challenging as COPD may increase postoperative morbidities and decrease survival. In this review, we outline current progress in the understanding of the clinical association between COPD and lung cancer, and suggest possible cancer prevention strategies in this patient population.",Available,"This research looks at how a long-term lung disease called COPD and lung cancer often happen in the same person, and what that means for care and prevention (Abstract, sentence 1). We need this study because people with COPD have a higher chance of getting lung cancer, but we still have only simple and limited ways to try to stop cancer from starting (Abstract, sentence 2). This work may help people who already have COPD, people at high risk for lung cancer, and the doctors who care for them (Abstract, sentence 1). The team read and summed up many past studies to learn how COPD and lung cancer are linked, how we can find cancer early, and how we might prevent it (Abstract, sentence 6). They found that cancer checks, such as lung scans, can help people with COPD, but many people with COPD are never told they have it, so they may miss these checks (Abstract, sentence 3). They also found that lung cancer in people with COPD can look and act in special ways and can be harder to treat, with more problems after surgery and lower chance of long life (Abstract, sentence 4). The study points to new ideas to prevent cancer in people with COPD and to plan care that fits their special needs (Abstract, sentence 5). In the future, this may guide better screening and safer treatment plans for you if you live with COPD (Abstract, sentence 6).","This research looks at how a long-term lung disease called COPD and lung cancer are linked, and what that means for care and prevention (Abstract, para. 1). We need this study because many people have both COPD and lung cancer, and this makes care harder and may lower how long they live (Abstract, para. 1). It may help you if you have COPD, smoke now, used to smoke, or care for someone with these problems (Body, para. 1). The team read many past studies to see how often COPD and lung cancer occur together, how to find cancer early, and how to treat it when both diseases are present (Body, para. 2). They also looked at ways to prevent cancer, like quitting smoking and some lung drugs (Methods, para. 1). They found that people with COPD have a higher risk of lung cancer, and the risk is highest when both blocked air flow and lung damage are present (Body, para. 4). Quitting smoking cut lung cancer risk by about half in one long study (Methods, para. 1). Low-dose chest scans can find more early lung cancers in people with COPD and may lower deaths, but screening has limits and risks (Body, para. 5). These results suggest that better COPD diagnosis, strong help to quit smoking, and careful use of lung scans could improve care and outcomes for people with COPD (Body, para. 23).","This research looks at how a long-term lung disease called COPD and lung cancer are linked, and what that means for care and prevention. We need this study because many people have both COPD and lung cancer, and this makes care harder and may lower how long they live. It may help you if you have COPD, smoke now, used to smoke, or care for someone with these problems. The team read many past studies to see how often COPD and lung cancer occur together, how to find cancer early, and how to treat it when both diseases are present. They also looked at ways to prevent cancer, like quitting smoking and some lung drugs. They found that people with COPD have a higher risk of lung cancer, and the risk is highest when both blocked air flow and lung damage are present. Quitting smoking cut lung cancer risk by about half in one long study. Low-dose chest scans can find more early lung cancers in people with COPD and may lower deaths, but screening has limits and risks. These results suggest that better COPD diagnosis, strong help to quit smoking, and careful use of lung scans could improve care and outcomes for people with COPD.","This research looks at how a long-term lung disease called COPD and lung cancer are linked, and what that means for care and prevention. We need this study because many people have both COPD and lung cancer, and this makes care harder and may lower how long they live. It may help you if you have COPD, smoke now, used to smoke, or care for someone with these problems. The team read many past studies to see how often COPD and lung cancer occur together, how to find cancer early, and how to treat it when both diseases are present. They also looked at ways to prevent cancer, like quitting smoking and some lung drugs. They found that people with COPD have a higher risk of lung cancer, and the risk is highest when both blocked air flow and lung damage are present. Quitting smoking cut lung cancer risk by about half in one long study. Low-dose chest scans can find more early lung cancers in people with COPD and may lower deaths, but screening has limits and risks. These results suggest that better COPD diagnosis, strong help to quit smoking, and careful use of lung scans could improve care and outcomes for people with COPD.","This research looks at how a long-term lung disease called COPD and lung cancer are linked, and what that means for care and prevention [E1].  

We need this study because many people have both COPD and lung cancer, and this makes care harder and may lower how long they live [E1]. It may help you if you have COPD, smoke now, used to smoke, or care for someone with these problems [E2].  

The team read many past studies to see how often COPD and lung cancer occur together, how to find cancer early, and how to treat it when both diseases are present [E3]. They also looked at ways to prevent cancer, like quitting smoking and some lung drugs [E6].  

They found that people with COPD have a higher risk of lung cancer, and the risk is highest when both blocked air flow and lung damage are present [E5]. Quitting smoking cut lung cancer risk by about half in one long study [E6]. Low-dose chest scans can find more early lung cancers in people with COPD and may lower deaths, but screening has limits and risks [E9].  

These results suggest that better COPD diagnosis, strong help to quit smoking, and careful use of lung scans could improve care and outcomes for people with COPD [E27].",9,"E1, E2, E3, E6, E5, E9, E27",,27,27,0.706162594,64.94511574,11.74678498,73.95132147,8.630841424,0.666666667,1,0.458333333,0.629806973,7.645422481,6.937597517,12.80843621,9.738079827
28615068,Quantitative proteomics in lung cancer.,https://pubmed.ncbi.nlm.nih.gov/28615068/,"Lung cancer is the most common cause of cancer-related death worldwide, less than 7% of patients survive 10 years following diagnosis across all stages of lung cancer. Late stage of diagnosis and lack of effective and personalized medicine reflect the need for a better understanding of the mechanisms that underlie lung cancer progression. Quantitative proteomics provides the relative different protein abundance in normal and cancer patients which offers the information for molecular interactions, signaling pathways, and biomarker identification. Here we introduce both theoretical and practical applications in the use of quantitative proteomics approaches, with principles of current technologies and methodologies including gel-based, label free, stable isotope labeling as well as targeted proteomics. Predictive markers of drug resistance, candidate biomarkers for diagnosis, and prognostic markers in lung cancer have also been discovered and analyzed by quantitative proteomic analysis. Moreover, construction of protein networks enables to provide an opportunity to interpret disease pathway and improve our understanding in cancer therapeutic strategies, allowing the discovery of molecular markers and new therapeutic targets for lung cancer.",Available,"This research looks at lung cancer, which is the top cause of cancer death in the world (Abstract, sentence 1). Less than 7 out of 100 people with lung cancer are still alive 10 years after they learn they have it (Abstract, sentence 1). We need better ways to find lung cancer early and to choose the right drug for each person (Abstract, sentence 2). In this study, the team used a lab method that can measure many proteins, which are tiny parts in your cells that do work, in both healthy and cancer lung samples (Abstract, sentence 3). By seeing which proteins go up or down, they can learn how lung cancer grows and spreads (Abstract, sentence 3). The team explains several lab tools that can do this, such as gel tests, label free tests, and other ways to track proteins (Abstract, sentence 4). Using these tools, they found signs in the blood or tissue that may help tell who has lung cancer, how the cancer may act, and who may not respond well to some drugs (Abstract, sentence 5). They also built maps of how proteins link to each other to see which paths in the cell may be good targets for new drugs (Abstract, sentence 6). In the future, this kind of work may help doctors pick better tests and drug plans for people with lung cancer (Abstract, sentence 5).","This research looks at lung cancer and a lab method called “quantitative proteomics,” which means we measure many proteins in the body at once (Abstract, para. 1). Lung cancer causes about 27% of all cancer deaths, and fewer than 7 out of 100 people are alive 10 years after they learn they have it (Abstract, para. 1). We need better ways to find lung cancer early and to choose the right drug for each person (Introduction, para. 1). In this work, teams used several lab tools to compare proteins in cancer and normal samples, such as gels, special labels, and label‑free tests (Body, para. 1). They also used math and computer tools to build “protein maps” that show how proteins link and talk to each other (Body, para. 17). From these tests, they found many protein “markers” in lung tissue, blood, urine, and lung fluid that may help tell cancer from non‑cancer and early from late stage (Body, para. 8). Some markers may also warn when a tumor will resist a drug, such as paclitaxel (Body, para. 12). These findings may help doctors one day use simple lab tests on blood or other body fluids to spot lung cancer sooner and to pick drugs that are more likely to work for you (Body, para. 11).","This research looks at lung cancer and a lab method called “quantitative proteomics,” which means we measure many proteins in the body at once. Lung cancer causes about 27% of all cancer deaths, and fewer than 7 out of 100 people are alive 10 years after they learn they have it. We need better ways to find lung cancer early and to choose the right drug for each person. In this work, teams used several lab tools to compare proteins in cancer and normal samples, such as gels, special labels, and label‑free tests. They also used math and computer tools to build “protein maps” that show how proteins link and talk to each other. From these tests, they found many protein “markers” in lung tissue, blood, urine, and lung fluid that may help tell cancer from non‑cancer and early from late stage. Some markers may also warn when a tumor will resist a drug, such as paclitaxel. These findings may help doctors one day use simple lab tests on blood or other body fluids to spot lung cancer sooner and to pick drugs that are more likely to work for you.","This research looks at lung cancer and a lab method called “quantitative proteomics,” which means we measure many proteins in the body at once. Lung cancer causes about 27% of all cancer deaths, and fewer than 7 out of 100 people are alive 10 years after they learn they have it. We need better ways to find lung cancer early and to choose the right drug for each person. In this work, teams used several lab tools to compare proteins in cancer and normal samples, such as gels, special labels, and label‑free tests. They also used math and computer tools to build “protein maps” that show how proteins link and talk to each other. From these tests, they found many protein “markers” in lung tissue, blood, urine, and lung fluid that may help tell cancer from non‑cancer and early from late stage. Some markers may also warn when a tumor will resist a drug, such as paclitaxel. These findings may help doctors one day use simple lab tests on blood or other body fluids to spot lung cancer sooner and to pick drugs that are more likely to work for you.","This research looks at lung cancer and a lab method called “quantitative proteomics,” which means we measure many proteins in the body at once [E1]. Lung cancer causes about 27% of all cancer deaths, and fewer than 7 out of 100 people are alive 10 years after they learn they have it [E1]. We need better ways to find lung cancer early and to choose the right drug for each person [E2].

In this work, teams used several lab tools to compare proteins in cancer and normal samples, such as gels, special labels, and label‑free tests [E4]. They also used math and computer tools to build “protein maps” that show how proteins link and talk to each other [E20].

From these tests, they found many protein “markers” in lung tissue, blood, urine, and lung fluid that may help tell cancer from non‑cancer and early from late stage [E11]. Some markers may also warn when a tumor will resist a drug, such as paclitaxel [E15].

These findings may help doctors one day use simple lab tests on blood or other body fluids to spot lung cancer sooner and to pick drugs that are more likely to work for you [E14].",8,"E1, E2, E4, E20, E11, E15, E14",,27,27,0.587590208,74.17237005,9.345293276,69.65423102,9.475176702,0.947368421,1,0.166666667,0.535114912,3.1291,7.16862163,10.35555556,10.38769634
30935143,The Roles of MicroRNA in Lung Cancer.,https://pubmed.ncbi.nlm.nih.gov/30935143/,"Lung cancer is the most devastating malignancy in the world. Beyond genetic research, epigenomic studies-especially investigations of microRNAs-have grown rapidly in quantity and quality in the past decade. This has enriched our understanding about basic cancer biology and lit up the opportunities for potential therapeutic development. In this review, we summarize the involvement of microRNAs in lung cancer carcinogenesis and behavior, by illustrating the relationship to each cancer hallmark capability, and in addition, we briefly describe the clinical applications of microRNAs in lung cancer diagnosis and prognosis. Finally, we discuss the potential therapeutic use of microRNAs in lung cancer.",Available,"This research paper looks at lung cancer and tiny gene control parts called microRNAs that can turn other genes on or off (Abstract, sentence 1). Lung cancer causes many deaths, so we need new ways to find it early and treat it better (Abstract, sentence 1). The writers of this paper read and summed up many past lab and clinic studies on microRNAs in lung cancer (Abstract, sentence 4). They looked at how these tiny parts link to key steps that let lung cancer start, grow, and spread in the body (Abstract, sentence 4). They also looked at how microRNAs have become a fast‑growing area of study in cancer over the last ten years (Abstract, sentence 2). From these studies, they found that microRNAs can help us better understand how lung cancer works and may point to new drug ideas (Abstract, sentence 3). The paper explains how microRNAs might help doctors tell who has lung cancer, how the disease may act, and what the outlook may be (Abstract, sentence 4). The writers also talk about how, in the future, microRNAs might be used as a new kind of treatment for lung cancer, but this still needs more study and testing in people (Abstract, sentence 5).","This research looks at tiny gene control switches, called microRNAs, and how they link to lung cancer (Abstract, para. 1). We need this work because lung cancer is the top cause of cancer death, and many people are still found at a late stage, when cure is hard (Introduction, para. 1). Better tests and new ways to treat lung cancer could help many patients and families (Introduction, para. 1). The writers read many lab and patient studies to see how these small switches affect lung cancer growth, spread, blood supply, and how cancer cells escape the immune system (Abstract, para. 1). They also looked at how microRNAs may help doctors tell lung cancer types apart and predict how well treatment will work (Body, para. 27). They found that some microRNAs slow cancer cell growth, while others help cancer grow and spread (Body, para. 1). Sets of microRNAs in blood can find lung cancer with about 75–87% accuracy in high‑risk people (Body, para. 33). Some early drug tests that add or block certain microRNAs in lung cancer models look promising, but one early trial in people had serious immune side effects and was stopped (Body, para. 47). These findings suggest microRNA blood tests may one day help with lung cancer screening and typing, but microRNA‑based drugs still need more careful study before they can be used safely in routine care (Body, para. 49).","This research looks at tiny gene control switches, called microRNAs, and how they link to lung cancer. We need this work because lung cancer is the top cause of cancer death, and many people are still found at a late stage, when cure is hard. Better tests and new ways to treat lung cancer could help many patients and families. The writers read many lab and patient studies to see how these small switches affect lung cancer growth, spread, blood supply, and how cancer cells escape the immune system. They also looked at how microRNAs may help doctors tell lung cancer types apart and predict how well treatment will work. They found that some microRNAs slow cancer cell growth, while others help cancer grow and spread. Sets of microRNAs in blood can find lung cancer with about 75–87% accuracy in high‑risk people. Some early drug tests that add or block certain microRNAs in lung cancer models look promising, but one early trial in people had serious immune side effects and was stopped. These findings suggest microRNA blood tests may one day help with lung cancer screening and typing, but microRNA‑based drugs still need more careful study before they can be used safely in routine care.","This research looks at tiny gene control switches, called microRNAs, and how they link to lung cancer. We need this work because lung cancer is the top cause of cancer death, and many people are still found at a late stage, when cure is hard. Better tests and new ways to treat lung cancer could help many patients and families. The writers read many lab and patient studies to see how these small switches affect lung cancer growth, spread, blood supply, and how cancer cells escape the immune system. They also looked at how microRNAs may help doctors tell lung cancer types apart and predict how well treatment will work. They found that some microRNAs slow cancer cell growth, while others help cancer grow and spread. Sets of microRNAs in blood can find lung cancer with about 75–87% accuracy in high‑risk people. Some early drug tests that add or block certain microRNAs in lung cancer models look promising, but one early trial in people had serious immune side effects and was stopped. These findings suggest microRNA blood tests may one day help with lung cancer screening and typing, but microRNA‑based drugs still need more careful study before they can be used safely in routine care.","This research looks at tiny gene control switches, called microRNAs, and how they link to lung cancer [E1].  

We need this work because lung cancer is the top cause of cancer death, and many people are still found at a late stage, when cure is hard [E2]. Better tests and new ways to treat lung cancer could help many patients and families [E2].  

The writers read many lab and patient studies to see how these small switches affect lung cancer growth, spread, blood supply, and how cancer cells escape the immune system [E1]. They also looked at how microRNAs may help doctors tell lung cancer types apart and predict how well treatment will work [E32].  

They found that some microRNAs slow cancer cell growth, while others help cancer grow and spread [E6]. Sets of microRNAs in blood can find lung cancer with about 75–87% accuracy in high‑risk people [E38]. Some early drug tests that add or block certain microRNAs in lung cancer models look promising, but one early trial in people had serious immune side effects and was stopped [E52].  

These findings suggest microRNA blood tests may one day help with lung cancer screening and typing, but microRNA‑based drugs still need more careful study before they can be used safely in routine care [E54].",9,"E1, E2, E32, E6, E38, E52, E54",,58,58,0.576151241,63.62367378,10.75106707,65.68823848,9.755772358,0.411764706,1,0.142857143,0.480066667,9.516144504,9.444778639,12.00609756,11.25745257
31963413,Immunosurveillance and Immunoediting of Lung Cancer: Current Perspectives and Challenges.,https://pubmed.ncbi.nlm.nih.gov/31963413/,"The immune system plays a dual role in tumor evolution-it can identify and control nascent tumor cells in a process called immunosurveillance and can promote tumor progression through immunosuppression via various mechanisms. Thus, bilateral host-protective and tumor-promoting actions of immunity are integrated as cancer immunoediting. In this decade, immune checkpoint inhibitors, specifically programmed cell death 1 (PD-1) pathway inhibitors, have changed the treatment paradigm of advanced non-small cell lung cancer (NSCLC). These agents are approved for the treatment of patients with NSCLC and demonstrate impressive clinical activity and durable responses in some patients. However, for many NSCLC patients, the efficacy of immune checkpoint inhibitors is limited. To optimize the full utility of the immune system for eradicating cancer, a broader understanding of cancer immunosurveillance and immunoediting is essential. In this review, we discuss the fundamental knowledge of the phenomena and provide an overview of the next-generation immunotherapies in the pipeline.",Available,"This research looks at how your own defense system can both fight and help lung cancer, and how new drugs use this system. (Abstract, sentence 1)We need this study because some people with a common type of lung cancer, called non‑small cell lung cancer, now live longer with new immune drugs, but many others do not get much help. (Abstract, sentence 3)These people and their families may gain from better use of the body’s defense system. (Abstract, sentence 6)The writers of this paper read and summed up many past studies on how the body spots and fights early cancer cells, and how cancer can hide from or weaken this defense. (Abstract, sentence 1)They also looked at new drug ideas that aim to guide this defense system in a smarter way. (Abstract, sentence 7)They note that drugs that block “checkpoints” on defense cells, such as PD‑1 blockers, have changed care for people with advanced non‑small cell lung cancer. (Abstract, sentence 3)These drugs are now approved and can give strong and long‑lasting tumor control in some people. (Abstract, sentence 4)But for many people with this lung cancer, these drugs do not work well enough. (Abstract, sentence 5)The authors say we must better grasp how the body both guards against and, at times, helps cancer grow, to design the next wave of immune‑based drugs. (Abstract, sentence 2)New treatments now in testing may one day give more people a chance for longer and better life. (Abstract, sentence 7)","This research looks at how your own defense system, called the immune system, can both fight cancer and, at times, let it grow (Abstract, para. 1). We need this study because new drugs that “take the brakes off” the immune system help some people with lung cancer live longer, but many people still do not get better or the cancer comes back (Abstract, para. 1)(Methods, para. 8). The writers of this paper read and summed up many lab and patient studies on how immune cells see cancer, how cancer hides, and how new drugs try to fix this (Abstract, para. 1). They explain that cancer cells can change so your immune cells no longer see them, or can call in “helper” cells that shut down an attack (Body, para. 8)(Body, para. 22). They also show that drugs called immune checkpoint blockers, like those aimed at PD‑1 or PD‑L1, can double how long some lung cancer patients live compared with standard chemo (Methods, para. 4)(Methods, para. 5). The study says future care may mix several immune drugs, cancer vaccines, or cell therapies to restart each step of the body’s cancer‑fighting cycle in a safer, stronger way (Body, para. 29)(Conclusion, para. 1). This may give more patients a chance at longer control of their cancer, but more work is still needed (Conclusion, para. 1).","This research looks at how your own defense system, called the immune system, can both fight cancer and, at times, let it grow. We need this study because new drugs that “take the brakes off” the immune system help some people with lung cancer live longer, but many people still do not get better or the cancer comes back. The writers of this paper read and summed up many lab and patient studies on how immune cells see cancer, how cancer hides, and how new drugs try to fix this. They explain that cancer cells can change so your immune cells no longer see them, or can call in “helper” cells that shut down an attack. They also show that drugs called immune checkpoint blockers, like those aimed at PD‑1 or PD‑L1, can double how long some lung cancer patients live compared with standard chemo. The study says future care may mix several immune drugs, cancer vaccines, or cell therapies to restart each step of the body’s cancer‑fighting cycle in a safer, stronger way. This may give more patients a chance at longer control of their cancer, but more work is still needed.","This research looks at how your own defense system, called the immune system, can both fight cancer and, at times, let it grow. We need this study because new drugs that “take the brakes off” the immune system help some people with lung cancer live longer, but many people still do not get better or the cancer comes back. The writers of this paper read and summed up many lab and patient studies on how immune cells see cancer, how cancer hides, and how new drugs try to fix this. They explain that cancer cells can change so your immune cells no longer see them, or can call in “helper” cells that shut down an attack. They also show that drugs called immune checkpoint blockers, like those aimed at PD‑1 or PD‑L1, can double how long some lung cancer patients live compared with standard chemo. The study says future care may mix several immune drugs, cancer vaccines, or cell therapies to restart each step of the body’s cancer‑fighting cycle in a safer, stronger way. This may give more patients a chance at longer control of their cancer, but more work is still needed.","This research looks at how your own defense system, called the immune system, can both fight cancer and, at times, let it grow [E1].  

We need this study because new drugs that “take the brakes off” the immune system help some people with lung cancer live longer, but many people still do not get better or the cancer comes back [E1][E40].  

The writers of this paper read and summed up many lab and patient studies on how immune cells see cancer, how cancer hides, and how new drugs try to fix this [E1]. They explain that cancer cells can change so your immune cells no longer see them, or can call in “helper” cells that shut down an attack [E10][E24]. They also show that drugs called immune checkpoint blockers, like those aimed at PD‑1 or PD‑L1, can double how long some lung cancer patients live compared with standard chemo [E36][E37].  

The study says future care may mix several immune drugs, cancer vaccines, or cell therapies to restart each step of the body’s cancer‑fighting cycle in a safer, stronger way [E31][E58]. This may give more patients a chance at longer control of their cancer, but more work is still needed [E58].",11,"E1, E40, E10, E24, E36, E37, E31, E58",,58,58,0.556003636,68.86225782,9.165007452,67.5111399,10.69239082,0.714285714,1,0.409090909,0.482083333,6.980632753,6.182691328,9.692399404,11.4430792
31999917,Lung Cancer Staging and Associated Genetic and Epigenetic Events.,https://pubmed.ncbi.nlm.nih.gov/31999917/,"The first step in treating lung cancer is to establish the stage of the disease, which in turn determines the treatment options and prognosis of the patient. Many factors are involved in lung cancer staging, but all involve anatomical information. However, new approaches, mainly those based on the molecular biology of cancer, have recently changed the paradigm for lung cancer treatment and have not yet been incorporated into staging. In a group of patients of the same stage who receive the same treatment, some may experience unexpected recurrence or metastasis, largely because current staging methods do not reflect the findings of molecular biological studies. In this review, we provide a brief summary of the latest research on lung cancer staging and the molecular events associated with carcinogenesis. We hope that this paper will serve as a bridge between clinicians and basic researchers and aid in our understanding of lung cancer.",Available,"This research paper looks at how we sort lung cancer into stages and how new lab tests may help us do this better (Abstract, sentence 1). Today, we use stage to pick treatment and to guess how the cancer may act over time (Abstract, sentence 1). But the stage system now is based mainly on what the tumor looks like in the body, such as its size and where it has spread (Abstract, sentence 2). People with the same stage who get the same care can still have very different outcomes, like the cancer coming back or spreading, which means the current system is not enough (Abstract, sentence 4). New lab work can look at tiny changes in cancer cells, such as gene changes, that can guide new drugs and other care, but these tests are not yet part of the stage system (Abstract, sentence 3). In this paper, the writers review recent work on lung cancer staging and on these cell changes that lead to cancer (Abstract, sentence 5). They want to help lab experts and doctors talk and plan better so we can better understand lung cancer (Abstract, sentence 6). In the future, this kind of work may help doctors match stage and lab tests so you can get care that fits your own cancer more closely (Abstract, sentence 3).","This research looks at how we sort, or “stage,” lung cancer and how changes in cancer cells’ genes and gene control may improve that staging (Abstract, para. 1). Today, we stage lung cancer mainly by where the tumor is, how big it is, and whether it has spread in the body (Body, para. 1). This helps choose treatment, but people with the same stage and same care can still have very different outcomes (Abstract, para. 1). You may care about this if you or a loved one has lung cancer, because better staging could mean more tailored treatment (Body, para. 7). The authors review large staging studies and newer work on gene changes and gene “on–off” switches in lung cancer (Abstract, para. 1). They explain how the current system uses tumor size, lymph node spread, and spread to other organs, but does not include these newer lab findings (Body, para. 5). They report that certain gene changes and gene “off” marks link to better or worse survival, even in early-stage lung cancer (Body, para. 10). For example, some gene changes can mean a higher chance of spread or a shorter life span, even when the tumor is small (Body, para. 13). The authors say future lung cancer staging and treatment should use both body scans and these gene and gene-control changes to better guide care (Conclusion, para. 1).","This research looks at how we sort, or “stage,” lung cancer and how changes in cancer cells’ genes and gene control may improve that staging. Today, we stage lung cancer mainly by where the tumor is, how big it is, and whether it has spread in the body. This helps choose treatment, but people with the same stage and same care can still have very different outcomes. You may care about this if you or a loved one has lung cancer, because better staging could mean more tailored treatment. The authors review large staging studies and newer work on gene changes and gene “on–off” switches in lung cancer. They explain how the current system uses tumor size, lymph node spread, and spread to other organs, but does not include these newer lab findings. They report that certain gene changes and gene “off” marks link to better or worse survival, even in early-stage lung cancer. For example, some gene changes can mean a higher chance of spread or a shorter life span, even when the tumor is small. The authors say future lung cancer staging and treatment should use both body scans and these gene and gene-control changes to better guide care.","This research looks at how we sort, or “stage,” lung cancer and how changes in cancer cells’ genes and gene control may improve that staging. Today, we stage lung cancer mainly by where the tumor is, how big it is, and whether it has spread in the body. This helps choose treatment, but people with the same stage and same care can still have very different outcomes. You may care about this if you or a loved one has lung cancer, because better staging could mean more tailored treatment. The authors review large staging studies and newer work on gene changes and gene “on–off” switches in lung cancer. They explain how the current system uses tumor size, lymph node spread, and spread to other organs, but does not include these newer lab findings. They report that certain gene changes and gene “off” marks link to better or worse survival, even in early-stage lung cancer. For example, some gene changes can mean a higher chance of spread or a shorter life span, even when the tumor is small. The authors say future lung cancer staging and treatment should use both body scans and these gene and gene-control changes to better guide care.","This research looks at how we sort, or “stage,” lung cancer and how changes in cancer cells’ genes and gene control may improve that staging [E1].  

Today, we stage lung cancer mainly by where the tumor is, how big it is, and whether it has spread in the body [E2]. This helps choose treatment, but people with the same stage and same care can still have very different outcomes [E1]. You may care about this if you or a loved one has lung cancer, because better staging could mean more tailored treatment [E8].  

The authors review large staging studies and newer work on gene changes and gene “on–off” switches in lung cancer [E1]. They explain how the current system uses tumor size, lymph node spread, and spread to other organs, but does not include these newer lab findings [E6].  

They report that certain gene changes and gene “off” marks link to better or worse survival, even in early-stage lung cancer [E11]. For example, some gene changes can mean a higher chance of spread or a shorter life span, even when the tumor is small [E14].  

The authors say future lung cancer staging and treatment should use both body scans and these gene and gene-control changes to better guide care [E23].",9,"E1, E2, E8, E6, E11, E14, E23",,24,24,0.563542818,68.91739865,10.54060811,70.94577114,8.912039801,0.388888889,0.875,0.416666667,0.477433366,5.985473137,6.4273556,11.1,9.331343284
32117295,"Insights Into Lung Cancer Immune-Based Biology, Prevention, and Treatment.",https://pubmed.ncbi.nlm.nih.gov/32117295/,"Lung cancer is the number one cause of cancer-related deaths. The malignancy is characterized by dismal prognosis and poor clinical outcome mostly due to advanced-stage at diagnosis, thereby inflicting a heavy burden on public health worldwide. Recent breakthroughs in immunotherapy have greatly benefited a subset of lung cancer patients, and more importantly, they are undauntedly bringing forth a paradigm shift in the drugs approved for cancer treatment, by introducing ""tumor-type agnostic therapies"". Yet, and to fulfill immunotherapy's potential of personalized cancer treatment, demarcating the immune and genomic landscape of cancers at their earliest possible stages will be crucial to identify ideal targets for early treatment and to predict how a particular patient will fare with immunotherapy. Recent genomic surveys of premalignant lung cancer have shed light on early alterations in the evolution of lung cancer. More recently, the advent of immunogenomic technologies has provided prodigious opportunities to study the multidimensional landscape of lung tumors as well as their microenvironment at the molecular, genomic, and cellular resolution. In this review, we will summarize the current state of immune-based therapies for cancer, with a focus on lung malignancy, and highlight learning outcomes from clinical and preclinical studies investigating the naïve immune biology of lung cancer. The review also collates immunogenomic-based evidence from seminal reports which collectively warrant future investigations of premalignancy, the tumor-adjacent normal-appearing lung tissue, pulmonary inflammatory conditions such as chronic obstructive pulmonary disease, as well as systemic microbiome imbalance. Such future directions enable novel insights into the evolution of lung cancers and, thus, can provide a low-hanging fruit of targets for early immune-based treatment of this fatal malignancy.",Available,"This research paper looks at lung cancer and new ways to treat it with the body’s own defense system, called the immune system (Abstract, sentence 7). Lung cancer causes more deaths than any other cancer and often is found late, when it is hard to treat (Abstract, sentence 1). Because of this, many people with lung cancer have a poor outlook, and this is a big problem for public health around the world (Abstract, sentence 2). The writers of this paper read and summed up many past lab and clinic studies on lung cancer and immune based drugs (Abstract, sentence 7). Some new immune drugs already help a group of lung cancer patients and are changing which drugs doctors use for cancer care (Abstract, sentence 3). The paper explains that we need to study lung cancer very early, even before it turns into full cancer, to find good targets for early care and to guess who will gain from immune drugs (Abstract, sentence 4). New gene and immune tests now let us look closely at early lung changes, nearby “normal” lung, long term lung swell disease, and germs in the body (Abstract, sentence 5)(Abstract, sentence 6)(Abstract, sentence 8). These steps may lead to new early immune treatments that could help stop lung cancer before it grows and spreads (Abstract, sentence 9).","This research looks at how your own immune system can help find and fight lung cancer, especially in its early stages (Abstract, para. 1). Lung cancer is the top cause of cancer death, in part because we often find it late, when it is hard to treat (Abstract, para. 1). We need better ways to spot it early and to choose which new immune drugs will work best for each person (Introduction, para. 1). The writers of this paper read and summed up many past lab and patient studies on lung cancer, the immune system, and gene changes in tumors (Introduction, para. 4). They looked at how immune cells, tumor cells, and tiny germs in the body all interact as lung cancer starts and grows (Body, para. 32). They report that some immune drugs, like “checkpoint blockers,” already help some people with advanced lung cancer live longer, but many people do not respond or later relapse (Body, para. 8). Early lung and pre-cancer growths already show immune changes and gene changes that may predict who will respond to these drugs (Body, para. 44). These findings matter because they point to blood, tissue, and germ markers that may one day help doctors find lung cancer sooner and match you to the right immune treatment (Body, para. 37). In the future, immune drugs might also be used earlier, to slow or stop lung pre-cancers before they turn into full cancer (Body, para. 38).","This research looks at how your own immune system can help find and fight lung cancer, especially in its early stages. Lung cancer is the top cause of cancer death, in part because we often find it late, when it is hard to treat. We need better ways to spot it early and to choose which new immune drugs will work best for each person. The writers of this paper read and summed up many past lab and patient studies on lung cancer, the immune system, and gene changes in tumors. They looked at how immune cells, tumor cells, and tiny germs in the body all interact as lung cancer starts and grows. They report that some immune drugs, like “checkpoint blockers,” already help some people with advanced lung cancer live longer, but many people do not respond or later relapse. Early lung and pre-cancer growths already show immune changes and gene changes that may predict who will respond to these drugs. These findings matter because they point to blood, tissue, and germ markers that may one day help doctors find lung cancer sooner and match you to the right immune treatment. In the future, immune drugs might also be used earlier, to slow or stop lung pre-cancers before they turn into full cancer.","This research looks at how your own immune system can help find and fight lung cancer, especially in its early stages. Lung cancer is the top cause of cancer death, in part because we often find it late, when it is hard to treat. We need better ways to spot it early and to choose which new immune drugs will work best for each person. The writers of this paper read and summed up many past lab and patient studies on lung cancer, the immune system, and gene changes in tumors. They looked at how immune cells, tumor cells, and tiny germs in the body all interact as lung cancer starts and grows. They report that some immune drugs, like “checkpoint blockers,” already help some people with advanced lung cancer live longer, but many people do not respond or later relapse. Early lung and pre-cancer growths already show immune changes and gene changes that may predict who will respond to these drugs. These findings matter because they point to blood, tissue, and germ markers that may one day help doctors find lung cancer sooner and match you to the right immune treatment. In the future, immune drugs might also be used earlier, to slow or stop lung pre-cancers before they turn into full cancer.","This research looks at how your own immune system can help find and fight lung cancer, especially in its early stages [E1].  

Lung cancer is the top cause of cancer death, in part because we often find it late, when it is hard to treat [E1]. We need better ways to spot it early and to choose which new immune drugs will work best for each person [E2].  

The writers of this paper read and summed up many past lab and patient studies on lung cancer, the immune system, and gene changes in tumors [E5]. They looked at how immune cells, tumor cells, and tiny germs in the body all interact as lung cancer starts and grows [E37].  

They report that some immune drugs, like “checkpoint blockers,” already help some people with advanced lung cancer live longer, but many people do not respond or later relapse [E13]. Early lung and pre-cancer growths already show immune changes and gene changes that may predict who will respond to these drugs [E49].  

These findings matter because they point to blood, tissue, and germ markers that may one day help doctors find lung cancer sooner and match you to the right immune treatment [E42]. In the future, immune drugs might also be used earlier, to slow or stop lung pre-cancers before they turn into full cancer [E43].",9,"E1, E2, E5, E37, E13, E49, E42, E43",,52,52,0.604524724,62.80557975,11.36203054,67.26504154,9.784267913,0.818181818,1,0.36701407,0.529983333,5.148860815,8.167268649,11.05,10.44569055
32281704,New insights into small-cell lung cancer development and therapy.,https://pubmed.ncbi.nlm.nih.gov/32281704/,"Small-cell lung cancer (SCLC) accounts for approximately 15% of lung cancer cases; however, it is characterized by easy relapse and low survival rate, leading to one of the most intractable diseases in clinical practice. Despite decades of basic and clinical research, little progress has been made in the management of SCLC. The current standard first-line regimens of SCLC still remain to be cisplatin or carboplatin combined with etoposide, and the adverse events of chemotherapy are by no means negligible. Besides, the immunotherapy on SCLC is still in an early stage and novel studies are urgently needed. In this review, we describe SCLC development and current therapy, aiming at providing useful advices on basic research and clinical strategy.",Available,"This research paper looks at a fast‑growing lung cancer called small‑cell lung cancer, or SCLC (Abstract, sentence 1). It makes up about 15 out of 100 lung cancer cases and often comes back after treatment, so many people do not live long with it (Abstract, sentence 1). We need this study because care for this cancer has not improved much, even after many years of work (Abstract, sentence 2). It may help people who have SCLC now or may get it in the future (Abstract, sentence 1). The writers of this paper did not test a new drug in people (Abstract, sentence 5). They read and summed up many past lab and clinic studies on how SCLC starts and how we treat it now (Abstract, sentence 5). They note that the main first treatment is still two old chemo drugs, cisplatin or carboplatin, with a drug called etoposide (Abstract, sentence 3). These drugs can cause strong side effects that are hard for many people (Abstract, sentence 3). They also found that new immune‑based drugs for SCLC are still very early in study, so we need more work in this area (Abstract, sentence 4). The paper gives ideas to guide lab work and care plans, with the hope of safer and better care for people with SCLC in the future (Abstract, sentence 5).","This research paper looks at small‑cell lung cancer, a fast‑growing type of lung cancer that makes up about 15 out of 100 lung cancer cases (Abstract, para. 1). We need this study because this cancer often comes back after treatment, and most people live only about 10 months, even though the cancer may shrink at first (Body, para. 10). This work may help people who have this cancer now or may get it in the future. The writers review what we know about how this cancer starts, the key gene changes, and how it grows and spreads (Body, para. 6). They also explain how doctors sort the cancer into early “limited” stage and later “extensive” stage, and how this changes treatment choices (Body, para. 11). They look at main treatments like chemo, chest radiation, brain radiation, and newer immune drugs (Body, para. 12). For example, adding an immune drug called atezolizumab to standard chemo raised average survival from 10.3 to 13.9 months in one large study (Body, para. 28). The authors stress that drug resistance and relapse are still big problems and that new lab tools and gene tests are needed to guide more personal care (Body, para. 30). In the future, mixing immune drugs with standard chemo may slowly improve outcomes for some people with this cancer (Conclusion, para. 1).","This research paper looks at small‑cell lung cancer, a fast‑growing type of lung cancer that makes up about 15 out of 100 lung cancer cases. We need this study because this cancer often comes back after treatment, and most people live only about 10 months, even though the cancer may shrink at first. This work may help people who have this cancer now or may get it in the future. The writers review what we know about how this cancer starts, the key gene changes, and how it grows and spreads. They also explain how doctors sort the cancer into early “limited” stage and later “extensive” stage, and how this changes treatment choices. They look at main treatments like chemo, chest radiation, brain radiation, and newer immune drugs. For example, adding an immune drug called atezolizumab to standard chemo raised average survival from 10.3 to 13.9 months in one large study. The authors stress that drug resistance and relapse are still big problems and that new lab tools and gene tests are needed to guide more personal care. In the future, mixing immune drugs with standard chemo may slowly improve outcomes for some people with this cancer.","This research paper looks at small‑cell lung cancer, a fast‑growing type of lung cancer that makes up about 15 out of 100 lung cancer cases. We need this study because this cancer often comes back after treatment, and most people live only about 10 months, even though the cancer may shrink at first. This work may help people who have this cancer now or may get it in the future. The writers review what we know about how this cancer starts, the key gene changes, and how it grows and spreads. They also explain how doctors sort the cancer into early “limited” stage and later “extensive” stage, and how this changes treatment choices. They look at main treatments like chemo, chest radiation, brain radiation, and newer immune drugs. For example, adding an immune drug called atezolizumab to standard chemo raised average survival from 10.3 to 13.9 months in one large study. The authors stress that drug resistance and relapse are still big problems and that new lab tools and gene tests are needed to guide more personal care. In the future, mixing immune drugs with standard chemo may slowly improve outcomes for some people with this cancer.","This research paper looks at small‑cell lung cancer, a fast‑growing type of lung cancer that makes up about 15 out of 100 lung cancer cases [E1]. We need this study because this cancer often comes back after treatment, and most people live only about 10 months, even though the cancer may shrink at first [E14]. This work may help people who have this cancer now or may get it in the future.

The writers review what we know about how this cancer starts, the key gene changes, and how it grows and spreads [E10]. They also explain how doctors sort the cancer into early “limited” stage and later “extensive” stage, and how this changes treatment choices [E15]. They look at main treatments like chemo, chest radiation, brain radiation, and newer immune drugs [E16]. For example, adding an immune drug called atezolizumab to standard chemo raised average survival from 10.3 to 13.9 months in one large study [E32].

The authors stress that drug resistance and relapse are still big problems and that new lab tools and gene tests are needed to guide more personal care [E34]. In the future, mixing immune drugs with standard chemo may slowly improve outcomes for some people with this cancer [E39].",8,"E1, E14, E10, E15, E16, E32, E34, E39",,41,41,0.480061094,71.88308108,8.74818018,67.98417628,8.226017536,0.8,1,0.5,0.74755,6.742157985,8.841846275,9.600720721,9.397138902
33148544,"Gender-specific aspects of epidemiology, molecular genetics and outcome: lung cancer.",https://pubmed.ncbi.nlm.nih.gov/33148544/,"Lung cancer remains the leading cause of cancer-related deaths worldwide in women and men. In incidence, lung cancer ranks second, surpassed by breast cancer in women and prostate cancer in men. However, the historical differences in mortality and incidence rate between both sexes have changed in the last years. In the last decades, we have also witnessed an increased number of lung cancer in female never-smokers. These disparities have grown our interest in studying the impact of the gender and sex in the presentation of lung cancer. The aetiology is yet to be fully elucidated, but the data are clear so far: there is a growing divide between lung cancer presentation in women and men that will change our management and study of lung cancer. This article aims to review the sex and gender differences in lung cancer.",Available,"This research looks at how lung cancer is not the same in women and men (Abstract, sentence 7). Lung cancer is the top cause of death from cancer for both women and men, so it is a very serious disease (Abstract, sentence 1). It is also one of the most common cancers, second only to breast cancer in women and prostate cancer in men (Abstract, sentence 2). In the past, the rates of lung cancer and death from lung cancer were quite different in women and men, but this has changed over the last years (Abstract, sentence 3). We now see more lung cancer in women who have never smoked, which is a big change from what we saw before (Abstract, sentence 4). Because of these gaps, the writers of this paper went through many past studies to see how sex and gender may shape who gets lung cancer and how it shows up (Abstract, sentence 5). They found that the cause of these sex and gender gaps is still not clear, but the split between women and men is real and is getting larger (Abstract, sentence 6). This means doctors and scientists may need to plan care and future studies in new ways for women and men with lung cancer (Abstract, sentence 6).","This research looks at how lung cancer is different in women and men, and how this may change care in the future (Abstract, para. 1). We need this study because lung cancer is the top cause of cancer death for both women and men, and rates are going down in men but rising in women in some places (Introduction, para. 1). It may help people at risk for lung cancer, and those who plan tests and treatment (Introduction, para. 8). The team read many past studies from 1970 to 2020 and checked large health group web pages to gather numbers and patterns (Introduction, para. 9). They looked at smoking, jobs, home air, body hormones, genes, and how people respond to treatment (Introduction, para. 12). They found more lung cancer in women who never smoked than in men, and in some Asian women this can be up to 80% of cases (Introduction, para. 7). They also found that women may get certain gene changes in lung cancer more often and often respond better to some drugs, with longer life than men in several studies (Body, para. 16)(Body, para. 44)(Body, para. 55). These findings matter because they suggest lung cancer tests and care may need to be different for women and men (Body, para. 38). In the future, screening rules may change so some women are checked earlier or with fewer years of smoking (Body, para. 42).","This research looks at how lung cancer is different in women and men, and how this may change care in the future. We need this study because lung cancer is the top cause of cancer death for both women and men, and rates are going down in men but rising in women in some places. It may help people at risk for lung cancer, and those who plan tests and treatment. The team read many past studies from 1970 to 2020 and checked large health group web pages to gather numbers and patterns. They looked at smoking, jobs, home air, body hormones, genes, and how people respond to treatment. They found more lung cancer in women who never smoked than in men, and in some Asian women this can be up to 80% of cases. They also found that women may get certain gene changes in lung cancer more often and often respond better to some drugs, with longer life than men in several studies. These findings matter because they suggest lung cancer tests and care may need to be different for women and men. In the future, screening rules may change so some women are checked earlier or with fewer years of smoking.","This research looks at how lung cancer is different in women and men, and how this may change care in the future. We need this study because lung cancer is the top cause of cancer death for both women and men, and rates are going down in men but rising in women in some places. It may help people at risk for lung cancer, and those who plan tests and treatment. The team read many past studies from 1970 to 2020 and checked large health group web pages to gather numbers and patterns. They looked at smoking, jobs, home air, body hormones, genes, and how people respond to treatment. They found more lung cancer in women who never smoked than in men, and in some Asian women this can be up to 80% of cases. They also found that women may get certain gene changes in lung cancer more often and often respond better to some drugs, with longer life than men in several studies. These findings matter because they suggest lung cancer tests and care may need to be different for women and men. In the future, screening rules may change so some women are checked earlier or with fewer years of smoking.","This research looks at how lung cancer is different in women and men, and how this may change care in the future [E1].  

We need this study because lung cancer is the top cause of cancer death for both women and men, and rates are going down in men but rising in women in some places [E2]. It may help people at risk for lung cancer, and those who plan tests and treatment [E9].  

The team read many past studies from 1970 to 2020 and checked large health group web pages to gather numbers and patterns [E10]. They looked at smoking, jobs, home air, body hormones, genes, and how people respond to treatment [E13].  

They found more lung cancer in women who never smoked than in men, and in some Asian women this can be up to 80% of cases [E8]. They also found that women may get certain gene changes in lung cancer more often and often respond better to some drugs, with longer life than men in several studies [E31][E59][E70].  

These findings matter because they suggest lung cancer tests and care may need to be different for women and men [E53]. In the future, screening rules may change so some women are checked earlier or with fewer years of smoking [E57].",11,"E1, E2, E9, E10, E13, E8, E31, E59, E70, E53, E57",,73,73,0.640429378,69.78281542,10.17147196,73.10186275,8.694117647,0.8,1,0.416666667,0.731733333,6.627428351,6.4273556,11.07383178,9.262745098
33175991,Update 2020: Management of Non-Small Cell Lung Cancer.,https://pubmed.ncbi.nlm.nih.gov/33175991/,"The past decade has seen a revolution of new advances in the management of non-small cell lung cancer (NSCLC) with remarkable progresses in screening, diagnosis, and treatment. The advances in systemic treatment have been driven primarily by the development of molecularly targeted therapeutics, immune checkpoint inhibitors, and anti-angiogenic agents, all of which have transformed this field with significantly improved patient outcomes. This review will address updates in lung cancer screening, liquid biopsy, and immunotherapy in the front-line setting. We discuss recent advances and highlight the plethora of new approvals of molecular-targeted therapy for subgroups of NSCLC patients with sensitizing EGFR, ALK, ROS1, RET, BRAF V600E, MET, and NTRK alterations.",Available,"This research paper looks at new ways to find and treat a common type of lung cancer called non-small cell lung cancer, or NSCLC (Abstract, sentence 1). We need this study because many people still die from this cancer, and better tests and drugs can help them live longer and feel better (Abstract, sentence 1). The writers of the paper read and summed up many past studies on lung scans for early find, blood tests to look for cancer signs, and new cancer drugs (Abstract, sentence 3). They also looked at new drugs that aim at very small gene changes in the cancer cells (Abstract, sentence 4). They found that new blood tests, called liquid biopsy, may help find lung cancer and guide treatment without a cut or surgery (Abstract, sentence 3). They also found that drugs that wake up the body’s own defense system, and drugs that block blood flow to tumors, can help many people with NSCLC live longer (Abstract, sentence 2). Some new drugs work well for people whose tumors have certain gene changes, such as EGFR or ALK (Abstract, sentence 4). These results matter because they give you and your care team more ways to test for and treat lung cancer in a more personal way (Abstract, sentence 2). In the future, these tools may help match each person to the best drug with fewer side effects (Abstract, sentence 3).","This research looks at a common type of lung cancer called non‑small cell lung cancer, or NSCLC (Abstract, para. 1). It asks how we can find this cancer sooner and treat it in a more exact way so people can live longer and feel better (Introduction, para. 1). We need this work because lung cancer is a top cause of cancer death, with over 200,000 new cases and about 140,000 deaths in one year in the USA (Introduction, para. 1). People who smoke or used to smoke have the highest risk, so they may gain the most from better tests and new drugs (Introduction, para. 2). The team reviews large studies of lung scans, blood tests, and new cancer drugs (Abstract, para. 1). Low‑dose chest scans once a year cut the chance of dying from lung cancer by about 20% to 33% in people at high risk, but only about 4 in 100 who could get screened actually do so (Body, para. 1). A blood test called a “liquid biopsy” can find gene changes in the tumor and raised the rate of finding useful targets by 48% in one study (Body, para. 5). New “targeted” pills and immune drugs now help many people with advanced NSCLC live months or years longer than with old chemo alone (Body, para. 8)(Conclusion, para. 1). If these tools are used more in real life, you and your care team may have more choices to match the right test and drug to your type of lung cancer (Conclusion, para. 1).","This research looks at a common type of lung cancer called non‑small cell lung cancer, or NSCLC. It asks how we can find this cancer sooner and treat it in a more exact way so people can live longer and feel better. We need this work because lung cancer is a top cause of cancer death, with over 200,000 new cases and about 140,000 deaths in one year in the USA. People who smoke or used to smoke have the highest risk, so they may gain the most from better tests and new drugs. The team reviews large studies of lung scans, blood tests, and new cancer drugs. Low‑dose chest scans once a year cut the chance of dying from lung cancer by about 20% to 33% in people at high risk, but only about 4 in 100 who could get screened actually do so. A blood test called a “liquid biopsy” can find gene changes in the tumor and raised the rate of finding useful targets by 48% in one study. New “targeted” pills and immune drugs now help many people with advanced NSCLC live months or years longer than with old chemo alone. If these tools are used more in real life, you and your care team may have more choices to match the right test and drug to your type of lung cancer.","This research looks at a common type of lung cancer called non‑small cell lung cancer, or NSCLC. It asks how we can find this cancer sooner and treat it in a more exact way so people can live longer and feel better. We need this work because lung cancer is a top cause of cancer death, with over 200,000 new cases and about 140,000 deaths in one year in the USA. People who smoke or used to smoke have the highest risk, so they may gain the most from better tests and new drugs. The team reviews large studies of lung scans, blood tests, and new cancer drugs. Low‑dose chest scans once a year cut the chance of dying from lung cancer by about 20% to 33% in people at high risk, but only about 4 in 100 who could get screened actually do so. A blood test called a “liquid biopsy” can find gene changes in the tumor and raised the rate of finding useful targets by 48% in one study. New “targeted” pills and immune drugs now help many people with advanced NSCLC live months or years longer than with old chemo alone. If these tools are used more in real life, you and your care team may have more choices to match the right test and drug to your type of lung cancer.","This research looks at a common type of lung cancer called non‑small cell lung cancer, or NSCLC [E1]. It asks how we can find this cancer sooner and treat it in a more exact way so people can live longer and feel better [E2].  

We need this work because lung cancer is a top cause of cancer death, with over 200,000 new cases and about 140,000 deaths in one year in the USA [E2]. People who smoke or used to smoke have the highest risk, so they may gain the most from better tests and new drugs [E3].  

The team reviews large studies of lung scans, blood tests, and new cancer drugs [E1]. Low‑dose chest scans once a year cut the chance of dying from lung cancer by about 20% to 33% in people at high risk, but only about 4 in 100 who could get screened actually do so [E4]. A blood test called a “liquid biopsy” can find gene changes in the tumor and raised the rate of finding useful targets by 48% in one study [E8].  

New “targeted” pills and immune drugs now help many people with advanced NSCLC live months or years longer than with old chemo alone [E11][E28].  

If these tools are used more in real life, you and your care team may have more choices to match the right test and drug to your type of lung cancer [E28].",10,"E1, E2, E3, E4, E8, E11, E28",,28,28,0.532490613,69.45269231,10.03119658,75.78439036,8.927227139,0.642857143,1,0.1,0.5306,6.937597517,7.38712967,11.08376068,10.9294002
33504342,"Progress on pivotal role and application of exosome in lung cancer carcinogenesis, diagnosis, therapy and prognosis.",https://pubmed.ncbi.nlm.nih.gov/33504342/,"Lung cancer is often diagnosed at an advanced stage and has a poor prognosis. Conventional treatments are not effective for metastatic lung cancer therapy. Although some of molecular targets have been identified with favorable response, those targets cannot be exploited due to the lack of suitable drug carriers. Lung cancer cell-derived exosomes (LCCDEs) receive recent interest in its role in carcinogenesis, diagnosis, therapy, and prognosis of lung cancer due to its biological functions and natural ability to carry donor cell biomolecules. LCCDEs can promote cell proliferation and metastasis, affect angiogenesis, modulate antitumor immune responses during lung cancer carcinogenesis, regulate drug resistance in lung cancer therapy, and be now considered an important component in liquid biopsy assessments for detecting lung cancer. Therapeutic deliverable exosomes are emerging as promising drug delivery agents specifically to tumor high precision medicine because of their natural intercellular communication role, excellent biocompatibility, low immunogenicity, low toxicity, long blood circulation ability, biodegradable characteristics, and their ability to cross various biological barriers. Several studies are currently underway to develop novel diagnostic and prognostic modalities using LCCDEs, and to develop methods of exploiting exosomes for use as efficient drug delivery vehicles. Current status of lung cancer and extensive applicability of LCCDEs are illustrated in this review. The promising data and technologies indicate that the approach on LCCDEs implies the potential application of LCCDEs to clinical management of lung cancer patients.",Available,"This research looks at a tiny bubble from lung cancer cells, called an exosome, and how we may use it to find and treat lung cancer in the future (Abstract, sentence 4). Lung cancer is often found late and is hard to cure, so many people do not live long after they learn they have it (Abstract, sentence 1). Current drugs do not work well once the cancer has spread to other parts of the body (Abstract, sentence 2). We need better ways to find lung cancer early and to bring drugs right to the tumor (Abstract, sentence 3). In this study, the team read and summed up many past lab and clinic reports on lung cancer cell exosomes (Abstract, sentence 8). They looked at how these exosomes help cancer grow and spread, and how they might be turned into tools for tests and drug delivery (Abstract, sentence 5). They found that these exosomes can carry drug or test signals through the blood, can cross body walls, and are less likely to cause strong side effects (Abstract, sentence 6). Many groups now test them as new blood tests and as tiny drug carriers for lung cancer (Abstract, sentence 7). These early results suggest that lung cancer exosomes may one day help doctors better test, track, and treat lung cancer in the clinic (Abstract, sentence 9).","This research looks at tiny bubbles, called exosomes, that lung cancer cells send out into the body (Abstract, para. 1). We need this study because lung cancer is often found late and many people do not live long after diagnosis (Introduction, para. 1). You may benefit if you have lung cancer now or are at risk in the future (Introduction, para. 7). The team read and summed up many lab and patient studies on lung cancer cell exosomes (Abstract, para. 1). They looked at how these bubbles form, what they carry, and how they move between cells (Introduction, para. 2). They found that lung cancer exosomes can help tumors grow, spread, make new blood vessels, and hide from the immune system (Introduction, para. 16). They can also carry signals that make cancer cells resist drugs and radiation (Introduction, para. 24). Many blood and urine tests in the paper used exosome contents as “markers” to tell cancer from non‑cancer and to predict how well treatment may work (Introduction, para. 21). These findings matter because exosomes in blood or urine might one day help find lung cancer earlier and guide treatment with a simple lab test (Conclusion, para. 1). Exosomes may also serve as natural carriers to bring cancer drugs straight to tumor cells, but this still needs more work before use in the clinic (Introduction, para. 25).","This research looks at tiny bubbles, called exosomes, that lung cancer cells send out into the body. We need this study because lung cancer is often found late and many people do not live long after diagnosis. You may benefit if you have lung cancer now or are at risk in the future. The team read and summed up many lab and patient studies on lung cancer cell exosomes. They looked at how these bubbles form, what they carry, and how they move between cells. They found that lung cancer exosomes can help tumors grow, spread, make new blood vessels, and hide from the immune system. They can also carry signals that make cancer cells resist drugs and radiation. Many blood and urine tests in the paper used exosome contents as “markers” to tell cancer from non‑cancer and to predict how well treatment may work. These findings matter because exosomes in blood or urine might one day help find lung cancer earlier and guide treatment with a simple lab test. Exosomes may also serve as natural carriers to bring cancer drugs straight to tumor cells, but this still needs more work before use in the clinic.","This research looks at tiny bubbles, called exosomes, that lung cancer cells send out into the body. We need this study because lung cancer is often found late and many people do not live long after diagnosis. You may benefit if you have lung cancer now or are at risk in the future. The team read and summed up many lab and patient studies on lung cancer cell exosomes. They looked at how these bubbles form, what they carry, and how they move between cells. They found that lung cancer exosomes can help tumors grow, spread, make new blood vessels, and hide from the immune system. They can also carry signals that make cancer cells resist drugs and radiation. Many blood and urine tests in the paper used exosome contents as “markers” to tell cancer from non‑cancer and to predict how well treatment may work. These findings matter because exosomes in blood or urine might one day help find lung cancer earlier and guide treatment with a simple lab test. Exosomes may also serve as natural carriers to bring cancer drugs straight to tumor cells, but this still needs more work before use in the clinic.","This research looks at tiny bubbles, called exosomes, that lung cancer cells send out into the body [E1].  

We need this study because lung cancer is often found late and many people do not live long after diagnosis [E2]. You may benefit if you have lung cancer now or are at risk in the future [E8].  

The team read and summed up many lab and patient studies on lung cancer cell exosomes [E1]. They looked at how these bubbles form, what they carry, and how they move between cells [E3].  

They found that lung cancer exosomes can help tumors grow, spread, make new blood vessels, and hide from the immune system [E17]. They can also carry signals that make cancer cells resist drugs and radiation [E25]. Many blood and urine tests in the paper used exosome contents as “markers” to tell cancer from non‑cancer and to predict how well treatment may work [E22].  

These findings matter because exosomes in blood or urine might one day help find lung cancer earlier and guide treatment with a simple lab test [E30]. Exosomes may also serve as natural carriers to bring cancer drugs straight to tumor cells, but this still needs more work before use in the clinic [E26].",10,"E1, E2, E8, E3, E17, E25, E22, E30, E26",,31,31,0.643280583,68.66,9.893333333,68.24202041,8.610122449,0.888888889,1,0.474476361,0.756583333,8.167268649,9.3871,11.24444444,10.28897959
34018055,Role of lung and gut microbiota on lung cancer pathogenesis.,https://pubmed.ncbi.nlm.nih.gov/34018055/,"BACKGROUND: Lung cancer is the leading cause of cancer-related deaths worldwide (Ferlay et al., Int J Cancer 136:E359-386, 2015). In addition, lung cancer is associated with the highest mortality among all cancer types (Wu et al., Exp Ther Med 16:3004-3010, 2018). Previous studies report that microbiota play an important role in lung cancer. Notably, changes in lung and gut microbiota, are associated with progression of lung cancer. Several studies report that lung and gut microbiome promote lung cancer initiation and development by modulating metabolic pathways, inhibiting the function of immune cells, and producing pro-inflammatory factors. In addition, some factors such as microbiota dysbiosis, affect production of bacteriotoxins, genotoxicity and virulence effect, therefore, they play a key role in cancer progression. These findings imply that lung and gut microbiome are potential markers and targets for lung cancer. However, the role of microbiota in development and progression of lung cancer has not been fully explored. PURPOSE: The aim of this study was to systemically review recent research findings on relationship of lung and gut microbiota with lung cancer. In addition, we explored gut-lung axis and potential mechanisms of lung and gut microbiota in modulating lung cancer progression. CONCLUSION: Pulmonary and intestinal flora influence the occurrence, development, treatment and prognosis of lung cancer, and will provide novel strategies for prevention, diagnosis, and treatment of lung cancer.",Available,"This study looks at tiny germs that live in your lungs and gut, and how they link to lung cancer (Abstract, sentence 5). Lung cancer causes more deaths than any other cancer, so we need better ways to find it early and treat it (Abstract, sentence 1). This work may help people who have lung cancer now or who are at high risk to get it (Abstract, sentence 3). The team did not test new drugs on people (Abstract, sentence 11). Instead, they read and summed up many recent studies on lung and gut germs and lung cancer (Abstract, sentence 11). They also looked at how germs in the gut and lungs may “talk” to each other through a gut–lung link (Abstract, sentence 12). They found that changes in lung and gut germs are tied to how lung cancer starts and grows (Abstract, sentence 6). These germs may help cancer by changing how the body makes and uses energy, by slowing the body’s defense cells, and by making strong “alarm” signals that cause long-term swelling (Abstract, sentence 7). When the mix of germs is off, some germs can make toxins that harm genes and help cancer grow (Abstract, sentence 8). The team says lung and gut germs may become new signs to spot lung cancer and new targets for care (Abstract, sentence 9). In time, this may guide new ways to help prevent, find, and treat lung cancer (Abstract, sentence 13).","This research looks at tiny germs that live in your lungs and gut, and how they link to lung cancer (Abstract, para. 1). We need this study because lung cancer kills more people than any other cancer, and we still do not fully know how these germs may help or harm you (Abstract, para. 1). It may help people who have lung cancer now, or people at high risk, by finding new ways to test for and treat the disease (Abstract, para. 3). The team did not test new drugs in people. They read and summed up many past studies on lung and gut germs and lung cancer, and on how the lung and gut talk to each other through the “gut–lung axis” (Abstract, para. 2). They found that people with lung cancer often have different germs in their lungs and gut than healthy people (Body, para. 2). Some mouth, lung, and stool germs may act as “markers” that help tell lung cancer types apart or show how you may respond to treatment (Body, para. 3). They also found that gut germs can change how well some immune drugs and chemo work in lung cancer (Body, para. 9). These results matter because they suggest that, in the future, doctors may test or gently change your gut or lung germs to help prevent, find, or treat lung cancer (Body, para. 12)(Conclusion, para. 1).","This research looks at tiny germs that live in your lungs and gut, and how they link to lung cancer. We need this study because lung cancer kills more people than any other cancer, and we still do not fully know how these germs may help or harm you. It may help people who have lung cancer now, or people at high risk, by finding new ways to test for and treat the disease. The team did not test new drugs in people. They read and summed up many past studies on lung and gut germs and lung cancer, and on how the lung and gut talk to each other through the “gut–lung axis”. They found that people with lung cancer often have different germs in their lungs and gut than healthy people. Some mouth, lung, and stool germs may act as “markers” that help tell lung cancer types apart or show how you may respond to treatment. They also found that gut germs can change how well some immune drugs and chemo work in lung cancer. These results matter because they suggest that, in the future, doctors may test or gently change your gut or lung germs to help prevent, find, or treat lung cancer.","This research looks at tiny germs that live in your lungs and gut, and how they link to lung cancer. We need this study because lung cancer kills more people than any other cancer, and we still do not fully know how these germs may help or harm you. It may help people who have lung cancer now, or people at high risk, by finding new ways to test for and treat the disease. The team did not test new drugs in people. They read and summed up many past studies on lung and gut germs and lung cancer, and on how the lung and gut talk to each other through the “gut–lung axis”. They found that people with lung cancer often have different germs in their lungs and gut than healthy people. Some mouth, lung, and stool germs may act as “markers” that help tell lung cancer types apart or show how you may respond to treatment. They also found that gut germs can change how well some immune drugs and chemo work in lung cancer. These results matter because they suggest that, in the future, doctors may test or gently change your gut or lung germs to help prevent, find, or treat lung cancer.","This research looks at tiny germs that live in your lungs and gut, and how they link to lung cancer [E1].  

We need this study because lung cancer kills more people than any other cancer, and we still do not fully know how these germs may help or harm you [E1]. It may help people who have lung cancer now, or people at high risk, by finding new ways to test for and treat the disease [E3].  

The team did not test new drugs in people. They read and summed up many past studies on lung and gut germs and lung cancer, and on how the lung and gut talk to each other through the “gut–lung axis” [E2].  

They found that people with lung cancer often have different germs in their lungs and gut than healthy people [E6]. Some mouth, lung, and stool germs may act as “markers” that help tell lung cancer types apart or show how you may respond to treatment [E7]. They also found that gut germs can change how well some immune drugs and chemo work in lung cancer [E13].  

These results matter because they suggest that, in the future, doctors may test or gently change your gut or lung germs to help prevent, find, or treat lung cancer [E16][E22].",9,"E1, E3, E2, E6, E7, E13, E16, E22",,22,22,0.689629825,77.17984534,7.937118069,79.29015642,7.88618123,0.944444444,0.947368421,0.314463351,0.767630952,4.851557811,5.033348758,8.929611467,9.155555556
34108973,Host-Microbiome Interaction in Lung Cancer.,https://pubmed.ncbi.nlm.nih.gov/34108973/,"Commensal microbiota has emerged as an essential biomarker and regulator of both tumorigenesis and response to cancer therapy. However, our current knowledge about microbiota in cancer has been largely limited to intestinal microbiota. As a mucosal organ harboring one of the largest surface areas in the body, the lung is exposed to a variety of microbes through inhalation and micro-aspiration, and is colonized by a diverse bacterial community in both physiological and pathological conditions. Importantly, increasing evidence has linked the lung microbiome to cancer development. Studies in lung cancer patients and mouse models have revealed tumor-associated dysregulation of the local microbiome in the lung, which in turn impacts cancer progression by shaping the tumor microenvironment and modulating the activity of tumor-infiltrating immune cells. These findings not only provide novel mechanistic insight into the biology of lung cancer but also shed light on new therapeutic targets and strategies for lung cancer prevention and treatment. The goal of this review is to discuss the key findings, remaining questions, and future directions in this new and exciting field.",Available,"This research looks at tiny germs that live in and on our bodies and how they may affect lung cancer (Abstract, sentence 1). We already know a lot about germs in the gut, but we know much less about germs in the lung (Abstract, sentence 2). This work may help people who have lung cancer now or who are at high risk for it (Abstract, sentence 4). The writers of this paper read and summed up many past studies on lung germs and lung cancer (Abstract, sentence 7). They looked at work in both people with lung cancer and in mice with lung tumors (Abstract, sentence 5). They found that the lung has many kinds of germs because we breathe them in all the time (Abstract, sentence 3). In lung cancer, this mix of germs often changes, and that change can speed up or slow down how the cancer grows (Abstract, sentence 4). These germs can also change how the body’s defense cells act inside the tumor (Abstract, sentence 5). These results give new clues about how lung cancer starts and grows and point to new ways to try to treat or even prevent it (Abstract, sentence 6). In the future, doctors may test or change lung germs to help plan or improve lung cancer care (Abstract, sentence 6).","This research looks at tiny germs that live in your lungs and how they may link to lung cancer (Abstract, para. 1). We need this work because lung cancer is very common and kills many people, and we still do not fully know how things in the air and in the body raise your risk (Introduction, para. 2). It may help people who have lung cancer now, or who are at high risk, such as people who smoke (Introduction, para. 2). The writers read and summed up many past studies on lung germs in both people and mice (Abstract, para. 1). They looked at how the mix of germs in the lung changes with cancer, and how these germs talk to your body’s defense cells (Body, para. 4). They found that lung tumors often have more germs but less variety, and the types of germs can differ by cancer type, stage, and smoking status (Body, para. 5). Some mouth germs, like Veillonella and Capnocytophaga, show up more in lung cancer and may help tell cancer from non‑cancer (Body, para. 4)(Body, para. 14). Germs in the gut may also change in people with lung cancer (Body, para. 12). These findings matter because certain germs or germ patterns may become lab tests to help spot lung cancer or its stage (Body, para. 13)(Body, para. 14). In the future, doctors may also try to change these germs to help lung cancer care, but this still needs more study (Body, para. 13)(Body, para. 16).","This research looks at tiny germs that live in your lungs and how they may link to lung cancer. We need this work because lung cancer is very common and kills many people, and we still do not fully know how things in the air and in the body raise your risk. It may help people who have lung cancer now, or who are at high risk, such as people who smoke. The writers read and summed up many past studies on lung germs in both people and mice. They looked at how the mix of germs in the lung changes with cancer, and how these germs talk to your body’s defense cells. They found that lung tumors often have more germs but less variety, and the types of germs can differ by cancer type, stage, and smoking status. Some mouth germs, like Veillonella and Capnocytophaga, show up more in lung cancer and may help tell cancer from non‑cancer. Germs in the gut may also change in people with lung cancer. These findings matter because certain germs or germ patterns may become lab tests to help spot lung cancer or its stage. In the future, doctors may also try to change these germs to help lung cancer care, but this still needs more study.","This research looks at tiny germs that live in your lungs and how they may link to lung cancer. We need this work because lung cancer is very common and kills many people, and we still do not fully know how things in the air and in the body raise your risk. It may help people who have lung cancer now, or who are at high risk, such as people who smoke. The writers read and summed up many past studies on lung germs in both people and mice. They looked at how the mix of germs in the lung changes with cancer, and how these germs talk to your body’s defense cells. They found that lung tumors often have more germs but less variety, and the types of germs can differ by cancer type, stage, and smoking status. Some mouth germs, like Veillonella and Capnocytophaga, show up more in lung cancer and may help tell cancer from non‑cancer. Germs in the gut may also change in people with lung cancer. These findings matter because certain germs or germ patterns may become lab tests to help spot lung cancer or its stage. In the future, doctors may also try to change these germs to help lung cancer care, but this still needs more study.","This research looks at tiny germs that live in your lungs and how they may link to lung cancer [E1].  

We need this work because lung cancer is very common and kills many people, and we still do not fully know how things in the air and in the body raise your risk [E3]. It may help people who have lung cancer now, or who are at high risk, such as people who smoke [E3].  

The writers read and summed up many past studies on lung germs in both people and mice [E1]. They looked at how the mix of germs in the lung changes with cancer, and how these germs talk to your body’s defense cells [E7].  

They found that lung tumors often have more germs but less variety, and the types of germs can differ by cancer type, stage, and smoking status [E8]. Some mouth germs, like Veillonella and Capnocytophaga, show up more in lung cancer and may help tell cancer from non‑cancer [E7][E17]. Germs in the gut may also change in people with lung cancer [E15].  

These findings matter because certain germs or germ patterns may become lab tests to help spot lung cancer or its stage [E16][E17]. In the future, doctors may also try to change these germs to help lung cancer care, but this still needs more study [E16][E19].",13,"E1, E3, E7, E8, E17, E15, E16, E19",,22,22,0.678898741,77.21471918,7.929995434,79.16633645,7.533570093,0.736842105,1,0.214285714,0.819546811,4.935628992,6.2581,8.76,9.120747664
34445366,Current and Future Development in Lung Cancer Diagnosis.,https://pubmed.ncbi.nlm.nih.gov/34445366/,"Lung cancer is the leading cause of cancer-related deaths in North America and other developed countries. One of the reasons lung cancer is at the top of the list is that it is often not diagnosed until the cancer is at an advanced stage. Thus, the earliest diagnosis of lung cancer is crucial, especially in screening high-risk populations, such as smokers, exposure to fumes, oil fields, toxic occupational places, etc. Based on the current knowledge, it looks that there is an urgent need to identify novel biomarkers. The current diagnosis of lung cancer includes different types of imaging complemented with pathological assessment of biopsies, but these techniques can still not detect early lung cancer developments. In this review, we described the advantages and disadvantages of current methods used in diagnosing lung cancer, and we provide an analysis of the potential use of body fluids as carriers of biomarkers as predictors of cancer development and progression.",Available,"This research paper looks at how we find lung cancer and how we might find it earlier using simple body fluid tests, like blood or spit (Abstract, sentence 6). Lung cancer causes more deaths than any other cancer in North America and other rich countries (Abstract, sentence 1). One big reason is that we often do not find it until it is at a late stage, when it is harder to treat (Abstract, sentence 2). Early finding of lung cancer is very important, especially for people who smoke or work around bad fumes or toxic places (Abstract, sentence 3). Right now, doctors use scans and small tissue samples from the lung to find lung cancer (Abstract, sentence 5). These tests help, but they still miss many early lung cancers (Abstract, sentence 5). So, we need new lab signs, called “biomarkers,” that can warn us when cancer is just starting (Abstract, sentence 4). In this study, the writers look at what we use now to find lung cancer and what works well and what does not (Abstract, sentence 6). They also look at signs in body fluids that might show if cancer is there or getting worse (Abstract, sentence 6). If future tests can use these body fluid signs, you may one day have a simple lab test to help find lung cancer earlier and guide care (Abstract, sentence 6).","This research looks at better ways to find lung cancer early, before it has spread and is hard to treat (Abstract, para. 1). We need this work because lung cancer is the top cause of cancer death, and most people are found when the disease is already at stage 3 or 4 (Introduction, para. 1). Early tests could help people who smoke now, smoked in the past, or work around harmful fumes (Introduction, para. 2). The team reviewed many past studies on lung scans, scope tests, tissue samples, and new lab tests that use blood, spit, or urine (Abstract, para. 1). They compared how well these tests find cancer, how often they are wrong, and how hard they are on you as a patient (Body, para. 28). They found that current scan tests can miss small tumors and often give “false alarms,” which lead to more risky and costly tests (Body, para. 28). New “biomarker” tests in blood, sputum, and urine show promise, but single markers are not accurate enough, and most still need more study in large groups of people (Body, para. 41). These findings matter because simple lab tests, like blood or urine tests, may one day help doctors spot lung cancer earlier with less pain and lower cost (Conclusion, para. 3). With more research, such tests could be used along with scans to guide who needs more checks or treatment (Conclusion, para. 4).","This research looks at better ways to find lung cancer early, before it has spread and is hard to treat. We need this work because lung cancer is the top cause of cancer death, and most people are found when the disease is already at stage 3 or 4. Early tests could help people who smoke now, smoked in the past, or work around harmful fumes. The team reviewed many past studies on lung scans, scope tests, tissue samples, and new lab tests that use blood, spit, or urine. They compared how well these tests find cancer, how often they are wrong, and how hard they are on you as a patient. They found that current scan tests can miss small tumors and often give “false alarms,” which lead to more risky and costly tests. New “biomarker” tests in blood, sputum, and urine show promise, but single markers are not accurate enough, and most still need more study in large groups of people. These findings matter because simple lab tests, like blood or urine tests, may one day help doctors spot lung cancer earlier with less pain and lower cost. With more research, such tests could be used along with scans to guide who needs more checks or treatment.","This research looks at better ways to find lung cancer early, before it has spread and is hard to treat. We need this work because lung cancer is the top cause of cancer death, and most people are found when the disease is already at stage 3 or 4. Early tests could help people who smoke now, smoked in the past, or work around harmful fumes. The team reviewed many past studies on lung scans, scope tests, tissue samples, and new lab tests that use blood, spit, or urine. They compared how well these tests find cancer, how often they are wrong, and how hard they are on you as a patient. They found that current scan tests can miss small tumors and often give “false alarms,” which lead to more risky and costly tests. New “biomarker” tests in blood, sputum, and urine show promise, but single markers are not accurate enough, and most still need more study in large groups of people. These findings matter because simple lab tests, like blood or urine tests, may one day help doctors spot lung cancer earlier with less pain and lower cost. With more research, such tests could be used along with scans to guide who needs more checks or treatment.","This research looks at better ways to find lung cancer early, before it has spread and is hard to treat [E1].  

We need this work because lung cancer is the top cause of cancer death, and most people are found when the disease is already at stage 3 or 4 [E2]. Early tests could help people who smoke now, smoked in the past, or work around harmful fumes [E3].  

The team reviewed many past studies on lung scans, scope tests, tissue samples, and new lab tests that use blood, spit, or urine [E1]. They compared how well these tests find cancer, how often they are wrong, and how hard they are on you as a patient [E33].  

They found that current scan tests can miss small tumors and often give “false alarms,” which lead to more risky and costly tests [E33]. New “biomarker” tests in blood, sputum, and urine show promise, but single markers are not accurate enough, and most still need more study in large groups of people [E52].  

These findings matter because simple lab tests, like blood or urine tests, may one day help doctors spot lung cancer earlier with less pain and lower cost [E90]. With more research, such tests could be used along with scans to guide who needs more checks or treatment [E91].",9,"E1, E2, E3, E33, E52, E90, E91",,91,91,0.434115393,69.43691485,9.263270742,75.99650186,8.428389155,1,1,0.5,0.66835,7.16862163,6.4273556,9.684017467,9.671664009
34511114,Tumor-associated exosomes promote lung cancer metastasis through multiple mechanisms.,https://pubmed.ncbi.nlm.nih.gov/34511114/,"As an important medium of intercellular communication, exosomes play an important role in information transmission between tumor cells and their microenvironment. Tumor metastasis is a serious influencing factor for poor treatment effect and shortened survival. Lung cancer is a major malignant tumor that seriously threatens human health. The study of the underlying mechanisms of exosomes in tumor genesis and development may provide new ideas for early and effective diagnosis and treatment of lung cancer metastasis. Many studies have shown that tumor-derived exosomes promote lung cancer development through a number of processes. By promoting epithelial-mesenchymal transition of tumor cells, they induce angiogenesis, establishment of the pretransfer microenvironment, and immune escape. This understanding enables researchers to better understand the mechanism of lung cancer metastasis and explore new treatments for clinical application. In this article, we systematically review current research progress of tumor-derived exosomes in metastasis of lung cancer. Although positive progress has been made toward understanding the mechanism of exosomes in lung cancer metastasis, systematic basic research and clinical translational research remains lacking and are needed to translate our scientific understanding toward applications in the clinical diagnosis and treatment of lung cancer metastasis in the near future.",Available,"This research paper looks at tiny bubble-like parts that cancer cells send out, called exosomes, and how they may help lung cancer spread in the body (Abstract, sentence 1). Lung cancer is a major cause of sickness and death, so we need better ways to find and treat it early (Abstract, sentence 3). When lung cancer spreads, or “metastasis,” it often makes treatment work less well and can shorten life (Abstract, sentence 2). In this study, the writers did not test new drugs in people (Abstract, sentence 8). They read and summed up many past lab and animal studies on exosomes and lung cancer spread (Abstract, sentence 8). They looked at how these tiny bubbles help cancer cells talk to other cells around them (Abstract, sentence 1). They found that exosomes from tumors can help lung cancer grow and spread in many ways (Abstract, sentence 5). They can help cancer cells move, help new blood pipes form, and help cancer hide from the body’s defense system (Abstract, sentence 6). This work may help doctors and scientists find new lab tests and new drug targets for lung cancer that has spread (Abstract, sentence 4). But the writers say we still need more basic and patient research before this can be used in daily care (Abstract, sentence 9).","This research looks at tiny bubbles, called exosomes, that cancer cells send out into the body (Abstract, para. 1). The study is about lung cancer that has spread, which is a main cause of death and poor treatment results (Abstract, para. 1). You may care about this if you have lung cancer, care for someone with it, or want to know how doctors may find and treat spread of cancer earlier (Introduction, para. 3). The writers did not test a new drug. They read and summed up many lab, animal, and patient studies on how exosomes help lung cancer grow and spread (Body, para. 1). They found that lung cancer cells make more exosomes than healthy cells, and these exosomes can help cancer cells move, grow, avoid the immune system, and form new blood vessels (Introduction, para. 3). Some exosome signals in blood match how far the cancer has grown and may act as “flags” to show stage and spread (Introduction, para. 20). These findings matter because they point to exosomes and their gene signals as new blood tests and as new targets for drugs to slow or block spread of lung cancer (Introduction, para. 19). More careful lab and patient studies are still needed before this can be used in routine care (Conclusion, para. 1).","This research looks at tiny bubbles, called exosomes, that cancer cells send out into the body. The study is about lung cancer that has spread, which is a main cause of death and poor treatment results. You may care about this if you have lung cancer, care for someone with it, or want to know how doctors may find and treat spread of cancer earlier. The writers did not test a new drug. They read and summed up many lab, animal, and patient studies on how exosomes help lung cancer grow and spread. They found that lung cancer cells make more exosomes than healthy cells, and these exosomes can help cancer cells move, grow, avoid the immune system, and form new blood vessels. Some exosome signals in blood match how far the cancer has grown and may act as “flags” to show stage and spread. These findings matter because they point to exosomes and their gene signals as new blood tests and as new targets for drugs to slow or block spread of lung cancer. More careful lab and patient studies are still needed before this can be used in routine care.","This research looks at tiny bubbles, called exosomes, that cancer cells send out into the body. The study is about lung cancer that has spread, which is a main cause of death and poor treatment results. You may care about this if you have lung cancer, care for someone with it, or want to know how doctors may find and treat spread of cancer earlier. The writers did not test a new drug. They read and summed up many lab, animal, and patient studies on how exosomes help lung cancer grow and spread. They found that lung cancer cells make more exosomes than healthy cells, and these exosomes can help cancer cells move, grow, avoid the immune system, and form new blood vessels. Some exosome signals in blood match how far the cancer has grown and may act as “flags” to show stage and spread. These findings matter because they point to exosomes and their gene signals as new blood tests and as new targets for drugs to slow or block spread of lung cancer. More careful lab and patient studies are still needed before this can be used in routine care.","This research looks at tiny bubbles, called exosomes, that cancer cells send out into the body [E1].  

The study is about lung cancer that has spread, which is a main cause of death and poor treatment results [E1]. You may care about this if you have lung cancer, care for someone with it, or want to know how doctors may find and treat spread of cancer earlier [E8].  

The writers did not test a new drug. They read and summed up many lab, animal, and patient studies on how exosomes help lung cancer grow and spread [E2].  

They found that lung cancer cells make more exosomes than healthy cells, and these exosomes can help cancer cells move, grow, avoid the immune system, and form new blood vessels [E8]. Some exosome signals in blood match how far the cancer has grown and may act as “flags” to show stage and spread [E25].  

These findings matter because they point to exosomes and their gene signals as new blood tests and as new targets for drugs to slow or block spread of lung cancer [E24]. More careful lab and patient studies are still needed before this can be used in routine care [E35].",8,"E1, E8, E2, E25, E24, E35",,35,35,0.613292018,70.15266667,8.840481481,75.02541667,8.094583333,1,0.88,0.450206338,0.482483333,7.90872645,8.51512884,9.751111111,9.991666667
34769372,Gender Differences and Immunotherapy Outcome in Advanced Lung Cancer.,https://pubmed.ncbi.nlm.nih.gov/34769372/,"In developed countries, lung cancer is the leading cause of cancer-related death in both sexes. Although cigarette smoking represents the principal risk factor for lung cancer in females, the higher proportion of this neoplasm among non-smoking women as compared with non-smoking men implies distinctive biological aspects between the two sexes. Gender differences depend not only on genetic, environmental, and hormonal factors but also on the immune system, and all these aspects are closely interconnected. In the last few years, it has been confirmed that the immune system plays a fundamental role in cancer evolution and response to oncological treatments, specifically immunotherapy, with documented distinctions between men and women. Consequently, in order to correctly assess cancer responses and disease control, considering only age and reproductive status, the results of studies conducted in female patients would probably not categorically apply to male patients and vice versa. The aim of this article is to review recent data about gender disparities in both healthy subjects' immune system and lung cancer patients; furthermore, studies concerning gender differences in response to lung cancer immunotherapy are examined.",Available,"This research looks at how lung cancer is not the same in men and women, and how their body defense system may act in different ways (Abstract, sentence 6). Lung cancer is the top cause of cancer death in rich countries for both men and women, so this topic is very serious (Abstract, sentence 1). We need this study because more women who never smoke still get lung cancer than men who never smoke, so there may be sex‑based body changes that we do not yet fully understand (Abstract, sentence 2). This work may help people with lung cancer now and in the future, and may guide doctors who plan treatment (Abstract, sentence 6). The team did not test new drugs in people (Abstract, sentence 6). They read and summed up many past studies that looked at how the body defense system and lung cancer differ in men and women, and how each sex responds to new body‑based cancer drugs (Abstract, sentence 3)(Abstract, sentence 4)(Abstract, sentence 6). They found that genes, hormones, the world around you, and the body defense system all link to sex and may change how lung cancer starts and how it reacts to treatment (Abstract, sentence 3)(Abstract, sentence 4). This means we may not be able to use results from women to guide care in men, or the other way around, without care (Abstract, sentence 5). In the future, this kind of work may help doctors choose lung cancer drugs by sex so that each person gets the most help and the least harm (Abstract, sentence 4).","This research looks at how lung cancer and the body’s defense system can act in different ways in men and women (Abstract, para. 1). Lung cancer is a top cause of cancer death, so we need to know if sex changes how well new immune drugs work for you (Abstract, para. 1). The team read many past studies and trials that used immune drugs for lung cancer and other cancers (Introduction, para. 5). They compared how long men and women lived and how long the cancer stayed under control when they got these drugs or standard chemo (Body, para. 9). In some groups, men had about a 24% lower risk that the cancer would get worse with certain immune drugs, while women had little or no clear gain (Body, para. 9). Other large reviews found that both men and women did better with immune drugs, but the size of the benefit was sometimes a bit higher in men (Body, para. 12)(Body, para. 14). Some studies, however, saw no real sex gap at all (Body, para. 13). These mixed results mean we cannot yet say that immune drugs work better in one sex than the other (Body, para. 16). Future trials need to plan ahead to study sex, hormones, and smoking so care can be better fit to each person (Conclusion, para. 1).","This research looks at how lung cancer and the body’s defense system can act in different ways in men and women. Lung cancer is a top cause of cancer death, so we need to know if sex changes how well new immune drugs work for you. The team read many past studies and trials that used immune drugs for lung cancer and other cancers. They compared how long men and women lived and how long the cancer stayed under control when they got these drugs or standard chemo. In some groups, men had about a 24% lower risk that the cancer would get worse with certain immune drugs, while women had little or no clear gain. Other large reviews found that both men and women did better with immune drugs, but the size of the benefit was sometimes a bit higher in men. Some studies, however, saw no real sex gap at all. These mixed results mean we cannot yet say that immune drugs work better in one sex than the other. Future trials need to plan ahead to study sex, hormones, and smoking so care can be better fit to each person.","This research looks at how lung cancer and the body’s defense system can act in different ways in men and women. Lung cancer is a top cause of cancer death, so we need to know if sex changes how well new immune drugs work for you. The team read many past studies and trials that used immune drugs for lung cancer and other cancers. They compared how long men and women lived and how long the cancer stayed under control when they got these drugs or standard chemo. In some groups, men had about a 24% lower risk that the cancer would get worse with certain immune drugs, while women had little or no clear gain. Other large reviews found that both men and women did better with immune drugs, but the size of the benefit was sometimes a bit higher in men. Some studies, however, saw no real sex gap at all. These mixed results mean we cannot yet say that immune drugs work better in one sex than the other. Future trials need to plan ahead to study sex, hormones, and smoking so care can be better fit to each person.","This research looks at how lung cancer and the body’s defense system can act in different ways in men and women [E1]. Lung cancer is a top cause of cancer death, so we need to know if sex changes how well new immune drugs work for you [E1].

The team read many past studies and trials that used immune drugs for lung cancer and other cancers [E6]. They compared how long men and women lived and how long the cancer stayed under control when they got these drugs or standard chemo [E19]. In some groups, men had about a 24% lower risk that the cancer would get worse with certain immune drugs, while women had little or no clear gain [E19]. Other large reviews found that both men and women did better with immune drugs, but the size of the benefit was sometimes a bit higher in men [E22][E24]. Some studies, however, saw no real sex gap at all [E23].

These mixed results mean we cannot yet say that immune drugs work better in one sex than the other [E26]. Future trials need to plan ahead to study sex, hormones, and smoking so care can be better fit to each person [E29].",10,"E1, E6, E19, E22, E24, E23, E26, E29",,29,29,0.516726311,64.92413793,11.40812261,75.48339666,8.058307427,0.823529412,1,0.285714286,0.595959858,6.4273556,6.4273556,11.7532567,8.785031664
34884642,"The Immunotherapy for Colorectal Cancer, Lung Cancer and Pancreatic Cancer.",https://pubmed.ncbi.nlm.nih.gov/34884642/,"Immunotherapy is a novel anti-cancer method which employs a different mechanism to conventional treatment. It has become a significant strategy because it provides a better or an alternative option for cancer patients. Recently, immunotherapy has been increasingly approved for the treatment of cancer; however, it has various limitations; for instance, it is only suitable for specific patients, the response rate is still low in most cases, etc. Colorectal cancer, lung cancer and pancreatic cancer are known as three major death-causing cancers in most countries. In this review, we discuss immunotherapeutic treatment for these three cancers, and consider the option, prospects and limitations of immunotherapy. The development of immunotherapy should focus on the discovery of biomarkers to screen suitable patients, new targets on tumors, neoadjuvant immunotherapy and the combination of immunotherapy with conventional therapeutic methods. We can expect that immunotherapy potentially will develop as one of the best therapies for patients with advanced cancer or poor responses to traditional methods.",Available,"This research looks at a type of cancer care called immunotherapy, which helps your own body fight cancer in a new way, not like chemo or radiation (Abstract, sentence 1). We need this kind of care because many people with colon, lung, or pancreas cancer still die, even with standard care (Abstract, sentence 4). Immunotherapy can give a better or extra choice for some people with cancer, so it may help those whose cancer is hard to treat (Abstract, sentence 2). The writers of this paper did not test a new drug in people (Abstract, sentence 5). They read and summed up many past studies on immunotherapy for colon, lung, and pancreas cancer (Abstract, sentence 5). They also looked at where this care works well and where it does not (Abstract, sentence 5). They found that more and more of these drugs now have approval to treat cancer, but they do not work for all people, and many people still do not get a good response (Abstract, sentence 3). The team says we must find lab tests to pick which people are most likely to gain from these drugs and find new targets on tumor cells (Abstract, sentence 6). In the future, doctors may use these drugs before or with standard care to help people whose cancer does not respond well now (Abstract, sentence 6)(Abstract, sentence 7).","This research looks at a type of cancer care called immunotherapy for colon and rectum cancer, lung cancer, and pancreatic cancer (Abstract, para. 1). We need this work because these three cancers cause many deaths, and many people do not do well with surgery, chemo, or radiation alone (Introduction, para. 4). If you or a loved one has hard‑to‑treat cancer, this kind of care may one day give another choice (Abstract, para. 1). The writers of this paper read and summed up many lab and patient studies on drugs that help your own defense system see and attack cancer cells (Introduction, para. 1). They looked at drugs that block “checkpoints,” lab‑made immune cells, cancer shots (vaccines), and mix‑and‑match plans with chemo or radiation (Introduction, para. 3). They found that some people with special gene changes in colon cancer can do very well with certain immune drugs, but most do not respond yet (Body, para. 2). In lung cancer, about 3 in 4 very sick patients had at least stable disease or some tumor shrinkage, and lived a few months longer on average with these drugs after chemo (Body, para. 11). For pancreatic cancer, early tests of many immune tools show promise, but clear gains for most patients are still rare (Body, para. 14). The authors say future work must find good lab tests to pick who will benefit and test smart drug mixes so more patients can safely use immunotherapy (Discussion, para. 1).","This research looks at a type of cancer care called immunotherapy for colon and rectum cancer, lung cancer, and pancreatic cancer. We need this work because these three cancers cause many deaths, and many people do not do well with surgery, chemo, or radiation alone. If you or a loved one has hard‑to‑treat cancer, this kind of care may one day give another choice. The writers of this paper read and summed up many lab and patient studies on drugs that help your own defense system see and attack cancer cells. They looked at drugs that block “checkpoints,” lab‑made immune cells, cancer shots (vaccines), and mix‑and‑match plans with chemo or radiation. They found that some people with special gene changes in colon cancer can do very well with certain immune drugs, but most do not respond yet. In lung cancer, about 3 in 4 very sick patients had at least stable disease or some tumor shrinkage, and lived a few months longer on average with these drugs after chemo. For pancreatic cancer, early tests of many immune tools show promise, but clear gains for most patients are still rare. The authors say future work must find good lab tests to pick who will benefit and test smart drug mixes so more patients can safely use immunotherapy.","This research looks at a type of cancer care called immunotherapy for colon and rectum cancer, lung cancer, and pancreatic cancer. We need this work because these three cancers cause many deaths, and many people do not do well with surgery, chemo, or radiation alone. If you or a loved one has hard‑to‑treat cancer, this kind of care may one day give another choice. The writers of this paper read and summed up many lab and patient studies on drugs that help your own defense system see and attack cancer cells. They looked at drugs that block “checkpoints,” lab‑made immune cells, cancer shots (vaccines), and mix‑and‑match plans with chemo or radiation. They found that some people with special gene changes in colon cancer can do very well with certain immune drugs, but most do not respond yet. In lung cancer, about 3 in 4 very sick patients had at least stable disease or some tumor shrinkage, and lived a few months longer on average with these drugs after chemo. For pancreatic cancer, early tests of many immune tools show promise, but clear gains for most patients are still rare. The authors say future work must find good lab tests to pick who will benefit and test smart drug mixes so more patients can safely use immunotherapy.","This research looks at a type of cancer care called immunotherapy for colon and rectum cancer, lung cancer, and pancreatic cancer [E1].  

We need this work because these three cancers cause many deaths, and many people do not do well with surgery, chemo, or radiation alone [E5]. If you or a loved one has hard‑to‑treat cancer, this kind of care may one day give another choice [E1].  

The writers of this paper read and summed up many lab and patient studies on drugs that help your own defense system see and attack cancer cells [E2]. They looked at drugs that block “checkpoints,” lab‑made immune cells, cancer shots (vaccines), and mix‑and‑match plans with chemo or radiation [E4].  

They found that some people with special gene changes in colon cancer can do very well with certain immune drugs, but most do not respond yet [E7]. In lung cancer, about 3 in 4 very sick patients had at least stable disease or some tumor shrinkage, and lived a few months longer on average with these drugs after chemo [E16]. For pancreatic cancer, early tests of many immune tools show promise, but clear gains for most patients are still rare [E19].  

The authors say future work must find good lab tests to pick who will benefit and test smart drug mixes so more patients can safely use immunotherapy [E29].",9,"E1, E5, E2, E4, E7, E16, E19, E29",,30,30,0.515149762,64.95603035,10.46516887,61.45,10.65055556,0.764705882,1,0.357142857,0.63555,8.167268649,9.150863308,11.32236907,11.26666667
35224964,[Lung Cancer Stem-like Cells and Drug Resistance].,https://pubmed.ncbi.nlm.nih.gov/35224964/,"Lung cancer remains the leading cause of cancer-related death world-wide. Therapy resistance and relapse are considered major reasons contributing to the poor survival rates of lung cancer. Accumulated evidences have demonstrated that a small subpopulation of stem-like cells existed within lung cancer tissues and cell lines, possessing the abilities of self-renewal, multipotent differentiation and unlimited proliferation. These lung cancer stem-like cells (LCSCs) can generate tumors with high effeciency in vivo, survive cytotoxic therapies, and eventually lead to therapy resistance and recurrence. In this review, we would like to present recent knowledges on LCSCs, including the origins where they come from, the molecular features to identify them, and key mechanisms for them to survive and develop resistance, in order to provide a better view for targeting them in future clinic. .",Available,"This research looks at a very deadly type of cancer that starts in the lung (Abstract, sentence 1). Many people with lung cancer do not live long because the cancer comes back and stops responding to treatment (Abstract, sentence 2). This study may help people with lung cancer who see their tumors shrink at first, then grow again later (Abstract, sentence 2). The writers of this paper read and summed up many past lab and animal studies on a small group of “stem‑like” cells inside lung tumors (Abstract, sentence 3). These special cells can make many new cancer cells and can keep growing for a long time (Abstract, sentence 3). In tests in animals, these cells can start new tumors very easily (Abstract, sentence 4). They can also stay alive after strong cancer drugs and may cause the cancer to return (Abstract, sentence 4). The team explains where these cells may come from, how to spot them, and how they stay alive and resist treatment (Abstract, sentence 5). This work may guide new drugs that aim at these stem‑like cells so that lung cancer is less likely to come back after treatment (Abstract, sentence 5).","This research looks at a small group of lung cancer cells that act like “seed” cells and may cause drug resistance and cancer to come back after treatment (Abstract, para. 1). We need this study because lung cancer is the top cause of cancer death in the world, and many people still die when the cancer stops responding to drugs or returns after a short time (Body, para. 1). The writers read and summed up many lab and animal studies on these special lung cancer cells, called lung cancer stem‑like cells (Body, para. 3). They looked at where these cells come from, how to find them, and how they avoid being killed by treatment (Abstract, para. 1). They report that these cells can make copies of themselves, change into many kinds of tumor cells, and form tumors very easily (Body, para. 2). They pump drugs out, fix DNA damage well, avoid cell death, and can “sleep” so that chemo and other drugs do not work on them (Body, para. 20). Because of this, they are a main cause of lung cancer drug resistance and relapse (Body, para. 35). The review also notes early work on drugs and natural parts of plants that may target these cells, but these still need careful testing in people (Body, para. 32). In the future, better tests and treatments that target these seed‑like cells may help lower relapse and improve care for people with lung cancer (Body, para. 35).","This research looks at a small group of lung cancer cells that act like “seed” cells and may cause drug resistance and cancer to come back after treatment. We need this study because lung cancer is the top cause of cancer death in the world, and many people still die when the cancer stops responding to drugs or returns after a short time. The writers read and summed up many lab and animal studies on these special lung cancer cells, called lung cancer stem‑like cells. They looked at where these cells come from, how to find them, and how they avoid being killed by treatment. They report that these cells can make copies of themselves, change into many kinds of tumor cells, and form tumors very easily. They pump drugs out, fix DNA damage well, avoid cell death, and can “sleep” so that chemo and other drugs do not work on them. Because of this, they are a main cause of lung cancer drug resistance and relapse. The review also notes early work on drugs and natural parts of plants that may target these cells, but these still need careful testing in people. In the future, better tests and treatments that target these seed‑like cells may help lower relapse and improve care for people with lung cancer.","This research looks at a small group of lung cancer cells that act like “seed” cells and may cause drug resistance and cancer to come back after treatment. We need this study because lung cancer is the top cause of cancer death in the world, and many people still die when the cancer stops responding to drugs or returns after a short time. The writers read and summed up many lab and animal studies on these special lung cancer cells, called lung cancer stem‑like cells. They looked at where these cells come from, how to find them, and how they avoid being killed by treatment. They report that these cells can make copies of themselves, change into many kinds of tumor cells, and form tumors very easily. They pump drugs out, fix DNA damage well, avoid cell death, and can “sleep” so that chemo and other drugs do not work on them. Because of this, they are a main cause of lung cancer drug resistance and relapse. The review also notes early work on drugs and natural parts of plants that may target these cells, but these still need careful testing in people. In the future, better tests and treatments that target these seed‑like cells may help lower relapse and improve care for people with lung cancer.","This research looks at a small group of lung cancer cells that act like “seed” cells and may cause drug resistance and cancer to come back after treatment [E1].  

We need this study because lung cancer is the top cause of cancer death in the world, and many people still die when the cancer stops responding to drugs or returns after a short time [E2].  

The writers read and summed up many lab and animal studies on these special lung cancer cells, called lung cancer stem‑like cells [E4]. They looked at where these cells come from, how to find them, and how they avoid being killed by treatment [E1].  

They report that these cells can make copies of themselves, change into many kinds of tumor cells, and form tumors very easily [E3]. They pump drugs out, fix DNA damage well, avoid cell death, and can “sleep” so that chemo and other drugs do not work on them [E21]. Because of this, they are a main cause of lung cancer drug resistance and relapse [E36].  

The review also notes early work on drugs and natural parts of plants that may target these cells, but these still need careful testing in people [E33]. In the future, better tests and treatments that target these seed‑like cells may help lower relapse and improve care for people with lung cancer [E36].",9,"E1, E2, E4, E3, E21, E36, E33",,38,38,0.587652908,69.87410256,8.895897436,70.47189964,9.419784946,0.823529412,1,0.35,0.786228523,6.937597517,8.167268649,9.282051282,10.75043523
35581523,Lung cancer screening-Marching along ….,https://pubmed.ncbi.nlm.nih.gov/35581523/,Abstract unavailable,Available,No text available,"This research looks at lung cancer checks, called screening, and how they may help people live longer (Body, para. 1). We need this study because lung cancer is still the top cause of cancer death in the world, with about 1.8 million deaths each year (Body, para. 1). It may help people who smoke now or who smoked in the past, and people at high risk in many countries (Body, para. 3). The team looked at past trials and real‑world data on lung scans that try to find cancer early, before it spreads (Body, para. 2). They also looked at how to choose who should get these scans, and how to fit screening into normal health visits (Body, para. 5). They found that after screening began in 2013, early‑stage lung cancer cases rose from 17% to 28%, while late‑stage cases went down (Body, para. 2). People with early cancer had much better 5‑year survival than those with late cancer, up to 60% versus 6% (Body, para. 2). They also found that using personal risk, not just age and smoking, may make screening more efficient (Body, para. 5). These results matter because good, fair screening programs, linked with help to quit smoking, could prevent many deaths if they are well planned and reach all groups (Body, para. 4).","This research looks at lung cancer checks, called screening, and how they may help people live longer. We need this study because lung cancer is still the top cause of cancer death in the world, with about 1.8 million deaths each year. It may help people who smoke now or who smoked in the past, and people at high risk in many countries. The team looked at past trials and real‑world data on lung scans that try to find cancer early, before it spreads. They also looked at how to choose who should get these scans, and how to fit screening into normal health visits. They found that after screening began in 2013, early‑stage lung cancer cases rose from 17% to 28%, while late‑stage cases went down. People with early cancer had much better 5‑year survival than those with late cancer, up to 60% versus 6%. They also found that using personal risk, not just age and smoking, may make screening more efficient. These results matter because good, fair screening programs, linked with help to quit smoking, could prevent many deaths if they are well planned and reach all groups.","This research looks at lung cancer checks, called screening, and how they may help people live longer. We need this study because lung cancer is still the top cause of cancer death in the world, with about 1.8 million deaths each year. It may help people who smoke now or who smoked in the past, and people at high risk in many countries. The team looked at past trials and real‑world data on lung scans that try to find cancer early, before it spreads. They also looked at how to choose who should get these scans, and how to fit screening into normal health visits. They found that after screening began in 2013, early‑stage lung cancer cases rose from 17% to 28%, while late‑stage cases went down. People with early cancer had much better 5‑year survival than those with late cancer, up to 60% versus 6%. They also found that using personal risk, not just age and smoking, may make screening more efficient. These results matter because good, fair screening programs, linked with help to quit smoking, could prevent many deaths if they are well planned and reach all groups.","This research looks at lung cancer checks, called screening, and how they may help people live longer [E1].  

We need this study because lung cancer is still the top cause of cancer death in the world, with about 1.8 million deaths each year [E1]. It may help people who smoke now or who smoked in the past, and people at high risk in many countries [E3].  

The team looked at past trials and real‑world data on lung scans that try to find cancer early, before it spreads [E2]. They also looked at how to choose who should get these scans, and how to fit screening into normal health visits [E5].  

They found that after screening began in 2013, early‑stage lung cancer cases rose from 17% to 28%, while late‑stage cases went down [E2]. People with early cancer had much better 5‑year survival than those with late cancer, up to 60% versus 6% [E2]. They also found that using personal risk, not just age and smoking, may make screening more efficient [E5].  

These results matter because good, fair screening programs, linked with help to quit smoking, could prevent many deaths if they are well planned and reach all groups [E4].",9,"E1, E3, E2, E5, E4",,10,10,,,,77.12473684,7.222105263,,1,,0.575231876,,6.742157985,,8.442105263
36821071,MicroRNA in lung cancer-a novel potential way for early diagnosis and therapy.,https://pubmed.ncbi.nlm.nih.gov/36821071/,"Lung cancer is the most common cause of cancer-related deaths in the world. One of the reasons of poor prognosis and high mortality of lung cancer patients is the diagnosis of the disease in its advanced stage. Despite innovative diagnostic methods and multiple completed and ongoing clinical trials aiming at therapy improvement, no significant increase in patients' long-term survival has been noted over last decades. Patients would certainly benefit from early detection of lung cancer. Therefore, it is crucial to find new biomarkers that can help predict outcomes and tumor responses in order to maximize therapy effectiveness and avoid over- or under-treating patients with lung cancer. Nowadays, scientists' attention is mainly dedicated to so-called liquid biopsy, which is fully non-invasive and easily available method based on simple blood draw. Among common liquid biopsy elements, circulating tumor nucleic acids are worth mentioning. Epigenetic biomarkers, particularly miRNA expression, have several distinct features that make them promising prognostic markers. In this review, we described miRNA's involvement in tumorigenesis and present it as a predictor of cancer development and progression, potential indicator of treatment efficacy, and most importantly promising therapeutic target.",Available,"This research looks at lung cancer, which is the top cause of cancer death in the world (Abstract, sentence 1). Many people learn they have lung cancer only when it is at a late stage, which makes it hard to treat and leads to more deaths (Abstract, sentence 2). Even with new tests and many drug trials, people with lung cancer have not seen a big rise in long-term survival over many years (Abstract, sentence 3). So we need better ways to find lung cancer early and to choose the right treatment for each person (Abstract, sentence 4). The writers of this paper review work on “biomarkers,” which are signs in the body that can help tell how the cancer may grow and respond to treatment (Abstract, sentence 5). They focus on a “liquid biopsy,” which is a simple blood draw instead of a tissue cut from the lung (Abstract, sentence 6). In the blood, they look at tiny tumor parts, including small gene pieces called miRNA that can act as markers (Abstract, sentence 7). They report that changes in these miRNA markers may help predict how the cancer will act, how well treatment may work, and may even serve as new drug targets (Abstract, sentence 8). In the future, blood tests that read these miRNA markers might help doctors pick better care and avoid too much or too little treatment for lung cancer (Abstract, sentence 9).","This research looks at tiny molecules in blood, called microRNAs, and how we may use them to find and treat lung cancer earlier (Abstract, para. 1). Lung cancer is the top cause of cancer death, and most people learn they have it only when it is already at a late stage (Introduction, para. 1). You, and many others at risk, could live longer if we find the cancer sooner and choose the right treatment from the start (Introduction, para. 4). The writers of this paper read many past studies on microRNAs in lung cancer (Abstract, para. 1). They looked at how these molecules change in cancer cells, how we can measure them in blood, and how they link to tumor type, spread, and treatment response (Body, para. 4). They report that certain microRNAs in blood can help tell lung cancer from healthy tissue and can also point to the cancer subtype (Body, para. 6). One blood test that uses 13 microRNAs showed about 78% sensitivity and 75% specificity in people at high risk for lung cancer (Body, para. 40). Some early drug studies that add back helpful microRNAs showed promise, but one trial had serious immune side effects and was stopped (Body, para. 78). The authors say microRNAs may become useful lab tests and treatment tools, but we still need larger, careful studies before they are part of routine lung cancer care (Conclusion, para. 1).","This research looks at tiny molecules in blood, called microRNAs, and how we may use them to find and treat lung cancer earlier. Lung cancer is the top cause of cancer death, and most people learn they have it only when it is already at a late stage. You, and many others at risk, could live longer if we find the cancer sooner and choose the right treatment from the start. The writers of this paper read many past studies on microRNAs in lung cancer. They looked at how these molecules change in cancer cells, how we can measure them in blood, and how they link to tumor type, spread, and treatment response. They report that certain microRNAs in blood can help tell lung cancer from healthy tissue and can also point to the cancer subtype. One blood test that uses 13 microRNAs showed about 78% sensitivity and 75% specificity in people at high risk for lung cancer. Some early drug studies that add back helpful microRNAs showed promise, but one trial had serious immune side effects and was stopped. The authors say microRNAs may become useful lab tests and treatment tools, but we still need larger, careful studies before they are part of routine lung cancer care.","This research looks at tiny molecules in blood, called microRNAs, and how we may use them to find and treat lung cancer earlier. Lung cancer is the top cause of cancer death, and most people learn they have it only when it is already at a late stage. You, and many others at risk, could live longer if we find the cancer sooner and choose the right treatment from the start. The writers of this paper read many past studies on microRNAs in lung cancer. They looked at how these molecules change in cancer cells, how we can measure them in blood, and how they link to tumor type, spread, and treatment response. They report that certain microRNAs in blood can help tell lung cancer from healthy tissue and can also point to the cancer subtype. One blood test that uses 13 microRNAs showed about 78% sensitivity and 75% specificity in people at high risk for lung cancer. Some early drug studies that add back helpful microRNAs showed promise, but one trial had serious immune side effects and was stopped. The authors say microRNAs may become useful lab tests and treatment tools, but we still need larger, careful studies before they are part of routine lung cancer care.","This research looks at tiny molecules in blood, called microRNAs, and how we may use them to find and treat lung cancer earlier [E1].  

Lung cancer is the top cause of cancer death, and most people learn they have it only when it is already at a late stage [E2]. You, and many others at risk, could live longer if we find the cancer sooner and choose the right treatment from the start [E5].  

The writers of this paper read many past studies on microRNAs in lung cancer [E1]. They looked at how these molecules change in cancer cells, how we can measure them in blood, and how they link to tumor type, spread, and treatment response [E15].  

They report that certain microRNAs in blood can help tell lung cancer from healthy tissue and can also point to the cancer subtype [E17]. One blood test that uses 13 microRNAs showed about 78% sensitivity and 75% specificity in people at high risk for lung cancer [E51]. Some early drug studies that add back helpful microRNAs showed promise, but one trial had serious immune side effects and was stopped [E89].  

The authors say microRNAs may become useful lab tests and treatment tools, but we still need larger, careful studies before they are part of routine lung cancer care [E92].",9,"E1, E2, E5, E15, E17, E51, E89, E92",,93,93,0.524811614,66.94970464,10.46312236,65.42529915,9.87525641,1,1,0.25,0.511733333,6.4273556,9.994966539,11.03966245,11.55213675
37151885,Vistas in Non-Small Cell Lung Cancer (NSCLC) Treatment: of Kinome and Signaling Networks.,https://pubmed.ncbi.nlm.nih.gov/37151885/,"Non-small cell lung cancer (NSCLC) is the prevailing lung cancer type, accounting for ~85% of all lung cancer cases. Despite their initial promise, current chemotherapeutic protocols are reaching their limits. This necessitates the prompt discovery of new molecular drivers and the development of novel regimens for advanced NSCLC. Herein, we pose that there is a need to systematically profile the human kinome activity of NSCLC. Using available state-of-the-art technologies, a wide gamut of kinase activities can be simultaneously mapped and quantified specifically in the primary or metastatic cancer states, with oncogenic kinase functions being likely linked to mutation signatures and malignant features of NSCLC. New chemical compound libraries can then be screened for kinase inhibitory properties in preclinical model systems, with presumptive induction of programmed cell-death subroutines and signaling-disintegration routes serving as major outputs of novel inhibitor tumor-suppressor potentials.",Available,"This study looks at a common type of lung cancer called non‑small cell lung cancer, which makes up about 85 out of 100 lung cancer cases (Abstract, sentence 1). We need better care for this cancer because the chemo drugs we use now are not working as well as we hoped (Abstract, sentence 2). New and smarter treatments could help many people with advanced lung cancer live longer and feel better (Abstract, sentence 3). The team wants to study tiny “switch” proteins in cancer cells, called kinases, that help the cancer grow and spread (Abstract, sentence 4). With new lab tools, they can measure many of these switches at the same time in both main tumors and tumors that have spread (Abstract, sentence 5). They plan to match these switch patterns with gene changes and with how “bad” the cancer looks and acts (Abstract, sentence 5). Then they can test many new drug‑like chemicals to see which ones turn off these switches and make the cancer cells die in lab models (Abstract, sentence 6). If this work finds key switches and good blockers, it may guide new drug plans for people with advanced non‑small cell lung cancer in the future (Abstract, sentence 3).","This study looks at a common type of lung cancer called non‑small cell lung cancer, or NSCLC, which makes up about 85 out of 100 lung cancer cases (Abstract, para. 1). Today, many people with this cancer get chemo and newer “targeted” drugs, but these often stop working as the cancer changes over time (Body, para. 3). The team wants to find new weak spots in the cancer by making a full “map” of certain cell tools called kinases, which help cancer cells grow and spread (Abstract, para. 1). They plan to test cancer tissue from the main lung tumor and from spread sites, and compare it to healthy lung tissue, to see which kinases are most active in cancer (Body, para. 5). They will then test many drug compounds on cancer cells in the lab and in mice to see which kinase blockers kill cancer cells best, alone or in mix with other drugs (Body, para. 6). The authors think this “active kinase map” can guide new drug plans that fit each person’s tumor and may help when current drugs fail (Body, para. 7). In the future, this may lead to more effective and possibly less toxic care for people with advanced NSCLC (Body, para. 8).","This study looks at a common type of lung cancer called non‑small cell lung cancer, or NSCLC, which makes up about 85 out of 100 lung cancer cases. Today, many people with this cancer get chemo and newer “targeted” drugs, but these often stop working as the cancer changes over time. The team wants to find new weak spots in the cancer by making a full “map” of certain cell tools called kinases, which help cancer cells grow and spread. They plan to test cancer tissue from the main lung tumor and from spread sites, and compare it to healthy lung tissue, to see which kinases are most active in cancer. They will then test many drug compounds on cancer cells in the lab and in mice to see which kinase blockers kill cancer cells best, alone or in mix with other drugs. The authors think this “active kinase map” can guide new drug plans that fit each person’s tumor and may help when current drugs fail. In the future, this may lead to more effective and possibly less toxic care for people with advanced NSCLC.","This study looks at a common type of lung cancer called non‑small cell lung cancer, or NSCLC, which makes up about 85 out of 100 lung cancer cases. Today, many people with this cancer get chemo and newer “targeted” drugs, but these often stop working as the cancer changes over time. The team wants to find new weak spots in the cancer by making a full “map” of certain cell tools called kinases, which help cancer cells grow and spread. They plan to test cancer tissue from the main lung tumor and from spread sites, and compare it to healthy lung tissue, to see which kinases are most active in cancer. They will then test many drug compounds on cancer cells in the lab and in mice to see which kinase blockers kill cancer cells best, alone or in mix with other drugs. The authors think this “active kinase map” can guide new drug plans that fit each person’s tumor and may help when current drugs fail. In the future, this may lead to more effective and possibly less toxic care for people with advanced NSCLC.","This study looks at a common type of lung cancer called non‑small cell lung cancer, or NSCLC, which makes up about 85 out of 100 lung cancer cases [E1]. Today, many people with this cancer get chemo and newer “targeted” drugs, but these often stop working as the cancer changes over time [E4].  

The team wants to find new weak spots in the cancer by making a full “map” of certain cell tools called kinases, which help cancer cells grow and spread [E1]. They plan to test cancer tissue from the main lung tumor and from spread sites, and compare it to healthy lung tissue, to see which kinases are most active in cancer [E6].  

They will then test many drug compounds on cancer cells in the lab and in mice to see which kinase blockers kill cancer cells best, alone or in mix with other drugs [E7].  

The authors think this “active kinase map” can guide new drug plans that fit each person’s tumor and may help when current drugs fail [E8]. In the future, this may lead to more effective and possibly less toxic care for people with advanced NSCLC [E9].",7,"E1, E4, E6, E7, E8, E9",,10,10,0.606239158,68.14045874,10.05895936,67.97467742,10.37930876,0.733333333,1,0.25,0.683492621,7.16862163,8.418075326,10.93817734,11.91889401
37371458,MiRNA-Based Therapies for Lung Cancer: Opportunities and Challenges?,https://pubmed.ncbi.nlm.nih.gov/37371458/,"Lung cancer is a commonly diagnosed cancer and the leading cause of cancer-related deaths, posing a serious health risk. Despite new advances in immune checkpoint and targeted therapies in recent years, the prognosis for lung cancer patients, especially those in advanced stages, remains poor. MicroRNAs (miRNAs) have been shown to modulate tumor development at multiple levels, and as such, miRNA mimics and molecules aimed at regulating miRNAs have shown promise in preclinical development. More importantly, miRNA-based therapies can also complement conventional chemoradiotherapy, immunotherapy, and targeted therapies to reverse drug resistance and increase the sensitivity of lung cancer cells. Furthermore, small interfering RNA (siRNA) and miRNA-based therapies have entered clinical trials and have shown favorable development prospects. Therefore, in this paper, we review recent advances in miRNA-based therapies in lung cancer treatment as well as adjuvant therapy and present the current state of clinical lung cancer treatment. We also discuss the challenges facing miRNA-based therapies in the clinical application of lung cancer treatment to provide new ideas for the development of novel lung cancer therapies.",Available,"This research paper looks at new ways to treat lung cancer using tiny gene control tools called “microRNAs,” which help turn other genes on or off (Abstract, sentence 3). Lung cancer is very common and is the top cause of death from cancer, so it is a big health problem for many people and families (Abstract, sentence 1). Even with new drugs that help the immune system and target cancer cells, many people with lung cancer, mainly in late stages, still do not do well (Abstract, sentence 2). In this study, the team did not test a new drug in people, but instead read and summed up many past lab and clinic studies on these microRNA tools for lung cancer (Abstract, sentence 6). They found that lab-made microRNA “copies” and drugs that change microRNAs can slow or change tumor growth in early tests (Abstract, sentence 3). These microRNA drugs may also help other care, like chemo, radiation, and immune drugs, work better and help stop drug resistance (Abstract, sentence 4). Some of these drugs have now moved into human tests and look hopeful so far (Abstract, sentence 5). This work may guide new lung cancer drugs that can be used with current care to help more people live longer and feel better (Abstract, sentence 6).","This research looks at a new kind of treatment for lung cancer that uses tiny natural cell parts called “microRNAs,” or miRNAs (Abstract, para. 1). Lung cancer is the top cause of cancer death, and many people are still very sick even with surgery, chemo, radiation, and newer drugs (Abstract, para. 1). You may care about this work if you or someone you know has lung cancer, or if current drugs have stopped working (Introduction, para. 1). The writers of this paper did not test a new drug in people. They read and summed up many lab, animal, and early patient studies on miRNA in non‑small cell lung cancer, the most common type (Introduction, para. 1). They looked at how adding or blocking certain miRNAs can slow tumor growth, make chemo and radiation work better, and help the immune system see and attack cancer cells (Introduction, para. 2). They report that some miRNA drugs have reached early human tests, such as a miR‑16 drug where 1 of 22 people had tumor shrinkage and many had stable disease, but other trials had serious side effects (Body, para. 19)(Body, para. 20). These findings suggest miRNA drugs may one day work with standard care to help some lung cancer patients, but safer ways to choose and deliver them are still needed before wide use in the clinic (Conclusion, para. 1)(Conclusion, para. 5).","This research looks at a new kind of treatment for lung cancer that uses tiny natural cell parts called “microRNAs,” or miRNAs. Lung cancer is the top cause of cancer death, and many people are still very sick even with surgery, chemo, radiation, and newer drugs. You may care about this work if you or someone you know has lung cancer, or if current drugs have stopped working. The writers of this paper did not test a new drug in people. They read and summed up many lab, animal, and early patient studies on miRNA in non‑small cell lung cancer, the most common type. They looked at how adding or blocking certain miRNAs can slow tumor growth, make chemo and radiation work better, and help the immune system see and attack cancer cells. They report that some miRNA drugs have reached early human tests, such as a miR‑16 drug where 1 of 22 people had tumor shrinkage and many had stable disease, but other trials had serious side effects. These findings suggest miRNA drugs may one day work with standard care to help some lung cancer patients, but safer ways to choose and deliver them are still needed before wide use in the clinic.","This research looks at a new kind of treatment for lung cancer that uses tiny natural cell parts called “microRNAs,” or miRNAs. Lung cancer is the top cause of cancer death, and many people are still very sick even with surgery, chemo, radiation, and newer drugs. You may care about this work if you or someone you know has lung cancer, or if current drugs have stopped working. The writers of this paper did not test a new drug in people. They read and summed up many lab, animal, and early patient studies on miRNA in non‑small cell lung cancer, the most common type. They looked at how adding or blocking certain miRNAs can slow tumor growth, make chemo and radiation work better, and help the immune system see and attack cancer cells. They report that some miRNA drugs have reached early human tests, such as a miR‑16 drug where 1 of 22 people had tumor shrinkage and many had stable disease, but other trials had serious side effects. These findings suggest miRNA drugs may one day work with standard care to help some lung cancer patients, but safer ways to choose and deliver them are still needed before wide use in the clinic.","This research looks at a new kind of treatment for lung cancer that uses tiny natural cell parts called “microRNAs,” or miRNAs [E1].  

Lung cancer is the top cause of cancer death, and many people are still very sick even with surgery, chemo, radiation, and newer drugs [E1]. You may care about this work if you or someone you know has lung cancer, or if current drugs have stopped working [E2].  

The writers of this paper did not test a new drug in people. They read and summed up many lab, animal, and early patient studies on miRNA in non‑small cell lung cancer, the most common type [E2]. They looked at how adding or blocking certain miRNAs can slow tumor growth, make chemo and radiation work better, and help the immune system see and attack cancer cells [E3].  

They report that some miRNA drugs have reached early human tests, such as a miR‑16 drug where 1 of 22 people had tumor shrinkage and many had stable disease, but other trials had serious side effects [E23][E24].  

These findings suggest miRNA drugs may one day work with standard care to help some lung cancer patients, but safer ways to choose and deliver them are still needed before wide use in the clinic [E25][E29].",9,"E1, E2, E3, E23, E24, E25, E29",,29,29,0.550322766,63.08431686,11.1368314,61.93191176,10.95598039,0.882352941,1,0.346153846,0.581066667,8.841846275,9.188382445,12.23837209,11.76862745
37741809,miRNA as biomarker in lung cancer.,https://pubmed.ncbi.nlm.nih.gov/37741809/,"Lung cancer has a high prevalence and mortality due to its late diagnosis and limited treatment, so it is essential to find biomarkers that allow a faster diagnosis and improve the survival of these patients. In this sense, biomarkers based on miRNAs have supposed a considerable advance. miRNAs, which are small RNA sequences, can regulate gene expression, so they play an essential role not only as a diagnostic biomarker but also as a therapeutic and prognostic one. Also, miRNA biomarkers can be obtained from liquid biopsies, which are less intrusive than lung biopsies, and have better accessibility, safety and repeatability, which allows using those biomarkers both for diagnosis and monitoring of patients. In this review, we highlight the importance of miRNAs and collect the existing evidence of their relationship with lung cancer.",Available,"This research looks at lung cancer and small markers in the blood that may help find the disease sooner (Abstract, sentence 1). Lung cancer is common and often found late, so many people die from it, and we need better ways to test and treat it (Abstract, sentence 1). The team studied tiny parts in cells called “miRNAs,” which can change how genes work in the body (Abstract, sentence 3). These miRNAs can act as signs that cancer is there, and they may also help guide treatment and tell how the disease may go over time (Abstract, sentence 3). We review many past studies that link these miRNAs to lung cancer (Abstract, sentence 5). We also look at how we can find these miRNAs in a simple blood draw, called a liquid biopsy, instead of a lung tissue sample (Abstract, sentence 4). A blood test is less painful, safer, and can be done many times to watch how the cancer changes (Abstract, sentence 4). The review shows that miRNA markers are a big step forward for lung cancer tests (Abstract, sentence 2). In the future, these blood tests may help doctors find lung cancer earlier and track how well your treatment works (Abstract, sentence 4).","This research looks at a blood test to help find and track lung cancer using tiny molecules called “miRNAs.”(Abstract, para. 1)We need better tests because lung cancer is often found late, when it is hard to treat and many people die from it.(Introduction, para. 1)This work may help people at risk for lung cancer, people being checked for a lung spot, and people already in treatment.(Introduction, para. 3)The team read many past studies to see how miRNAs in blood, spit, or other body fluids change in people with lung cancer.(Abstract, para. 1)They also looked at how well these miRNAs can tell who has cancer, what type it is, and how the cancer may act over time.(Body, para. 12)They found that some miRNAs are higher or lower in lung cancer and can act as “signs” of disease.(Body, para. 9)For example, one miRNA in spit found lung cancer with 70% sensitivity and 100% specificity, and others in blood reached 86% sensitivity and 97% specificity.(Body, para. 14)Some miRNAs also link to how long people live and how well they respond to drugs.(Body, para. 17)These findings matter because a simple blood or spit test, called a liquid biopsy, may help doctors find lung cancer earlier and choose better treatment for each person.(Body, para. 7)In the future, miRNA tests might support more personal care, but they still need more study before routine use in the clinic.(Conclusion, para. 1)","This research looks at a blood test to help find and track lung cancer using tiny molecules called “miRNAs.”We need better tests because lung cancer is often found late, when it is hard to treat and many people die from it. This work may help people at risk for lung cancer, people being checked for a lung spot, and people already in treatment. The team read many past studies to see how miRNAs in blood, spit, or other body fluids change in people with lung cancer. They also looked at how well these miRNAs can tell who has cancer, what type it is, and how the cancer may act over time. They found that some miRNAs are higher or lower in lung cancer and can act as “signs” of disease. For example, one miRNA in spit found lung cancer with 70% sensitivity and 100% specificity, and others in blood reached 86% sensitivity and 97% specificity. Some miRNAs also link to how long people live and how well they respond to drugs. These findings matter because a simple blood or spit test, called a liquid biopsy, may help doctors find lung cancer earlier and choose better treatment for each person. In the future, miRNA tests might support more personal care, but they still need more study before routine use in the clinic.","This research looks at a blood test to help find and track lung cancer using tiny molecules called “miRNAs.”We need better tests because lung cancer is often found late, when it is hard to treat and many people die from it. This work may help people at risk for lung cancer, people being checked for a lung spot, and people already in treatment. The team read many past studies to see how miRNAs in blood, spit, or other body fluids change in people with lung cancer. They also looked at how well these miRNAs can tell who has cancer, what type it is, and how the cancer may act over time. They found that some miRNAs are higher or lower in lung cancer and can act as “signs” of disease. For example, one miRNA in spit found lung cancer with 70% sensitivity and 100% specificity, and others in blood reached 86% sensitivity and 97% specificity. Some miRNAs also link to how long people live and how well they respond to drugs. These findings matter because a simple blood or spit test, called a liquid biopsy, may help doctors find lung cancer earlier and choose better treatment for each person. In the future, miRNA tests might support more personal care, but they still need more study before routine use in the clinic.","This research looks at a blood test to help find and track lung cancer using tiny molecules called “miRNAs.”[E1]  

We need better tests because lung cancer is often found late, when it is hard to treat and many people die from it.[E2] This work may help people at risk for lung cancer, people being checked for a lung spot, and people already in treatment.[E4]  

The team read many past studies to see how miRNAs in blood, spit, or other body fluids change in people with lung cancer.[E1] They also looked at how well these miRNAs can tell who has cancer, what type it is, and how the cancer may act over time.[E16]  

They found that some miRNAs are higher or lower in lung cancer and can act as “signs” of disease.[E13] For example, one miRNA in spit found lung cancer with 70% sensitivity and 100% specificity, and others in blood reached 86% sensitivity and 97% specificity.[E18] Some miRNAs also link to how long people live and how well they respond to drugs.[E21]  

These findings matter because a simple blood or spit test, called a liquid biopsy, may help doctors find lung cancer earlier and choose better treatment for each person.[E11] In the future, miRNA tests might support more personal care, but they still need more study before routine use in the clinic.[E23]",10,"E1, E2, E4, E16, E13, E18, E21, E11, E23",,23,23,0.586152597,70.6404336,9.06504065,66.4994276,9.474248869,1,1,0.428571429,0.527442921,5.82211442,8.841846275,9.501355014,10.46895928
38054903,COVID-19 and lung cancer.,https://pubmed.ncbi.nlm.nih.gov/38054903/,"COVID-19 pandemic had affected health services around the world, also reducing the diagnosis of lung cancer. On the other hand, examination of surgical specimens in patients with lung cancer and SARS-CoV-2 gave the opportunity to evidence early histologic features related to this emerging pandemic. Different prioritization of health organizations during COVID-19 pandemic resulted in a significant decline of lung cancer screening (up to 56%), delayed diagnosis (up to 30-40%) and higher advanced stage, with some exceptions (i.e., Canada). Increased use of stereotactic radiation treatments in stage I-IIA have been noticed in better-organized health systems. Surgical specimens performed for lung cancer in patients with incipient SARS-CoV-2 permitted to appreciate early histologic findings of COVID-19 with hyperplastic pneumocytes with/without fibrin exudate, alveolar macrophages/myeloid cells, perivascular T-lymphocytic infiltrate and lack of hyaline membrane. While the COVID-19 pandemic has declined the rate of lung cancer diagnosis worldwide, some institutions have significantly limited detrimental effects. Histology related to early SARS-CoV-2 infection in surgical samples for lung cancer revealed specific histologic changes.",Available,"This research looks at how the COVID-19 virus changed lung cancer care and what we can learn from lung tissue from people who had both lung cancer and COVID-19 (Abstract, sentence 1). We need this study because many people did not get lung cancer checks or care on time during the pandemic, which may lead to more people found with late stage disease (Abstract, sentence 3). The team looked at health records to see how often lung cancer was found and treated before and during COVID-19 (Abstract, sentence 1). They also studied lung tissue removed during surgery from people who had early COVID-19 at the same time as lung cancer (Abstract, sentence 2). They found that lung cancer checks dropped by up to a little more than half, and many people had delays in diagnosis by about one third (Abstract, sentence 3). Some health systems stayed more stable and used more precise radiation instead of surgery for early lung cancer (Abstract, sentence 4)(Abstract, sentence 6). In the lung tissue, they saw clear early changes from COVID-19, such as swollen air sac cells and immune cells around blood vessels (Abstract, sentence 5)(Abstract, sentence 7). These results may help doctors plan care so that cancer checks can stay open in future health crises and may guide how we read lung tissue from people with both lung cancer and COVID-19 (Abstract, sentence 6).","This research looks at how the COVID-19 pandemic changed lung cancer care and what we can learn from lung tissue taken during cancer surgery in people who also had the virus (Introduction, para. 5). We need this study because many people had delays in cancer checks and care during the pandemic, which may lead to more late-stage lung cancer and more deaths (Introduction, para. 2). It may help you if you have lung cancer now or worry that your care was put off (Body, para. 1). The team reviewed reports from many countries on lung cancer tests, surgery, and treatment before and during COVID-19 (Introduction, para. 5). They also looked at lung tissue from people who had surgery for early lung cancer and were later found to have COVID-19 (Introduction, para. 4). They found big drops in lung cancer screening, up to 56%, and fewer new lung cancer cases, with more people found at an advanced stage (Abstract, para. 2). In some places, surgery fell and doctors used more focused radiation instead (Body, para. 5). In lung tissue from people with early COVID-19, they saw mild but clear damage in the air sacs, without the severe changes seen in people who died from the disease (Body, para. 31). These results suggest that keeping cancer care going, even in a crisis, can protect outcomes, and that early lung samples can help us better understand how COVID-19 first harms the lung (Body, para. 23).","This research looks at how the COVID-19 pandemic changed lung cancer care and what we can learn from lung tissue taken during cancer surgery in people who also had the virus. We need this study because many people had delays in cancer checks and care during the pandemic, which may lead to more late-stage lung cancer and more deaths. It may help you if you have lung cancer now or worry that your care was put off. The team reviewed reports from many countries on lung cancer tests, surgery, and treatment before and during COVID-19. They also looked at lung tissue from people who had surgery for early lung cancer and were later found to have COVID-19. They found big drops in lung cancer screening, up to 56%, and fewer new lung cancer cases, with more people found at an advanced stage. In some places, surgery fell and doctors used more focused radiation instead. In lung tissue from people with early COVID-19, they saw mild but clear damage in the air sacs, without the severe changes seen in people who died from the disease. These results suggest that keeping cancer care going, even in a crisis, can protect outcomes, and that early lung samples can help us better understand how COVID-19 first harms the lung.","This research looks at how the COVID-19 pandemic changed lung cancer care and what we can learn from lung tissue taken during cancer surgery in people who also had the virus. We need this study because many people had delays in cancer checks and care during the pandemic, which may lead to more late-stage lung cancer and more deaths. It may help you if you have lung cancer now or worry that your care was put off. The team reviewed reports from many countries on lung cancer tests, surgery, and treatment before and during COVID-19. They also looked at lung tissue from people who had surgery for early lung cancer and were later found to have COVID-19. They found big drops in lung cancer screening, up to 56%, and fewer new lung cancer cases, with more people found at an advanced stage. In some places, surgery fell and doctors used more focused radiation instead. In lung tissue from people with early COVID-19, they saw mild but clear damage in the air sacs, without the severe changes seen in people who died from the disease. These results suggest that keeping cancer care going, even in a crisis, can protect outcomes, and that early lung samples can help us better understand how COVID-19 first harms the lung.","This research looks at how the COVID-19 pandemic changed lung cancer care and what we can learn from lung tissue taken during cancer surgery in people who also had the virus [E8].  

We need this study because many people had delays in cancer checks and care during the pandemic, which may lead to more late-stage lung cancer and more deaths [E5]. It may help you if you have lung cancer now or worry that your care was put off [E9].  

The team reviewed reports from many countries on lung cancer tests, surgery, and treatment before and during COVID-19 [E8]. They also looked at lung tissue from people who had surgery for early lung cancer and were later found to have COVID-19 [E7].  

They found big drops in lung cancer screening, up to 56%, and fewer new lung cancer cases, with more people found at an advanced stage [E2]. In some places, surgery fell and doctors used more focused radiation instead [E13]. In lung tissue from people with early COVID-19, they saw mild but clear damage in the air sacs, without the severe changes seen in people who died from the disease [E39].  

These results suggest that keeping cancer care going, even in a crisis, can protect outcomes, and that early lung samples can help us better understand how COVID-19 first harms the lung [E31].",9,"E8, E5, E9, E7, E2, E13, E39, E31",,51,51,0.67584532,60.68505435,11.93728261,65.32824289,10.0820155,0.933333333,1,0.4,0.89452785,7.645422481,8.51512884,12.36956522,10.85788114
38497774,From osimertinib to preemptive combinations.,https://pubmed.ncbi.nlm.nih.gov/38497774/,"Here, I suggest that while first-line osimertinib extends median progression-free survival (PFS) in EGFR-mutant lung cancer compared to first-generation TKIs, it reduces individual PFS in 15-20% of patients compared to first-generation TKIs. Since detecting a single resistant cell before treatment is usually impossible, osimertinib must be used in all patients as a first-line treatment, raising median PFS overall but harming some. The simplest remedy is a preemptive combination (PC) of osimertinib and gefitinib. A comprehensive PC (osimertinib, afatinib/gefitinib, and capmatinib) could dramatically increase PFS for 80% of patients compared to osimertinib alone, without harming anyone. This article also explores PCs for MET-driven lung cancer.",Available,"This study looks at drug plans for a type of lung cancer that has a change in a growth gene called EGFR (Abstract, sentence 1). Today, many people with this cancer get a drug called osimertinib as the first drug they take, because on average it keeps the cancer from growing for longer than older drugs (Abstract, sentence 1). But the study says that for about 15–20 out of 100 people, this newer drug may let the cancer grow sooner than if they had used an older drug first (Abstract, sentence 1). We cannot find the rare “resistant” cancer cells in a person before we start care, so we must give the same first drug to all people, which helps most but may hurt some (Abstract, sentence 2). The writer tests a new idea on paper: give two or more drugs at the start, before the cancer can learn to resist them (Abstract, sentence 3). One plan is to mix osimertinib with an older drug called gefitinib (Abstract, sentence 3). A larger mix adds two more drugs and may help about 80 out of 100 people stay free of cancer growth for longer, while not making things worse for the rest (Abstract, sentence 4). The paper also looks at such drug mixes for lung cancer driven by a change in another gene called MET (Abstract, sentence 5). If later tests in people back up these ideas, doctors may one day use these drug mixes to help more people live longer with slow or no cancer growth (Abstract, sentence 4).","This research looks at better drug plans for some types of lung cancer that have certain gene changes.(Abstract, para. 1)We focus on drugs that block these gene changes and on how cancer cells learn to resist them.(Introduction, para. 1)This work may help people with lung cancer driven by EGFR or MET gene changes, who now often see their cancer grow again after about one to two years on one drug.(Introduction, para. 3)The goal is to slow or stop this “resist and regrow” pattern.(Introduction, para. 7)The author studies past trial data and known gene changes that make tumors resist each drug.(Introduction, para. 8)They then use this to plan “preemptive” drug mixes that try to kill rare resistant cells early, before they grow.(Introduction, para. 4)We see that one drug called osimertinib keeps cancer from growing for about 18.9 months, versus 10.2 months with older drugs, but still fails over time.(Introduction, para. 4)The paper argues that adding other drugs, such as afatinib and capmatinib, could block about 75% of known resistance paths and might raise this time without growth to about 40 months.(Introduction, para. 9)For MET-driven cancer, a short course of a second drug, cabozantinib, with capmatinib may also delay resistance.(Introduction, para. 12)If future tests confirm this, doctors may one day start with smart drug mixes instead of one drug at a time to help some patients live longer with better control of their cancer.(Introduction, para. 10)","This research looks at better drug plans for some types of lung cancer that have certain gene changes. We focus on drugs that block these gene changes and on how cancer cells learn to resist them. This work may help people with lung cancer driven by EGFR or MET gene changes, who now often see their cancer grow again after about one to two years on one drug. The goal is to slow or stop this “resist and regrow” pattern. The author studies past trial data and known gene changes that make tumors resist each drug. They then use this to plan “preemptive” drug mixes that try to kill rare resistant cells early, before they grow. We see that one drug called osimertinib keeps cancer from growing for about 18.9 months, versus 10.2 months with older drugs, but still fails over time. The paper argues that adding other drugs, such as afatinib and capmatinib, could block about 75% of known resistance paths and might raise this time without growth to about 40 months. For MET-driven cancer, a short course of a second drug, cabozantinib, with capmatinib may also delay resistance. If future tests confirm this, doctors may one day start with smart drug mixes instead of one drug at a time to help some patients live longer with better control of their cancer.","This research looks at better drug plans for some types of lung cancer that have certain gene changes. We focus on drugs that block these gene changes and on how cancer cells learn to resist them. This work may help people with lung cancer driven by EGFR or MET gene changes, who now often see their cancer grow again after about one to two years on one drug. The goal is to slow or stop this “resist and regrow” pattern. The author studies past trial data and known gene changes that make tumors resist each drug. They then use this to plan “preemptive” drug mixes that try to kill rare resistant cells early, before they grow. We see that one drug called osimertinib keeps cancer from growing for about 18.9 months, versus 10.2 months with older drugs, but still fails over time. The paper argues that adding other drugs, such as afatinib and capmatinib, could block about 75% of known resistance paths and might raise this time without growth to about 40 months. For MET-driven cancer, a short course of a second drug, cabozantinib, with capmatinib may also delay resistance. If future tests confirm this, doctors may one day start with smart drug mixes instead of one drug at a time to help some patients live longer with better control of their cancer.","This research looks at better drug plans for some types of lung cancer that have certain gene changes.[E1] We focus on drugs that block these gene changes and on how cancer cells learn to resist them.[E2]

This work may help people with lung cancer driven by EGFR or MET gene changes, who now often see their cancer grow again after about one to two years on one drug.[E4] The goal is to slow or stop this “resist and regrow” pattern.[E8]

The author studies past trial data and known gene changes that make tumors resist each drug.[E9] They then use this to plan “preemptive” drug mixes that try to kill rare resistant cells early, before they grow.[E5]

We see that one drug called osimertinib keeps cancer from growing for about 18.9 months, versus 10.2 months with older drugs, but still fails over time.[E5] The paper argues that adding other drugs, such as afatinib and capmatinib, could block about 75% of known resistance paths and might raise this time without growth to about 40 months.[E10] For MET-driven cancer, a short course of a second drug, cabozantinib, with capmatinib may also delay resistance.[E15]

If future tests confirm this, doctors may one day start with smart drug mixes instead of one drug at a time to help some patients live longer with better control of their cancer.[E11]",10,"E1, E2, E4, E8, E9, E5, E10, E15, E11",,17,17,0.478221151,66.89428142,11.07812098,74.54062967,7.479024664,0.722222222,1,0.285714286,0.606830826,8.167268649,7.793537801,12.28331188,8.868310912
38561776,"Liquid biopsy techniques and lung cancer: diagnosis, monitoring and evaluation.",https://pubmed.ncbi.nlm.nih.gov/38561776/,"Lung cancer stands as the most prevalent form of cancer globally, posing a significant threat to human well-being. Due to the lack of effective and accurate early diagnostic methods, many patients are diagnosed with advanced lung cancer. Although surgical resection is still a potential means of eradicating lung cancer, patients with advanced lung cancer usually miss the best chance for surgical treatment, and even after surgical resection patients may still experience tumor recurrence. Additionally, chemotherapy, the mainstay of treatment for patients with advanced lung cancer, has the potential to be chemo-resistant, resulting in poor clinical outcomes. The emergence of liquid biopsies has garnered considerable attention owing to their noninvasive nature and the ability for continuous sampling. Technological advancements have propelled circulating tumor cells (CTCs), circulating tumor DNA (ctDNA), extracellular vesicles (EVs), tumor metabolites, tumor-educated platelets (TEPs), and tumor-associated antigens (TAA) to the forefront as key liquid biopsy biomarkers, demonstrating intriguing and encouraging results for early diagnosis and prognostic evaluation of lung cancer. This review provides an overview of molecular biomarkers and assays utilized in liquid biopsies for lung cancer, encompassing CTCs, ctDNA, non-coding RNA (ncRNA), EVs, tumor metabolites, TAAs and TEPs. Furthermore, we expound on the practical applications of liquid biopsies, including early diagnosis, treatment response monitoring, prognostic evaluation, and recurrence monitoring in the context of lung cancer.",Available,"This study looks at new blood tests to help find and track lung cancer. (Abstract, sentence 7)We need better tests because lung cancer is the most common cancer in the world and harms many people. (Abstract, sentence 1)Many people learn they have lung cancer only when it is at a late stage, when it is harder to treat. (Abstract, sentence 2)Even when you can have lung surgery, the cancer can come back, and many people with late lung cancer cannot have surgery at all. (Abstract, sentence 3)Drug treatment called chemo can also stop working over time, so results are often poor. (Abstract, sentence 4)The team looked at many studies of “liquid biopsy,” which is a test that uses blood or other body fluid instead of a piece of the tumor. (Abstract, sentence 5)They reviewed blood signs from cancer, such as whole cancer cells, bits of cancer genes, tiny packets from cells, and other cancer-linked parts. (Abstract, sentence 6)They found that these blood signs may help with early lung cancer find, check how well treatment works, guess outlook, and watch for cancer coming back. (Abstract, sentence 8)If future tests prove safe and correct, these blood tests may help you and your doctor find lung cancer sooner and track it with simple blood draws. (Abstract, sentence 5)","This research looks at new blood and body fluid tests, called liquid biopsies, to help find and track lung cancer (Abstract, para. 1). We need better tests because many people learn they have lung cancer only when it is already late and hard to treat (Introduction, para. 1). These new tests may help you and your doctor find cancer earlier, choose drugs, and watch for the cancer to come back (Introduction, para. 2). In this work, the team reviews many kinds of cancer signs in blood, such as tumor cells, bits of tumor DNA, small RNA pieces, tiny fluid bubbles from cells, blood platelets changed by tumors, and tumor-linked proteins (Abstract, para. 1). They also describe lab tools used to measure these signs, like very sensitive gene and protein tests (Methods, para. 2). They report that some of these markers can tell early lung cancer from non-cancer with about 80–90% accuracy in some studies, and can also warn of drug resistance or risk of cancer return (Body, para. 6). For example, tumor DNA in blood rose from 50% of people with stage I disease to 100% in later stages, and certain blood markers in tiny cell bubbles reached over 90% sensitivity and 100% specificity for early lung cancer in one study (Body, para. 6)(Body, para. 8). These findings suggest that, after more testing, liquid biopsies may help doctors screen for lung cancer, guide treatment, and watch for relapse in a less painful way (Conclusion, para. 2).","This research looks at new blood and body fluid tests, called liquid biopsies, to help find and track lung cancer. We need better tests because many people learn they have lung cancer only when it is already late and hard to treat. These new tests may help you and your doctor find cancer earlier, choose drugs, and watch for the cancer to come back. In this work, the team reviews many kinds of cancer signs in blood, such as tumor cells, bits of tumor DNA, small RNA pieces, tiny fluid bubbles from cells, blood platelets changed by tumors, and tumor-linked proteins. They also describe lab tools used to measure these signs, like very sensitive gene and protein tests. They report that some of these markers can tell early lung cancer from non-cancer with about 80–90% accuracy in some studies, and can also warn of drug resistance or risk of cancer return. For example, tumor DNA in blood rose from 50% of people with stage I disease to 100% in later stages, and certain blood markers in tiny cell bubbles reached over 90% sensitivity and 100% specificity for early lung cancer in one study. These findings suggest that, after more testing, liquid biopsies may help doctors screen for lung cancer, guide treatment, and watch for relapse in a less painful way.","This research looks at new blood and body fluid tests, called liquid biopsies, to help find and track lung cancer. We need better tests because many people learn they have lung cancer only when it is already late and hard to treat. These new tests may help you and your doctor find cancer earlier, choose drugs, and watch for the cancer to come back. In this work, the team reviews many kinds of cancer signs in blood, such as tumor cells, bits of tumor DNA, small RNA pieces, tiny fluid bubbles from cells, blood platelets changed by tumors, and tumor-linked proteins. They also describe lab tools used to measure these signs, like very sensitive gene and protein tests. They report that some of these markers can tell early lung cancer from non-cancer with about 80–90% accuracy in some studies, and can also warn of drug resistance or risk of cancer return. For example, tumor DNA in blood rose from 50% of people with stage I disease to 100% in later stages, and certain blood markers in tiny cell bubbles reached over 90% sensitivity and 100% specificity for early lung cancer in one study. These findings suggest that, after more testing, liquid biopsies may help doctors screen for lung cancer, guide treatment, and watch for relapse in a less painful way.","This research looks at new blood and body fluid tests, called liquid biopsies, to help find and track lung cancer [E1].  

We need better tests because many people learn they have lung cancer only when it is already late and hard to treat [E2]. These new tests may help you and your doctor find cancer earlier, choose drugs, and watch for the cancer to come back [E3].  

In this work, the team reviews many kinds of cancer signs in blood, such as tumor cells, bits of tumor DNA, small RNA pieces, tiny fluid bubbles from cells, blood platelets changed by tumors, and tumor-linked proteins [E1]. They also describe lab tools used to measure these signs, like very sensitive gene and protein tests [E5].  

They report that some of these markers can tell early lung cancer from non-cancer with about 80–90% accuracy in some studies, and can also warn of drug resistance or risk of cancer return [E37]. For example, tumor DNA in blood rose from 50% of people with stage I disease to 100% in later stages, and certain blood markers in tiny cell bubbles reached over 90% sensitivity and 100% specificity for early lung cancer in one study [E37][E39].  

These findings suggest that, after more testing, liquid biopsies may help doctors screen for lung cancer, guide treatment, and watch for relapse in a less painful way [E70].",9,"E1, E2, E3, E5, E37, E39, E70",,72,72,0.571541289,69.3269186,8.930813953,57.79068182,12.03045455,0.947368421,1,0.566841824,0.652863043,6.742157985,10.41145118,9.344186047,13.18181818
39337530,Emerging Targets in Non-Small Cell Lung Cancer.,https://pubmed.ncbi.nlm.nih.gov/39337530/,"Lung cancer is responsible for a high burden of disease globally. Over the last two decades, the discovery of targetable oncogenic genomic alterations has revolutionized the treatment landscape for early-stage and advanced non-small cell lung cancer (NSCLC). New molecular drivers continue to emerge as promising therapeutic targets, including KRAS non-G12C, RAF/MEK, HER3, Nectin-4, folate receptor alpha, ITGB6, and PRMT5. In this review, we summarize the emerging molecular targets with a potential clinical impact in advanced NSCLC, elaborating on their clinical characteristics and specific mechanisms and molecular pathways for which targeted treatments are currently available. Additionally, we present an aggregate of ongoing clinical trials investigating the available treatment options targeting such alterations, in addition to their current recruitment status and preliminary efficacy data. These advancements may guide further research endeavors and inform future treatment strategies to improve the management of and transform outcomes for patients with advanced NSCLC.",Available,"This research looks at new ways to treat a common type of lung cancer called non small cell lung cancer, or NSCLC (Abstract, sentence 1). It matters because lung cancer causes a lot of sickness and death around the world, and many people still do not live long even with current care (Abstract, sentence 1). Over the last 20 years, we have found many gene changes in NSCLC that we can target with drugs, and this has changed care for both early and late disease (Abstract, sentence 2). In this study, the team reviews new gene and protein targets, such as KRAS, RAF/MEK, HER3, Nectin-4, folate receptor alpha, ITGB6, and PRMT5, that may be used for future drugs (Abstract, sentence 3). The writers looked at past studies and lab work to explain how these targets work in the cancer cell and what drugs are now being tested against them (Abstract, sentence 4). They also list many current drug trials, share if they are still signing up people, and give early results on how well the drugs seem to work (Abstract, sentence 5). These findings may help guide new research and help doctors plan better care for people with advanced NSCLC in the future (Abstract, sentence 6).","This research looks at new drug targets for a common type of lung cancer called non‑small cell lung cancer, or NSCLC (Abstract, para. 1). We need this work because lung cancer is a top cause of cancer death, and many people still die even with chemo and newer drugs (Introduction, para. 1). It may help people whose tumors have certain gene changes that current drugs do not treat well (Abstract, para. 1). The team reviewed many lab and human studies that test drugs aimed at these gene changes, such as KRAS, BRAF, HER3, Nectin‑4, folate receptor alpha, ITGB6, and PRMT5 (Abstract, para. 1). They looked at how often these changes appear, how they drive tumor growth, and how well new drugs and drug pairs work in early trials (Abstract, para. 1). They found some drugs that shrink tumors in 14% to over 50% of patients in small studies, and some are already approved for certain KRAS and BRAF changes in NSCLC (Body, para. 4)(Body, para. 14). Other drugs, like those that target HER3, Nectin‑4, ITGB6, or PRMT5, showed early signs of benefit but also side effects such as low blood counts, rash, or tiredness (Body, para. 23)(Body, para. 27)(Body, para. 34)(Body, para. 38). These findings suggest that, in the future, more people with advanced NSCLC may get drugs matched to the exact gene changes in their tumors, but many of these treatments still need larger trials before use in routine care (Conclusion, para. 1).","This research looks at new drug targets for a common type of lung cancer called non‑small cell lung cancer, or NSCLC. We need this work because lung cancer is a top cause of cancer death, and many people still die even with chemo and newer drugs. It may help people whose tumors have certain gene changes that current drugs do not treat well. The team reviewed many lab and human studies that test drugs aimed at these gene changes, such as KRAS, BRAF, HER3, Nectin‑4, folate receptor alpha, ITGB6, and PRMT5. They looked at how often these changes appear, how they drive tumor growth, and how well new drugs and drug pairs work in early trials. They found some drugs that shrink tumors in 14% to over 50% of patients in small studies, and some are already approved for certain KRAS and BRAF changes in NSCLC. Other drugs, like those that target HER3, Nectin‑4, ITGB6, or PRMT5, showed early signs of benefit but also side effects such as low blood counts, rash, or tiredness. These findings suggest that, in the future, more people with advanced NSCLC may get drugs matched to the exact gene changes in their tumors, but many of these treatments still need larger trials before use in routine care.","This research looks at new drug targets for a common type of lung cancer called non‑small cell lung cancer, or NSCLC. We need this work because lung cancer is a top cause of cancer death, and many people still die even with chemo and newer drugs. It may help people whose tumors have certain gene changes that current drugs do not treat well. The team reviewed many lab and human studies that test drugs aimed at these gene changes, such as KRAS, BRAF, HER3, Nectin‑4, folate receptor alpha, ITGB6, and PRMT5. They looked at how often these changes appear, how they drive tumor growth, and how well new drugs and drug pairs work in early trials. They found some drugs that shrink tumors in 14% to over 50% of patients in small studies, and some are already approved for certain KRAS and BRAF changes in NSCLC. Other drugs, like those that target HER3, Nectin‑4, ITGB6, or PRMT5, showed early signs of benefit but also side effects such as low blood counts, rash, or tiredness. These findings suggest that, in the future, more people with advanced NSCLC may get drugs matched to the exact gene changes in their tumors, but many of these treatments still need larger trials before use in routine care.","This research looks at new drug targets for a common type of lung cancer called non‑small cell lung cancer, or NSCLC [E1].  

We need this work because lung cancer is a top cause of cancer death, and many people still die even with chemo and newer drugs [E2]. It may help people whose tumors have certain gene changes that current drugs do not treat well [E1].  

The team reviewed many lab and human studies that test drugs aimed at these gene changes, such as KRAS, BRAF, HER3, Nectin‑4, folate receptor alpha, ITGB6, and PRMT5 [E1]. They looked at how often these changes appear, how they drive tumor growth, and how well new drugs and drug pairs work in early trials [E1].  

They found some drugs that shrink tumors in 14% to over 50% of patients in small studies, and some are already approved for certain KRAS and BRAF changes in NSCLC [E6][E16]. Other drugs, like those that target HER3, Nectin‑4, ITGB6, or PRMT5, showed early signs of benefit but also side effects such as low blood counts, rash, or tiredness [E25][E29][E36][E40].  

These findings suggest that, in the future, more people with advanced NSCLC may get drugs matched to the exact gene changes in their tumors, but many of these treatments still need larger trials before use in routine care [E41].",12,"E1, E2, E6, E16, E25, E29, E36, E40, E41",,41,41,0.583827321,64.0281068,11.63957004,66.20636792,10.60820755,0.846153846,1,0.4375,0.527635714,6.182691328,8.472884824,12.15977809,11.73207547
39408656,MicroRNAs in Lung Cancer Brain Metastasis.,https://pubmed.ncbi.nlm.nih.gov/39408656/,"Brain metastasis is a significant clinical challenge for patients with advanced lung cancer, occurring in about 20-40% of cases. Brain metastasis causes severe neurological symptoms, leading to a poor prognosis and contributing significantly to lung cancer-related mortality. However, the underlying molecular mechanism behind brain metastasis remains largely unknown. MicroRNAs (miRNAs) are small, non-coding RNAs linked to several aspects of cancer progression, including metastasis. In the context of lung cancer, significant research has shown the involvement of miRNAs in regulating critical pathways related to metastatic spread to the brain. This review summarizes the scientific evidence regarding the regulatory roles of intra- and extracellular miRNAs, which specifically drive the spread of lung cancer cells to the brain. It also revises the known molecular mechanisms of brain metastasis, focusing on those from lung cancer as the primary tumor to better understand the complex mechanisms underlying this regulation. Understanding these complex regulatory mechanisms holds promise for developing novel diagnostic biomarkers and potential therapeutic strategies in brain metastasis.",Available,"This research looks at why lung cancer often spreads to the brain and how tiny gene control parts, called microRNAs, may play a role (Abstract, sentence 1). Brain spread happens in about 20 to 40 out of 100 people with advanced lung cancer and can cause bad brain and nerve problems (Abstract, sentence 1). These brain problems can lead to a poor outlook and are a major cause of death in lung cancer (Abstract, sentence 2). We need this study because we still do not know the main body and gene steps that let lung cancer cells move to the brain (Abstract, sentence 3). The work may help people with advanced lung cancer and their care teams plan better tests and care in the future (Abstract, sentence 8). The writers of this paper did not test new drugs (Abstract, sentence 6). They read and summed up many past lab and clinic studies on microRNAs and lung cancer spread to the brain (Abstract, sentence 6). They looked at how these small gene control parts can turn other genes on or off and change how cancer cells move and grow (Abstract, sentence 4). They found that many microRNAs can push or block lung cancer spread to the brain by acting on key cell paths (Abstract, sentence 5). By mapping these paths, they show ways to build new lab tests and new drug ideas for brain spread in lung cancer (Abstract, sentence 8).","This research looks at why lung cancer often spreads to the brain and how tiny gene control switches, called microRNAs, may be part of this process (Abstract, para. 1). We need this work because brain spread happens in about 20–40 out of 100 people with advanced lung cancer and often leads to serious brain symptoms and short life span (Abstract, para. 1)(Introduction, para. 1). If we can learn how and when this spread starts, we may better predict it and plan care (Conclusion, para. 1). The authors did not test new drugs in people. They read and summed up many lab and animal studies on how lung cancer cells cross the brain’s blood barrier, grow in the brain, and change their microRNAs (Introduction, para. 3)(Body, para. 1). They found some microRNAs that seem to help cancer spread and others that seem to block it (Conclusion, para. 2). For example, low levels of miR-95-3p, miR-145-5p, miR-596-3p, and miR-4317 in tumors made brain spread worse in animal models, while high levels of miR-330-3p and miR-423-5p also pushed brain spread (Body, para. 25)(Conclusion, para. 2). Some microRNAs in blood, like miR-21 and miR-330-3p, may help predict who will get brain spread earlier (Body, para. 17)(Body, para. 18). These findings may guide future blood tests to spot risk and new treatments that raise “good” microRNAs or block “bad” ones, but this work is still at an early lab stage (Body, para. 34)(Conclusion, para. 4).","This research looks at why lung cancer often spreads to the brain and how tiny gene control switches, called microRNAs, may be part of this process. We need this work because brain spread happens in about 20–40 out of 100 people with advanced lung cancer and often leads to serious brain symptoms and short life span. If we can learn how and when this spread starts, we may better predict it and plan care. The authors did not test new drugs in people. They read and summed up many lab and animal studies on how lung cancer cells cross the brain’s blood barrier, grow in the brain, and change their microRNAs. They found some microRNAs that seem to help cancer spread and others that seem to block it. For example, low levels of miR-95-3p, miR-145-5p, miR-596-3p, and miR-4317 in tumors made brain spread worse in animal models, while high levels of miR-330-3p and miR-423-5p also pushed brain spread. Some microRNAs in blood, like miR-21 and miR-330-3p, may help predict who will get brain spread earlier. These findings may guide future blood tests to spot risk and new treatments that raise “good” microRNAs or block “bad” ones, but this work is still at an early lab stage.","This research looks at why lung cancer often spreads to the brain and how tiny gene control switches, called microRNAs, may be part of this process. We need this work because brain spread happens in about 20–40 out of 100 people with advanced lung cancer and often leads to serious brain symptoms and short life span. If we can learn how and when this spread starts, we may better predict it and plan care. The authors did not test new drugs in people. They read and summed up many lab and animal studies on how lung cancer cells cross the brain’s blood barrier, grow in the brain, and change their microRNAs. They found some microRNAs that seem to help cancer spread and others that seem to block it. For example, low levels of miR-95-3p, miR-145-5p, miR-596-3p, and miR-4317 in tumors made brain spread worse in animal models, while high levels of miR-330-3p and miR-423-5p also pushed brain spread. Some microRNAs in blood, like miR-21 and miR-330-3p, may help predict who will get brain spread earlier. These findings may guide future blood tests to spot risk and new treatments that raise “good” microRNAs or block “bad” ones, but this work is still at an early lab stage.","This research looks at why lung cancer often spreads to the brain and how tiny gene control switches, called microRNAs, may be part of this process [E1].  

We need this work because brain spread happens in about 20–40 out of 100 people with advanced lung cancer and often leads to serious brain symptoms and short life span [E1][E2]. If we can learn how and when this spread starts, we may better predict it and plan care [E39].  

The authors did not test new drugs in people. They read and summed up many lab and animal studies on how lung cancer cells cross the brain’s blood barrier, grow in the brain, and change their microRNAs [E4][E5].  

They found some microRNAs that seem to help cancer spread and others that seem to block it [E40]. For example, low levels of miR-95-3p, miR-145-5p, miR-596-3p, and miR-4317 in tumors made brain spread worse in animal models, while high levels of miR-330-3p and miR-423-5p also pushed brain spread [E29][E40]. Some microRNAs in blood, like miR-21 and miR-330-3p, may help predict who will get brain spread earlier [E21][E22].  

These findings may guide future blood tests to spot risk and new treatments that raise “good” microRNAs or block “bad” ones, but this work is still at an early lab stage [E38][E42].",13,"E1, E2, E39, E4, E5, E40, E29, E21, E22, E38, E42",,43,43,0.544309059,74.61,8.815,76.00471953,8.344433657,1,1,0.5,0.656853922,6.742157985,9.444778639,10.26666667,10.90312837
39497438,Lung cancer and obesity: A contentious relationship (Review).,https://pubmed.ncbi.nlm.nih.gov/39497438/,"The global obesity epidemic, attributed to sedentary lifestyles, unhealthy diets, genetics and environmental factors, has led to over 1.9 billion adults being classified as overweight and 650 million living with obesity. Despite advancements in early detection and treatment, lung cancer prognosis remains poor due to late diagnoses and limited therapies. The obesity paradox challenges conventional thinking by suggesting that individuals with obesity and certain diseases, including cancer, may have an improved prognosis compared with their counterparts of a normal weight. This observation has prompted investigations to understand protective mechanisms, including potentially favorable adipokine secretion and metabolic reserves that contribute to tolerating cancer treatments. However, understanding the association between obesity and lung cancer is complex. While smoking is the primary risk factor of lung cancer, obesity may independently impact lung cancer risk, particularly in non‑smokers. Adipose tissue dysfunction, including low‑grade chronic inflammation, and hormonal changes contribute to lung cancer development and progression. Obesity‑related factors may also influence treatment responses and survival outcomes in patients with lung cancer. The impact of obesity on treatment modalities such as chemotherapy, radiotherapy and surgery is still under investigation. Challenges in managing patients with obesity and cancer include increased surgical complexity, higher rates of postoperative complications and limited treatment options due to comorbidities. Targeted interventions aimed at reducing obesity prevalence and promoting healthy lifestyles are crucial for lung cancer prevention. The impact of obesity on lung cancer is multifaceted and requires further research to elucidate the underlying mechanisms and develop personalized interventions for prevention and treatment.",Available,"This research looks at how extra body weight and lung cancer may be linked (Abstract, sentence 5). It asks if weight can change your chance of lung cancer and how well you may do if you get it (Abstract, sentence 8). We need this study because many people in the world now live with extra weight or obesity, and lung cancer still has a poor outlook for many people (Abstract, sentence 1). It may help people who have obesity, people at risk for lung cancer, and their care teams (Abstract, sentence 2). The writers of this work read and summed up many past studies on weight, lung cancer risk, and lung cancer care (Abstract, sentence 6). They also looked at how body fat, body hormones, and long‑term low‑grade swelling in the body may play a part (Abstract, sentence 7). They found that smoking is still the main cause of lung cancer, but obesity may also raise risk, mainly in people who do not smoke (Abstract, sentence 6). They note that body fat can change body signals and may change how lung cancer starts, grows, and responds to care (Abstract, sentence 7). They also found that obesity can make surgery harder and raise the chance of problems after care (Abstract, sentence 10). These findings matter because they show that weight and lung cancer are tied in many ways and need more study (Abstract, sentence 12). The authors say that steps to lower obesity and help people live in a more healthy way are key to help prevent lung cancer (Abstract, sentence 11).","This research looks at how extra body weight and lung cancer are linked (Introduction, para. 5). We need this study because many adults now live with obesity, and lung cancer is still the top cause of cancer death (Abstract, para. 1)(Introduction, para. 2). If you or someone you love has lung cancer and also has obesity, this work may help you understand risks and care choices (Abstract, para. 1). The authors did not test a new drug in people (Introduction, para. 5). Instead, they read and summed up many past studies on body weight, body fat type, lung cancer risk, and how people do with surgery, chemo, and new immune drugs (Introduction, para. 5)(Body, para. 4). They found that obesity can raise the chance of lung cancer, in part by long‑term body swelling, hormone shifts, and changes in how cells use sugar and fat (Body, para. 5)(Body, para. 6). Yet some people with higher body weight lived longer after lung cancer, a pattern called the “obesity paradox” (Introduction, para. 3)(Body, para. 13). Very low weight and fast weight loss were linked to worse survival (Body, para. 25)(Body, para. 26). These findings matter because doctors may need to look not just at weight, but at where fat sits, muscle loss, and other health problems when they plan lung cancer care (Body, para. 4)(Body, para. 74). In the future, tests that track body fat type and related blood markers may help guide more personal treatment plans (Conclusion, para. 1).","This research looks at how extra body weight and lung cancer are linked. We need this study because many adults now live with obesity, and lung cancer is still the top cause of cancer death. If you or someone you love has lung cancer and also has obesity, this work may help you understand risks and care choices. The authors did not test a new drug in people. Instead, they read and summed up many past studies on body weight, body fat type, lung cancer risk, and how people do with surgery, chemo, and new immune drugs. They found that obesity can raise the chance of lung cancer, in part by long‑term body swelling, hormone shifts, and changes in how cells use sugar and fat. Yet some people with higher body weight lived longer after lung cancer, a pattern called the “obesity paradox”. Very low weight and fast weight loss were linked to worse survival. These findings matter because doctors may need to look not just at weight, but at where fat sits, muscle loss, and other health problems when they plan lung cancer care. In the future, tests that track body fat type and related blood markers may help guide more personal treatment plans.","This research looks at how extra body weight and lung cancer are linked. We need this study because many adults now live with obesity, and lung cancer is still the top cause of cancer death. If you or someone you love has lung cancer and also has obesity, this work may help you understand risks and care choices. The authors did not test a new drug in people. Instead, they read and summed up many past studies on body weight, body fat type, lung cancer risk, and how people do with surgery, chemo, and new immune drugs. They found that obesity can raise the chance of lung cancer, in part by long‑term body swelling, hormone shifts, and changes in how cells use sugar and fat. Yet some people with higher body weight lived longer after lung cancer, a pattern called the “obesity paradox”. Very low weight and fast weight loss were linked to worse survival. These findings matter because doctors may need to look not just at weight, but at where fat sits, muscle loss, and other health problems when they plan lung cancer care. In the future, tests that track body fat type and related blood markers may help guide more personal treatment plans.","This research looks at how extra body weight and lung cancer are linked [E6].  

We need this study because many adults now live with obesity, and lung cancer is still the top cause of cancer death [E1][E3]. If you or someone you love has lung cancer and also has obesity, this work may help you understand risks and care choices [E1].  

The authors did not test a new drug in people [E6]. Instead, they read and summed up many past studies on body weight, body fat type, lung cancer risk, and how people do with surgery, chemo, and new immune drugs [E6][E10].  

They found that obesity can raise the chance of lung cancer, in part by long‑term body swelling, hormone shifts, and changes in how cells use sugar and fat [E11][E12]. Yet some people with higher body weight lived longer after lung cancer, a pattern called the “obesity paradox” [E4][E22]. Very low weight and fast weight loss were linked to worse survival [E34][E35].  

These findings matter because doctors may need to look not just at weight, but at where fat sits, muscle loss, and other health problems when they plan lung cancer care [E10][E83]. In the future, tests that track body fat type and related blood markers may help guide more personal treatment plans [E93].",16,"E6, E1, E3, E10, E11, E12, E4, E22, E34, E35, E83, E93",,101,101,0.653954556,67.35871473,9.758655521,70.06359756,8.579634146,0.925925926,1,0.294916551,0.634746154,7.348242739,8.841846275,10.41044932,9.956097561
40001110,Traditional Chinese medicine in lung cancer treatment.,https://pubmed.ncbi.nlm.nih.gov/40001110/,"Lung cancer remains a major global health challenge and one of the leading causes of cancer-related deaths worldwide. Despite significant advancements in treatment, challenges such as drug resistance, side effects, metastasis and recurrence continue to impact patient outcomes and quality of life. In response, there is growing interest in complementary and integrative approaches to cancer care. Traditional Chinese medicine (TCM), with its long history, abundant clinical experience, holistic perspective and individualized approach, has garnered increasing attention for its role in lung cancer prevention and management. This review provides a comprehensive overview of the advances in TCM for lung cancer treatment, covering its theoretical foundation, treatment principles, clinical experiences and evidence supporting its efficacy. We also provide a systematic summary of the preclinical mechanisms, through which TCM impacts lung cancer, including the induction of cell death, reversal of drug resistance, inhibition of metastasis and modulation of immune responses. Additionally, future prospects for TCM in lung cancer treatment are discussed, offering insights into its expanded application and integration with modern medicine to address this challenging disease.",Available,"This research looks at how care from old Chinese plant and herb methods may help people with lung cancer. (Abstract, sentence 4)Lung cancer is one of the top causes of death from cancer in the world. (Abstract, sentence 1)Even with new drugs and care, many people still face drug side effects, spread of the cancer, and the cancer coming back. (Abstract, sentence 2)So we need more ways to help, and many people now look at care that can work with standard cancer care. (Abstract, sentence 3)In this study, the team reads and sums up many past reports on how these Chinese plant and herb mixes are used for lung cancer. (Abstract, sentence 5)They look at how doctors use them in the clinic and what lab tests show about how they may work. (Abstract, sentence 5)The lab work shows these plant and herb mixes may help cancer cells die, may help drugs work better, may slow spread, and may help the body’s own defense cells. (Abstract, sentence 6)The team also talks about how this care might be used more with modern drugs in the future. (Abstract, sentence 7)These findings may guide new studies that test plant and herb care with standard lung cancer care in people. (Abstract, sentence 7)","This research looks at how traditional Chinese medicine, or TCM, may help treat lung cancer when used with standard care like surgery, chemo, and newer targeted drugs (Abstract, para. 1). Lung cancer is common and often deadly, and many people still face drug side effects, cancer spread, and the cancer coming back after treatment (Introduction, para. 1). The authors reviewed many human studies and lab tests where people with lung cancer took TCM herbs, teas, pills, or injections along with chemo or targeted pills (Introduction, para. 2). In one review of 92 trials with 7,728 people, adding certain TCM injections to standard chemo raised tumour shrinkage rates and lowered some blood side effects compared with chemo alone (Body, para. 9). Other studies found that TCM plus targeted lung cancer pills helped people live longer and delayed the time before the cancer grew again (Body, para. 10). Several trials also showed better quality of life, with less nausea, tiredness, and infection risk when TCM was added (Body, para. 5). The findings suggest that TCM may help your body handle treatment better and may make some cancer drugs work longer, but it is mostly used as an add‑on, not a stand‑alone cure (Body, para. 6). More large, careful trials are still needed before doctors can give firm treatment rules (Body, para. 15).","This research looks at how traditional Chinese medicine, or TCM, may help treat lung cancer when used with standard care like surgery, chemo, and newer targeted drugs. Lung cancer is common and often deadly, and many people still face drug side effects, cancer spread, and the cancer coming back after treatment. The authors reviewed many human studies and lab tests where people with lung cancer took TCM herbs, teas, pills, or injections along with chemo or targeted pills. In one review of 92 trials with 7,728 people, adding certain TCM injections to standard chemo raised tumour shrinkage rates and lowered some blood side effects compared with chemo alone. Other studies found that TCM plus targeted lung cancer pills helped people live longer and delayed the time before the cancer grew again. Several trials also showed better quality of life, with less nausea, tiredness, and infection risk when TCM was added. The findings suggest that TCM may help your body handle treatment better and may make some cancer drugs work longer, but it is mostly used as an add‑on, not a stand‑alone cure. More large, careful trials are still needed before doctors can give firm treatment rules.","This research looks at how traditional Chinese medicine, or TCM, may help treat lung cancer when used with standard care like surgery, chemo, and newer targeted drugs. Lung cancer is common and often deadly, and many people still face drug side effects, cancer spread, and the cancer coming back after treatment. The authors reviewed many human studies and lab tests where people with lung cancer took TCM herbs, teas, pills, or injections along with chemo or targeted pills. In one review of 92 trials with 7,728 people, adding certain TCM injections to standard chemo raised tumour shrinkage rates and lowered some blood side effects compared with chemo alone. Other studies found that TCM plus targeted lung cancer pills helped people live longer and delayed the time before the cancer grew again. Several trials also showed better quality of life, with less nausea, tiredness, and infection risk when TCM was added. The findings suggest that TCM may help your body handle treatment better and may make some cancer drugs work longer, but it is mostly used as an add‑on, not a stand‑alone cure. More large, careful trials are still needed before doctors can give firm treatment rules.","This research looks at how traditional Chinese medicine, or TCM, may help treat lung cancer when used with standard care like surgery, chemo, and newer targeted drugs [E1]. Lung cancer is common and often deadly, and many people still face drug side effects, cancer spread, and the cancer coming back after treatment [E2].  

The authors reviewed many human studies and lab tests where people with lung cancer took TCM herbs, teas, pills, or injections along with chemo or targeted pills [E3]. In one review of 92 trials with 7,728 people, adding certain TCM injections to standard chemo raised tumour shrinkage rates and lowered some blood side effects compared with chemo alone [E13]. Other studies found that TCM plus targeted lung cancer pills helped people live longer and delayed the time before the cancer grew again [E14]. Several trials also showed better quality of life, with less nausea, tiredness, and infection risk when TCM was added [E9].  

The findings suggest that TCM may help your body handle treatment better and may make some cancer drugs work longer, but it is mostly used as an add‑on, not a stand‑alone cure [E10]. More large, careful trials are still needed before doctors can give firm treatment rules [E21].",8,"E1, E2, E3, E13, E14, E9, E10, E21",,81,81,0.442090466,77.53261538,7.612384615,55.49913265,11.60479592,1,1,0.34622549,0.8969,3.1291,10.1257567,8.32,12.04489796
40076671,"Lung Cancer-Epidemiology, Pathogenesis, Treatment and Molecular Aspect (Review of Literature).",https://pubmed.ncbi.nlm.nih.gov/40076671/,"Lung cancer is one of the most common malignant cancers in most countries and is the leading cause of death among cancer diseases worldwide. Despite constant progress in diagnosis and therapy, survival rates of patients diagnosed with lung cancer remain unsatisfactory. Numerous epidemiological and experimental studies conducted as early as the 1970s confirm that the most important risk factor for the development of lung cancer is long-term smoking, which remains valid to this day. In the paper, the authors present the latest data on the epidemiology, pathogenesis, treatment and molecular aspects of this cancer. In the last decade, many molecular alterations that are effective in the development of lung cancer have been discovered. In adenocarcinoma, tyrosine kinase inhibitors were developed for EGFR mutations and ALK and ROS1 translocations and were approved for use in the treatment of advanced stage adenocarcinomas. In the case of squamous cell carcinoma, the evaluation of these mutations is not yet being used in clinical practice. In addition, there are ongoing studies concerning many potential therapeutic molecular targets, such as ROS, MET, FGFR, DDR-2 and RET. Constant progress in diagnostic and therapeutic methods gives rise to hopes for an improved prognosis in patients with lung cancer.",Available,"This research paper looks at lung cancer, which is a very common and deadly type of cancer in the world (Abstract, sentence 1). We need this study because even with better tests and care, many people with lung cancer still do not live very long (Abstract, sentence 2). It may help you or someone you know who has lung cancer, or who has smoked for many years (Abstract, sentence 3). The writers of the paper read and summed up many past studies on how often lung cancer happens, how it starts, how we treat it, and what changes in the body are linked to it (Abstract, sentence 4). They note that long-term smoking is still the main risk for lung cancer (Abstract, sentence 3). They report that in the last ten years, many key gene changes that help lung cancer grow have been found (Abstract, sentence 5). For one lung cancer type called adenocarcinoma, new drugs that block these gene changes are now used for people with late-stage disease (Abstract, sentence 6). For another type, called squamous cell cancer, these gene tests are not yet used in day-to-day care (Abstract, sentence 7). More lab and clinic work is testing other gene targets for new drugs (Abstract, sentence 8). Step by step, better tests and new drugs may help more people with lung cancer live longer (Abstract, sentence 9).","This research looks at lung cancer, which is the most common cancer in the world and the top cause of cancer death (Body, para. 4). It matters to you because many cases come from things people breathe in, like cigarette smoke and dirty air (Conclusion, para. 5). Smoking causes 80–90% of lung cancer cases, but some people also have inherited gene changes that raise their risk (Body, para. 47). The writers review many past studies to explain who gets lung cancer, what raises risk, how the disease grows in the body, and how doctors now test and treat it (Abstract, para. 1). They describe how low‑dose chest scans can find lung cancer earlier in people at very high risk, such as older heavy smokers (Introduction, para. 1). They also explain how lab tests on tumor tissue can find gene changes that guide “targeted” drugs, such as those aimed at EGFR or ALK (Body, para. 14). They report that lung cancer caused 2.5 million new cases and 1.8 million deaths worldwide in 2022 (Body, para. 4). New drugs that target tumor gene changes and new immune drugs can help some people live longer, but many patients are still diagnosed late (Methods, para. 7). These findings support strong steps to prevent smoking, improve early scan programs, and expand gene testing so more people can get the right treatment for their type of lung cancer (Body, para. 54).","This research looks at lung cancer, which is the most common cancer in the world and the top cause of cancer death. It matters to you because many cases come from things people breathe in, like cigarette smoke and dirty air. Smoking causes 80–90% of lung cancer cases, but some people also have inherited gene changes that raise their risk. The writers review many past studies to explain who gets lung cancer, what raises risk, how the disease grows in the body, and how doctors now test and treat it. They describe how low‑dose chest scans can find lung cancer earlier in people at very high risk, such as older heavy smokers. They also explain how lab tests on tumor tissue can find gene changes that guide “targeted” drugs, such as those aimed at EGFR or ALK. They report that lung cancer caused 2.5 million new cases and 1.8 million deaths worldwide in 2022. New drugs that target tumor gene changes and new immune drugs can help some people live longer, but many patients are still diagnosed late. These findings support strong steps to prevent smoking, improve early scan programs, and expand gene testing so more people can get the right treatment for their type of lung cancer.","This research looks at lung cancer, which is the most common cancer in the world and the top cause of cancer death. It matters to you because many cases come from things people breathe in, like cigarette smoke and dirty air. Smoking causes 80–90% of lung cancer cases, but some people also have inherited gene changes that raise their risk. The writers review many past studies to explain who gets lung cancer, what raises risk, how the disease grows in the body, and how doctors now test and treat it. They describe how low‑dose chest scans can find lung cancer earlier in people at very high risk, such as older heavy smokers. They also explain how lab tests on tumor tissue can find gene changes that guide “targeted” drugs, such as those aimed at EGFR or ALK. They report that lung cancer caused 2.5 million new cases and 1.8 million deaths worldwide in 2022. New drugs that target tumor gene changes and new immune drugs can help some people live longer, but many patients are still diagnosed late. These findings support strong steps to prevent smoking, improve early scan programs, and expand gene testing so more people can get the right treatment for their type of lung cancer.","This research looks at lung cancer, which is the most common cancer in the world and the top cause of cancer death [E6]. It matters to you because many cases come from things people breathe in, like cigarette smoke and dirty air [E69]. Smoking causes 80–90% of lung cancer cases, but some people also have inherited gene changes that raise their risk [E49].  

The writers review many past studies to explain who gets lung cancer, what raises risk, how the disease grows in the body, and how doctors now test and treat it [E1]. They describe how low‑dose chest scans can find lung cancer earlier in people at very high risk, such as older heavy smokers [E2]. They also explain how lab tests on tumor tissue can find gene changes that guide “targeted” drugs, such as those aimed at EGFR or ALK [E16].  

They report that lung cancer caused 2.5 million new cases and 1.8 million deaths worldwide in 2022 [E6]. New drugs that target tumor gene changes and new immune drugs can help some people live longer, but many patients are still diagnosed late [E62].  

These findings support strong steps to prevent smoking, improve early scan programs, and expand gene testing so more people can get the right treatment for their type of lung cancer [E64].",9,"E6, E69, E49, E1, E2, E16, E62, E64",,69,69,0.488119627,70.15089474,9.138842105,71.31727273,8.009545455,0.666666667,1,0.319344106,0.532864912,6.2581,6.980632753,9.470877193,8.332867133
40136350,Lung Cancer: Targeted Therapy in 2025.,https://pubmed.ncbi.nlm.nih.gov/40136350/,"Lung cancer treatment has changed in the last twenty years since the discovery of EGFR mutations. In this article, we will review the current state of the art for non-small cell lung cancer (NSCLC) actionable genomic alterations (AGA). AGAs are mostly found in lung adenocarcinomas, a subtype of non-small cell lung cancers. We will focus on the current treatment for EGFR mutations, ALK fusions, ROS1 fusions, BRAF V600E mutations, MET exon 14-skipping mutations, RET fusions, KRAS G12C mutations, ERBB2 mutations (also called HER2 mutations), and NTRK fusions. We will also touch on the key toxicities associated with these medications. Treatments are mostly available for the metastatic stage, but we will also discuss adjuvant therapy for EGFR mutations and ALK fusions, as well as stage III post-chemoradiotherapy treatment for EGFR lung cancer.",Available,"This research paper looks at a type of lung cancer called non‑small cell lung cancer, and at gene changes in these tumors that we can target with drugs (Abstract, sentence 2). These gene changes are often found in a kind of lung cancer called lung adenocarcinoma (Abstract, sentence 3). We need this study because new drugs for these gene changes have greatly changed lung cancer care over the last twenty years, and doctors need a clear guide to use them well (Abstract, sentence 1). This may help people whose lung cancer has one of these gene changes. The writers read and summed up many past studies on lung cancer with gene changes that drugs can target (Abstract, sentence 2). They looked at drugs for several gene changes, such as EGFR, ALK, ROS1, BRAF, MET, RET, KRAS, ERBB2 (also called HER2), and NTRK (Abstract, sentence 4). They also looked at the main side effects of these drugs, since some can be strong and need close care (Abstract, sentence 5). Most of these drugs are used when the cancer has spread, but the paper also reviews use after surgery and after chemo and radiation in some stages of disease (Abstract, sentence 6). These findings may help doctors pick the right drug for the right gene change and stage of lung cancer, and plan how to watch for side effects (Abstract, sentence 4).","This research looks at new drug treatments for a common type of lung cancer called non‑small cell lung cancer that has certain gene changes in the tumor (Abstract, para. 1). These gene changes act like “on switches” that help the cancer grow, and they are more often found in people with a lung cancer type called adenocarcinoma (Abstract, para. 1). We need this study because these gene changes are common, and older chemo drugs often do not work as well or cause more side effects (Introduction, para. 1). If you or a loved one has this kind of lung cancer, this work may guide which tests and drugs to ask about (Body, para. 1). The team reviewed many past trials of drugs that target gene changes such as EGFR, ALK, ROS1, BRAF, MET, RET, KRAS, ERBB2, and NTRK (Abstract, para. 1). They also looked at how labs test the tumor to find these changes and how well each drug works and what side effects it causes (Body, para. 1). They found that, for many of these gene changes, targeted drugs can shrink tumors more often and for longer than standard chemo, and can give better quality of life (Body, para. 2). These results support broad gene testing for lung cancer and use of targeted drugs when the right gene change is found (Conclusion, para. 1). Over time, this may help people live longer with fewer side effects from treatment (Conclusion, para. 1).","This research looks at new drug treatments for a common type of lung cancer called non‑small cell lung cancer that has certain gene changes in the tumor. These gene changes act like “on switches” that help the cancer grow, and they are more often found in people with a lung cancer type called adenocarcinoma. We need this study because these gene changes are common, and older chemo drugs often do not work as well or cause more side effects. If you or a loved one has this kind of lung cancer, this work may guide which tests and drugs to ask about. The team reviewed many past trials of drugs that target gene changes such as EGFR, ALK, ROS1, BRAF, MET, RET, KRAS, ERBB2, and NTRK. They also looked at how labs test the tumor to find these changes and how well each drug works and what side effects it causes. They found that, for many of these gene changes, targeted drugs can shrink tumors more often and for longer than standard chemo, and can give better quality of life. These results support broad gene testing for lung cancer and use of targeted drugs when the right gene change is found. Over time, this may help people live longer with fewer side effects from treatment.","This research looks at new drug treatments for a common type of lung cancer called non‑small cell lung cancer that has certain gene changes in the tumor. These gene changes act like “on switches” that help the cancer grow, and they are more often found in people with a lung cancer type called adenocarcinoma. We need this study because these gene changes are common, and older chemo drugs often do not work as well or cause more side effects. If you or a loved one has this kind of lung cancer, this work may guide which tests and drugs to ask about. The team reviewed many past trials of drugs that target gene changes such as EGFR, ALK, ROS1, BRAF, MET, RET, KRAS, ERBB2, and NTRK. They also looked at how labs test the tumor to find these changes and how well each drug works and what side effects it causes. They found that, for many of these gene changes, targeted drugs can shrink tumors more often and for longer than standard chemo, and can give better quality of life. These results support broad gene testing for lung cancer and use of targeted drugs when the right gene change is found. Over time, this may help people live longer with fewer side effects from treatment.","This research looks at new drug treatments for a common type of lung cancer called non‑small cell lung cancer that has certain gene changes in the tumor [E1]. These gene changes act like “on switches” that help the cancer grow, and they are more often found in people with a lung cancer type called adenocarcinoma [E1].  

We need this study because these gene changes are common, and older chemo drugs often do not work as well or cause more side effects [E2]. If you or a loved one has this kind of lung cancer, this work may guide which tests and drugs to ask about [E3].  

The team reviewed many past trials of drugs that target gene changes such as EGFR, ALK, ROS1, BRAF, MET, RET, KRAS, ERBB2, and NTRK [E1]. They also looked at how labs test the tumor to find these changes and how well each drug works and what side effects it causes [E3].  

They found that, for many of these gene changes, targeted drugs can shrink tumors more often and for longer than standard chemo, and can give better quality of life [E4].  

These results support broad gene testing for lung cancer and use of targeted drugs when the right gene change is found [E62]. Over time, this may help people live longer with fewer side effects from treatment [E62].",9,"E1, E2, E3, E4, E62",,62,62,0.672049256,69.07698068,9.973188406,72.01754522,9.148992248,0.714285714,0.947368421,0.28125,0.516014286,6.937597517,7.38712967,10.9178744,10.48578811
40332491,"The Current Roadmap of Lung Cancer Biology, Genomics and Racial Disparity.",https://pubmed.ncbi.nlm.nih.gov/40332491/,"Globally, lung cancer is the most prevalent cause of cancer-related death. There are two large histological groups of lung cancer: small-cell lung cancer (SCLC) and non-small-cell lung cancer (NSCLC). Based on histopathological and molecular features, adenocarcinoma (ADC) and squamous cell carcinoma (SCC) are the two major histologic subtypes of NSCLC. Various epidemiological and environmental factors are linked with an increased risk of lung cancer. However, these risk factors show disparities in patients with divergent racial and ethnic backgrounds. Interestingly, different populations were found to harbor distinct molecular features as evidenced by variations in genetic mutation profiles. Moreover, diverse histological and molecular progression patterns are identified in lung cancer, which could be crucial in improving diagnosis, prognosis, and therapeutic planning. In concert with a plethora of nuclear genetic alterations, mitochondrial alteration, epigenetic reprogramming, microbial dysbiosis, and immune alteration signatures have been identified in various lung cancer types. This review article provides a comprehensive overview of screening tests and the treatment strategies for NSCLC and SCLC, including surgery, radiation therapy, chemotherapy, targeted therapies, and immunotherapies. Through the unification of these diverse aspects, this review article aspires to a complete understanding of lung cancer's genomics, biology, microbial landscapes, and racial disparity and seeks to understand the essential role of racial and ethnic factors in lung cancer occurrence and treatment.",Available,"This research looks at lung cancer, which is the top cause of cancer death in the world (Abstract, sentence 1). We focus on two main types of lung cancer, called small-cell and non-small-cell, and how they are found and treated (Abstract, sentence 2). In the large group called non-small-cell, we look at two main forms, named adenocarcinoma and squamous cell cancer (Abstract, sentence 3). We need this study because many things in your life and world can raise lung cancer risk, and these risks are not the same for all race and ethnic groups (Abstract, sentence 4). People from different groups can also have different gene changes in their tumors (Abstract, sentence 5). In this work, we read and joined many past studies to give one big picture of lung cancer (Abstract, sentence 9). We looked at how the cancer cells grow and change over time and how this may guide tests and care plans (Abstract, sentence 7). We also looked at changes in cell power parts, gene marks, germs in the body, and the immune system in lung cancer (Abstract, sentence 8). We then linked this to current tests and care, such as surgery, drugs, and immune drugs (Abstract, sentence 9). This may help doctors plan more fair and more fit care for people from many race and ethnic groups in the future (Abstract, sentence 10).","This research looks at lung cancer and how it differs between people of different races and ethnic groups (Abstract, para. 1). Lung cancer is a leading cause of cancer death in the world, so we need better ways to find it early and treat it well for all people (Introduction, para. 1). The writers of this paper did not test a new drug on patients. Instead, they read and pulled together many past studies on lung cancer biology, gene changes, body defenses, germs in the lungs, and current tests and treatments (Introduction, para. 2). They also looked at how these things vary by race and place in the world (Introduction, para. 3). They found that some lung cancer types and gene changes are more common in certain groups, and this can affect who gets sick, how well people do, and which drugs work best (Body, para. 5). They also note that scan tests like low‑dose chest scans can miss cancer or give false alarms, and that newer blood tests and cell tests may help find cancer earlier in the future (Body, para. 7)(Body, para. 23). These findings matter because they point to the need for fair access to care and for treatments and tests that are better matched to each person’s background and tumor type (Body, para. 24)(Conclusion, para. 1).","This research looks at lung cancer and how it differs between people of different races and ethnic groups. Lung cancer is a leading cause of cancer death in the world, so we need better ways to find it early and treat it well for all people. The writers of this paper did not test a new drug on patients. Instead, they read and pulled together many past studies on lung cancer biology, gene changes, body defenses, germs in the lungs, and current tests and treatments. They also looked at how these things vary by race and place in the world. They found that some lung cancer types and gene changes are more common in certain groups, and this can affect who gets sick, how well people do, and which drugs work best. They also note that scan tests like low‑dose chest scans can miss cancer or give false alarms, and that newer blood tests and cell tests may help find cancer earlier in the future. These findings matter because they point to the need for fair access to care and for treatments and tests that are better matched to each person’s background and tumor type.","This research looks at lung cancer and how it differs between people of different races and ethnic groups. Lung cancer is a leading cause of cancer death in the world, so we need better ways to find it early and treat it well for all people. The writers of this paper did not test a new drug on patients. Instead, they read and pulled together many past studies on lung cancer biology, gene changes, body defenses, germs in the lungs, and current tests and treatments. They also looked at how these things vary by race and place in the world. They found that some lung cancer types and gene changes are more common in certain groups, and this can affect who gets sick, how well people do, and which drugs work best. They also note that scan tests like low‑dose chest scans can miss cancer or give false alarms, and that newer blood tests and cell tests may help find cancer earlier in the future. These findings matter because they point to the need for fair access to care and for treatments and tests that are better matched to each person’s background and tumor type.","This research looks at lung cancer and how it differs between people of different races and ethnic groups [E1]. Lung cancer is a leading cause of cancer death in the world, so we need better ways to find it early and treat it well for all people [E2].  

The writers of this paper did not test a new drug on patients. Instead, they read and pulled together many past studies on lung cancer biology, gene changes, body defenses, germs in the lungs, and current tests and treatments [E3]. They also looked at how these things vary by race and place in the world [E21].  

They found that some lung cancer types and gene changes are more common in certain groups, and this can affect who gets sick, how well people do, and which drugs work best [E8]. They also note that scan tests like low‑dose chest scans can miss cancer or give false alarms, and that newer blood tests and cell tests may help find cancer earlier in the future [E10][E27].  

These findings matter because they point to the need for fair access to care and for treatments and tests that are better matched to each person’s background and tumor type [E28][E29].",9,"E1, E2, E3, E21, E8, E10, E27, E28, E29",,29,29,0.592180399,71.24295815,8.961678414,71.89745192,9.28650641,0.894736842,1,0.469720497,0.534798246,7.554174237,7.645422481,9.784845815,10.36538462
40334018,Immunotherapy for resectable lung cancer.,https://pubmed.ncbi.nlm.nih.gov/40334018/,Abstract unavailable,Available,No text available,"This research looks at a new way to treat lung cancer with drugs that help your own immune system fight the tumor before and around the time of surgery (Abstract, para. 1). We need this work because lung cancer is common and deadly, and even after surgery many people see the cancer come back (Introduction, para. 1). This review may help people with lung cancer that can still be removed by surgery. The team read many past studies of people who got immune drugs alone, with other immune drugs, or with chemo before surgery, and sometimes again after surgery (Abstract, para. 1). They looked at how often tumors shrank or went away, how long people stayed free of cancer, and what side effects they had (Body, para. 10). They found that adding immune drugs to chemo before surgery led to more people with no live cancer seen in the removed tumor, for example 24% with the drug mix versus 2% with chemo alone in one large trial (Body, para. 12). Side effects were common but were like those seen with chemo alone, and most people still went on to have surgery on time (Body, para. 13)(Body, para. 14). These results suggest that using immune drugs around the time of surgery is safe and can help some people live longer without their cancer coming back (Conclusion, para. 1). In the future, blood tests that look for tiny bits of tumor may help doctors choose who really needs extra treatment after surgery (Body, para. 8).","This research looks at a new way to treat lung cancer with drugs that help your own immune system fight the tumor before and around the time of surgery. We need this work because lung cancer is common and deadly, and even after surgery many people see the cancer come back. This review may help people with lung cancer that can still be removed by surgery. The team read many past studies of people who got immune drugs alone, with other immune drugs, or with chemo before surgery, and sometimes again after surgery. They looked at how often tumors shrank or went away, how long people stayed free of cancer, and what side effects they had. They found that adding immune drugs to chemo before surgery led to more people with no live cancer seen in the removed tumor, for example 24% with the drug mix versus 2% with chemo alone in one large trial. Side effects were common but were like those seen with chemo alone, and most people still went on to have surgery on time. These results suggest that using immune drugs around the time of surgery is safe and can help some people live longer without their cancer coming back. In the future, blood tests that look for tiny bits of tumor may help doctors choose who really needs extra treatment after surgery.","This research looks at a new way to treat lung cancer with drugs that help your own immune system fight the tumor before and around the time of surgery. We need this work because lung cancer is common and deadly, and even after surgery many people see the cancer come back. This review may help people with lung cancer that can still be removed by surgery. The team read many past studies of people who got immune drugs alone, with other immune drugs, or with chemo before surgery, and sometimes again after surgery. They looked at how often tumors shrank or went away, how long people stayed free of cancer, and what side effects they had. They found that adding immune drugs to chemo before surgery led to more people with no live cancer seen in the removed tumor, for example 24% with the drug mix versus 2% with chemo alone in one large trial. Side effects were common but were like those seen with chemo alone, and most people still went on to have surgery on time. These results suggest that using immune drugs around the time of surgery is safe and can help some people live longer without their cancer coming back. In the future, blood tests that look for tiny bits of tumor may help doctors choose who really needs extra treatment after surgery.","This research looks at a new way to treat lung cancer with drugs that help your own immune system fight the tumor before and around the time of surgery [E1].  

We need this work because lung cancer is common and deadly, and even after surgery many people see the cancer come back [E2]. This review may help people with lung cancer that can still be removed by surgery.  

The team read many past studies of people who got immune drugs alone, with other immune drugs, or with chemo before surgery, and sometimes again after surgery [E1]. They looked at how often tumors shrank or went away, how long people stayed free of cancer, and what side effects they had [E14].  

They found that adding immune drugs to chemo before surgery led to more people with no live cancer seen in the removed tumor, for example 24% with the drug mix versus 2% with chemo alone in one large trial [E16]. Side effects were common but were like those seen with chemo alone, and most people still went on to have surgery on time [E17][E18].  

These results suggest that using immune drugs around the time of surgery is safe and can help some people live longer without their cancer coming back [E19]. In the future, blood tests that look for tiny bits of tumor may help doctors choose who really needs extra treatment after surgery [E12].",9,"E1, E2, E14, E16, E17, E18, E19, E12",,22,22,,,,61.97453255,10.8810279,,1,,0.5041,,9.150863308,,11.85100343
40407951,The role of the tumour microenvironment in lung cancer and its therapeutic implications.,https://pubmed.ncbi.nlm.nih.gov/40407951/,"Lung cancer is the leading cause of cancer-related deaths globally, with tumour growth, invasion, and treatment response heavily influenced by the tumour microenvironment (TME). The TME promotes tumour progression by creating an immunosuppressive environment that hampers the body's antitumour immune response, primarily through the Nuclear Factor Kappa B (NF-κB) and Signal Transducer and Activator of Transcription 3 (STAT3) pathways. These pathways contribute to chronic inflammation, immune evasion, and angiogenesis. Targeting the TME and its signalling pathways has shown potential to enhance treatment efficacy. STAT3, a key transcription factor in lung cancer, drives tumour growth and immune suppression via the mTOR and JAK pathways. Inhibiting these pathways can block STAT3 and slow cancer progression. Promising results have been observed with mTOR inhibitors like CC-115 and Vistusertib, especially when combined with immune checkpoint inhibitors, and with JAK inhibitors such as Ruxolitinib, AZD4205, and Filgotinib. These strategies represent a promising direction for lung cancer therapy. This review explores the intricate relationship between the TME and lung cancer, focussing on novel therapeutic approaches that target immune cells, signalling molecules, and fibroblasts within the TME to improve patient outcomes.",Available,"This research looks at lung cancer, which is the top cause of cancer death in the world (Abstract, sentence 1). It asks how the area around the tumor, called the tumor space, helps the cancer grow and hide from your body’s defense cells (Abstract, sentence 1). We need this study because this tumor space can make your body’s defense system weak, so it cannot fight the cancer well (Abstract, sentence 2). This may affect many people with lung cancer and the care they get (Abstract, sentence 1). The team read and summed up many past lab and clinic studies (Abstract, sentence 9). They looked at how certain cell signals in the tumor space turn on “switches” that lead to long‑lasting swelling, help cancer cells dodge defense cells, and grow new blood pipes for the tumor (Abstract, sentence 2). They found that one key switch, called STAT3, helps lung tumors grow and shut down defense cells (Abstract, sentence 5). When they block the paths that turn on STAT3, the cancer can slow down (Abstract, sentence 6). Some drugs that block these paths, such as CC‑115, Vistusertib, and Ruxolitinib, look hopeful, mainly when used with some immune drugs (Abstract, sentence 7). These results suggest that new drugs that target the tumor space may one day help lung cancer care work better (Abstract, sentence 4).","This research looks at lung cancer and the “area” around the tumour, called the tumour microenvironment, or TME (Abstract, para. 1). The TME is made of many cells and signals that can either help your immune system fight cancer or help the cancer grow and spread (Introduction, para. 2). The study is needed because lung cancer is the top cause of cancer death, and many people are found late, when treatment is hard (Introduction, para. 1). By better understanding the TME, we may find new ways to treat lung cancer and help patients live longer (Conclusion, para. 1). The authors read and summed up many lab and patient studies on how immune cells, support cells, and two key signal paths, called NF‑κB and STAT3, shape the TME (Abstract, para. 1). They also looked at drugs that block these paths. They found that NF‑κB and STAT3 make the TME “friendly” to cancer by blocking immune attack, helping blood vessel growth, and helping tumour cells live and spread (Body, para. 5). Drugs that block mTOR or JAK, which turn on STAT3, and drugs that block IL‑6 or VEGF, which link to NF‑κB, showed promise in early tests and some trials (Body, para. 29)(Body, para. 34)(Body, para. 40). These findings suggest that, in the future, lung cancer care may use mixes of immune drugs and NF‑κB/STAT3 blockers to make the TME less helpful to cancer and improve treatment results (Conclusion, para. 2).","This research looks at lung cancer and the “area” around the tumour, called the tumour microenvironment, or TME. The TME is made of many cells and signals that can either help your immune system fight cancer or help the cancer grow and spread. The study is needed because lung cancer is the top cause of cancer death, and many people are found late, when treatment is hard. By better understanding the TME, we may find new ways to treat lung cancer and help patients live longer. The authors read and summed up many lab and patient studies on how immune cells, support cells, and two key signal paths, called NF‑κB and STAT3, shape the TME. They also looked at drugs that block these paths. They found that NF‑κB and STAT3 make the TME “friendly” to cancer by blocking immune attack, helping blood vessel growth, and helping tumour cells live and spread. Drugs that block mTOR or JAK, which turn on STAT3, and drugs that block IL‑6 or VEGF, which link to NF‑κB, showed promise in early tests and some trials. These findings suggest that, in the future, lung cancer care may use mixes of immune drugs and NF‑κB/STAT3 blockers to make the TME less helpful to cancer and improve treatment results.","This research looks at lung cancer and the “area” around the tumour, called the tumour microenvironment, or TME. The TME is made of many cells and signals that can either help your immune system fight cancer or help the cancer grow and spread. The study is needed because lung cancer is the top cause of cancer death, and many people are found late, when treatment is hard. By better understanding the TME, we may find new ways to treat lung cancer and help patients live longer. The authors read and summed up many lab and patient studies on how immune cells, support cells, and two key signal paths, called NF‑κB and STAT3, shape the TME. They also looked at drugs that block these paths. They found that NF‑κB and STAT3 make the TME “friendly” to cancer by blocking immune attack, helping blood vessel growth, and helping tumour cells live and spread. Drugs that block mTOR or JAK, which turn on STAT3, and drugs that block IL‑6 or VEGF, which link to NF‑κB, showed promise in early tests and some trials. These findings suggest that, in the future, lung cancer care may use mixes of immune drugs and NF‑κB/STAT3 blockers to make the TME less helpful to cancer and improve treatment results.","This research looks at lung cancer and the “area” around the tumour, called the tumour microenvironment, or TME [E1]. The TME is made of many cells and signals that can either help your immune system fight cancer or help the cancer grow and spread [E4].  

The study is needed because lung cancer is the top cause of cancer death, and many people are found late, when treatment is hard [E3]. By better understanding the TME, we may find new ways to treat lung cancer and help patients live longer [E54].  

The authors read and summed up many lab and patient studies on how immune cells, support cells, and two key signal paths, called NF‑κB and STAT3, shape the TME [E1]. They also looked at drugs that block these paths.  

They found that NF‑κB and STAT3 make the TME “friendly” to cancer by blocking immune attack, helping blood vessel growth, and helping tumour cells live and spread [E11]. Drugs that block mTOR or JAK, which turn on STAT3, and drugs that block IL‑6 or VEGF, which link to NF‑κB, showed promise in early tests and some trials [E35][E40][E46].  

These findings suggest that, in the future, lung cancer care may use mixes of immune drugs and NF‑κB/STAT3 blockers to make the TME less helpful to cancer and improve treatment results [E55].",10,"E1, E4, E3, E54, E11, E35, E40, E46, E55",,56,56,0.507810148,73.02632432,8.588720721,71.97632965,9.044328594,0.529411765,1,0.419944203,0.6301,6.742157985,6.4273556,9.600720721,9.946498157
40510353,Bispecific antibody for lung cancer: mechanisms and clinical insights.,https://pubmed.ncbi.nlm.nih.gov/40510353/,"Lung cancer is a refractory malignancy. Although various therapeutic options, including targeted therapies, immune checkpoint inhibitors, and systemic chemotherapy, have significantly improved the prognosis of lung cancer patients, five-year survival rates are still low. Bispecific antibodies have attracted much attention because of their ability to bind different antigens or epitopes on the same antigen at once and because of their multiple novel functional mechanisms. Recently, three bispecific antibodies have been successively approved for lung cancer treatment, demonstrating the potential of bispecific drugs in lung cancer therapy. Various bispecific antibodies are currently under clinical trials to evaluate their safety and efficacy in lung cancer. In this review, we provide an overview of these antibodies' structure and mechanism of action, summarize their clinical progress in lung cancer treatment, and discuss and analyze the challenges and future directions of bsAbs application in lung cancer.",Available,"This research looks at new lab-made proteins, called “bispecific antibodies,” to treat lung cancer (Abstract, sentence 1). Lung cancer is hard to cure, and many people still die from it (Abstract, sentence 1). Even with new drugs and chemo, most people with lung cancer do not live five years after they learn they have it (Abstract, sentence 2). So we need better treatment, and this work may help people who have lung cancer now or may get it in the future (Abstract, sentence 2). Bispecific antibodies are special because they can grab two different targets at the same time, which may help them fight cancer in new ways (Abstract, sentence 3). In this paper, the team explains how these drugs are built and how they work in the body (Abstract, sentence 6). The team also looks at results from drug tests in people with lung cancer (Abstract, sentence 6). Three of these drugs are now approved for lung cancer care, which shows they can help some patients (Abstract, sentence 4). Many more of these drugs are now in human tests to check how safe they are and how well they work (Abstract, sentence 5). These early results suggest that bispecific drugs may become an added choice for lung cancer care, if future tests keep showing good and safe results (Abstract, sentence 4).","This research looks at a new type of lab-made drug, called “bispecific antibodies,” for lung cancer treatment (Abstract, para. 1). These drugs can grab two different targets on cancer or immune cells at the same time, unlike older drugs that grab only one (Introduction, para. 2). We need better options because lung cancer is very common, kills many people, and many tumors stop responding to current pills and infusions over time (Introduction, para. 1). This work may help people with both main types of lung cancer, including those who have already tried other treatments (Introduction, para. 1). The authors reviewed many studies of these drugs in people with lung cancer (Abstract, para. 1). They looked at how the drugs are built, how they work, and what happened in early and late clinical trials (Abstract, para. 1). They found that some bispecific drugs already help patients live longer or keep cancer from growing for more months than standard care, and a few are now approved for use (Body, para. 9)(Body, para. 31). Others show tumor shrinkage in people whose cancer came back after several lines of therapy, though side effects like immune reactions and lung problems can be serious in some patients (Body, para. 39)(Body, para. 59). These results suggest bispecific antibodies are becoming an important new option for some people with lung cancer, with more drugs likely to reach the clinic in the future (Conclusion, para. 1).","This research looks at a new type of lab-made drug, called “bispecific antibodies,” for lung cancer treatment. These drugs can grab two different targets on cancer or immune cells at the same time, unlike older drugs that grab only one. We need better options because lung cancer is very common, kills many people, and many tumors stop responding to current pills and infusions over time. This work may help people with both main types of lung cancer, including those who have already tried other treatments. The authors reviewed many studies of these drugs in people with lung cancer. They looked at how the drugs are built, how they work, and what happened in early and late clinical trials. They found that some bispecific drugs already help patients live longer or keep cancer from growing for more months than standard care, and a few are now approved for use. Others show tumor shrinkage in people whose cancer came back after several lines of therapy, though side effects like immune reactions and lung problems can be serious in some patients. These results suggest bispecific antibodies are becoming an important new option for some people with lung cancer, with more drugs likely to reach the clinic in the future.","This research looks at a new type of lab-made drug, called “bispecific antibodies,” for lung cancer treatment. These drugs can grab two different targets on cancer or immune cells at the same time, unlike older drugs that grab only one. We need better options because lung cancer is very common, kills many people, and many tumors stop responding to current pills and infusions over time. This work may help people with both main types of lung cancer, including those who have already tried other treatments. The authors reviewed many studies of these drugs in people with lung cancer. They looked at how the drugs are built, how they work, and what happened in early and late clinical trials. They found that some bispecific drugs already help patients live longer or keep cancer from growing for more months than standard care, and a few are now approved for use. Others show tumor shrinkage in people whose cancer came back after several lines of therapy, though side effects like immune reactions and lung problems can be serious in some patients. These results suggest bispecific antibodies are becoming an important new option for some people with lung cancer, with more drugs likely to reach the clinic in the future.","This research looks at a new type of lab-made drug, called “bispecific antibodies,” for lung cancer treatment [E1]. These drugs can grab two different targets on cancer or immune cells at the same time, unlike older drugs that grab only one [E3].  

We need better options because lung cancer is very common, kills many people, and many tumors stop responding to current pills and infusions over time [E2]. This work may help people with both main types of lung cancer, including those who have already tried other treatments [E2].  

The authors reviewed many studies of these drugs in people with lung cancer [E1]. They looked at how the drugs are built, how they work, and what happened in early and late clinical trials [E1].  

They found that some bispecific drugs already help patients live longer or keep cancer from growing for more months than standard care, and a few are now approved for use [E12][E34]. Others show tumor shrinkage in people whose cancer came back after several lines of therapy, though side effects like immune reactions and lung problems can be serious in some patients [E42][E62].  

These results suggest bispecific antibodies are becoming an important new option for some people with lung cancer, with more drugs likely to reach the clinic in the future [E66].",11,"E1, E3, E2, E12, E34, E42, E62, E66",,66,66,0.570240187,69.59659459,9.067099099,58.34549622,10.80754045,0.95,1,0.333333333,0.4796,7.554174237,10.98051877,9.780900901,11.48565264
40635482,Updates on lung cancer screening for early detection.,https://pubmed.ncbi.nlm.nih.gov/40635482/,"This review examines the current status and recent progress in lung cancer screening programs, focusing on low-dose computed tomography (LDCT) and emerging liquid biopsy technologies. In Korea, the National Lung Cancer Screening Program has shown promising results in reducing lung cancer mortality since its implementation in 2019. This review discusses the LDCT screening in Korea, including reductions in short-term mortality, increased screening uptake, and enhanced smoking cessation rates. Results from major international trials, including the National Lung Screening Trial, Nederlands-Leuvens Longkanker Screenings Onderzoek trial, and Multicenter Italian Lung Detection studies, demonstrating the efficacy of LDCT in reducing lung cancer mortality, are reviewed. The potential of liquid biopsy as a complement to LDCT is explored, with a focus on multi-cancer early detection technologies. Notable advances include the Circulating Cell-free Genome Atlas study and the Galleri® test, which have shown promise in detecting cancer at early stages through blood-based screening. We also highlight the challenges and limitations of current screening methods, including the need to improve strategies for screening non-smokers and the importance of balancing benefits against risks. As lung cancer screening continues to advance, combining LDCT and liquid biopsy is anticipated to provide more comprehensive and effective early detection strategies.",Available,"This research looks at ways to find lung cancer early, before you feel sick (Abstract, sentence 1). It talks about a scan called low-dose CT and new blood tests that may help find cancer (Abstract, sentence 1). We need this work because lung cancer often shows up late, when it is hard to treat (Abstract, sentence 4). It may help people who smoke now or used to smoke, and in the future may also help people who never smoked (Abstract, sentence 7). The team read and summed up results from big lung scan trials in many countries (Abstract, sentence 4). They also looked at a lung scan program in Korea and new blood test studies (Abstract, sentence 2). They found that lung scans can lower deaths from lung cancer in large groups of people (Abstract, sentence 4). In Korea, the national scan program since 2019 has cut short-term deaths and helped more people join scans and quit smoking (Abstract, sentence 2)(Abstract, sentence 3). New blood tests, like the Galleri test, can sometimes find cancer early from a blood sample (Abstract, sentence 6). The writers say scans and blood tests both have limits and risks, so we must use them with care (Abstract, sentence 7). In the future, using both the scan and a blood test together may help find lung cancer early in more people (Abstract, sentence 5)(Abstract, sentence 8).","This research looks at ways to find lung cancer early, mainly with a special chest scan called low‑dose CT and new blood tests called liquid biopsy tests (Abstract, para. 1). We need this work because lung cancer is common in Korea and more cases are now found at an early stage, when care can work better (Introduction, para. 2). It may help people who smoke or used to smoke, and other adults at high risk (Introduction, para. 1). The team reviewed large past studies and national programs that used low‑dose CT in Korea, the United States, and Europe (Abstract, para. 1). They also looked at new blood tests that try to find signs of many kinds of cancer from a small blood sample (Body, para. 9). They found that low‑dose CT cut deaths from lung cancer by about 20% in big trials and also lowered deaths from any cause (Body, para. 7). In Korea, the new scan program linked to smoking history cut one‑year deaths by about 3 percentage points and lung cancer deaths by about 2.7 percentage points (Body, para. 3). Blood tests like the Galleri test showed very few false alarms and could find many cancers at early stages (Body, para. 11). These results suggest that using scans and blood tests together may help find lung cancer earlier and more safely, but blood tests alone are not ready to replace scans yet (Body, para. 17).","This research looks at ways to find lung cancer early, mainly with a special chest scan called low‑dose CT and new blood tests called liquid biopsy tests. We need this work because lung cancer is common in Korea and more cases are now found at an early stage, when care can work better. It may help people who smoke or used to smoke, and other adults at high risk. The team reviewed large past studies and national programs that used low‑dose CT in Korea, the United States, and Europe. They also looked at new blood tests that try to find signs of many kinds of cancer from a small blood sample. They found that low‑dose CT cut deaths from lung cancer by about 20% in big trials and also lowered deaths from any cause. In Korea, the new scan program linked to smoking history cut one‑year deaths by about 3 percentage points and lung cancer deaths by about 2.7 percentage points. Blood tests like the Galleri test showed very few false alarms and could find many cancers at early stages. These results suggest that using scans and blood tests together may help find lung cancer earlier and more safely, but blood tests alone are not ready to replace scans yet.","This research looks at ways to find lung cancer early, mainly with a special chest scan called low‑dose CT and new blood tests called liquid biopsy tests. We need this work because lung cancer is common in Korea and more cases are now found at an early stage, when care can work better. It may help people who smoke or used to smoke, and other adults at high risk. The team reviewed large past studies and national programs that used low‑dose CT in Korea, the United States, and Europe. They also looked at new blood tests that try to find signs of many kinds of cancer from a small blood sample. They found that low‑dose CT cut deaths from lung cancer by about 20% in big trials and also lowered deaths from any cause. In Korea, the new scan program linked to smoking history cut one‑year deaths by about 3 percentage points and lung cancer deaths by about 2.7 percentage points. Blood tests like the Galleri test showed very few false alarms and could find many cancers at early stages. These results suggest that using scans and blood tests together may help find lung cancer earlier and more safely, but blood tests alone are not ready to replace scans yet.","This research looks at ways to find lung cancer early, mainly with a special chest scan called low‑dose CT and new blood tests called liquid biopsy tests [E1].  

We need this work because lung cancer is common in Korea and more cases are now found at an early stage, when care can work better [E3]. It may help people who smoke or used to smoke, and other adults at high risk [E2].  

The team reviewed large past studies and national programs that used low‑dose CT in Korea, the United States, and Europe [E1]. They also looked at new blood tests that try to find signs of many kinds of cancer from a small blood sample [E14].  

They found that low‑dose CT cut deaths from lung cancer by about 20% in big trials and also lowered deaths from any cause [E12]. In Korea, the new scan program linked to smoking history cut one‑year deaths by about 3 percentage points and lung cancer deaths by about 2.7 percentage points [E8]. Blood tests like the Galleri test showed very few false alarms and could find many cancers at early stages [E16].  

These results suggest that using scans and blood tests together may help find lung cancer earlier and more safely, but blood tests alone are not ready to replace scans yet [E22].",9,"E1, E3, E2, E14, E12, E8, E16, E22",,23,23,0.513410678,73.42531621,8.212371542,70.70571429,8.614285714,0.722222222,1,0.401219992,0.679193548,6.574015621,9.12067884,8.885375494,9.923809524
40878958,CircRNA in non‑small cell lung cancer: Potential biomarkers and therapeutic targets (Review).,https://pubmed.ncbi.nlm.nih.gov/40878958/,"Lung cancer is one of the most common malignant tumors, characterized by high incidence and mortality rates. Non‑small cell lung cancer (NSCLC) is the predominant histological type of lung cancer. Due to the lack of effective early diagnostic methods, the majority of patients with lung cancer present with distant metastasis at the time of initial diagnosis, often rendering treatments such as surgery and pharmacotherapy ineffective. Consequently, there is an urgent need for a more in‑depth understanding of the pathogenesis of NSCLC and the identification of novel therapeutic targets to enable more precise prediction and treatment of the disease. circular RNAs (circRNAs) are specifically expressed in tissues, owing to their high stability and specificity. The dysregulation of circRNA expression has been implicated in cancer progression, where circRNAs function as microRNA sponges, RNA‑binding protein sponges, gene splicing and transcriptional regulators and protein/peptide translational modulators. These molecules may serve as potential biomarkers for cancer prognosis and predictive indicators, as well as novel therapeutic targets. The present review summarizes the biogenesis and mechanistic functions of circRNAs, outlines their potential role in the initiation and progression of NSCLC and discusses their application as therapeutic targets in cancer treatment. The present review aimed to provide new perspectives for the development of emerging diagnostic or prognostic biomarkers and potential therapeutic targets for NSCLC.",Available,"This research looks at a type of lung cancer called non‑small cell lung cancer, which is the most common kind of lung cancer and causes many deaths worldwide (Abstract, sentence 1)(Abstract, sentence 2). Many people learn they have this cancer only after it has spread far in the body, so surgery and drugs often do not work well (Abstract, sentence 3). We need better ways to find this cancer early and to choose the right treatment for each person (Abstract, sentence 4). The writers of this paper did not test new drugs in people. Instead, they read and summed up many past lab and clinic studies (Abstract, sentence 8). They focused on small ring‑shaped molecules in cells, called circular RNAs, that are very stable and show up in certain tissues (Abstract, sentence 5). They found that these ring molecules can change how cancer grows and spreads, by soaking up other small molecules and by turning genes on or off (Abstract, sentence 6). The review says these ring molecules may work as signs in blood or tissue to help tell how the cancer will act and how a person may do over time (Abstract, sentence 7)(Abstract, sentence 9). In the future, lab tests that read these ring molecules may help doctors spot this lung cancer sooner and pick better, more personal care plans (Abstract, sentence 7).","This research looks at a type of lung cancer called non‑small cell lung cancer, or NSCLC, and a group of small ring‑shaped molecules in cells called circular RNAs, or circRNAs (Abstract, para. 1). NSCLC is very common and often found late, when it has already spread, so many people do not get the full benefit of surgery or drugs (Abstract, para. 1)(Introduction, para. 1). We need better lab tests to find this cancer early and to guide treatment choices (Introduction, para. 1). In this review, the writers read and summed up many past studies on circRNAs in NSCLC (Abstract, para. 1)(Introduction, para. 3). They explain that circRNAs form stable rings, are found in blood and other body fluids, and can turn other genes on or off in cancer cells (Body, para. 1)(Body, para. 3). Some circRNAs help lung tumors grow and spread, while others slow them down (Body, para. 12)(Body, para. 13). The writers report that certain circRNAs may affect how lung cancer cells move, hide from the immune system, use energy, and respond to drugs (Body, para. 15)(Body, para. 17)(Body, para. 16)(Body, para. 20). These findings matter because circRNAs in blood or tissue may become new tests to help find NSCLC earlier and to predict how it will act (Body, para. 21)(Discussion, para. 2). In the future, man‑made circRNAs or drugs that target harmful circRNAs might add to current lung cancer care, but this still needs more study (Body, para. 21)(Discussion, para. 4).","This research looks at a type of lung cancer called non‑small cell lung cancer, or NSCLC, and a group of small ring‑shaped molecules in cells called circular RNAs, or circRNAs. NSCLC is very common and often found late, when it has already spread, so many people do not get the full benefit of surgery or drugs. We need better lab tests to find this cancer early and to guide treatment choices. In this review, the writers read and summed up many past studies on circRNAs in NSCLC. They explain that circRNAs form stable rings, are found in blood and other body fluids, and can turn other genes on or off in cancer cells. Some circRNAs help lung tumors grow and spread, while others slow them down. The writers report that certain circRNAs may affect how lung cancer cells move, hide from the immune system, use energy, and respond to drugs. These findings matter because circRNAs in blood or tissue may become new tests to help find NSCLC earlier and to predict how it will act. In the future, man‑made circRNAs or drugs that target harmful circRNAs might add to current lung cancer care, but this still needs more study.","This research looks at a type of lung cancer called non‑small cell lung cancer, or NSCLC, and a group of small ring‑shaped molecules in cells called circular RNAs, or circRNAs. NSCLC is very common and often found late, when it has already spread, so many people do not get the full benefit of surgery or drugs. We need better lab tests to find this cancer early and to guide treatment choices. In this review, the writers read and summed up many past studies on circRNAs in NSCLC. They explain that circRNAs form stable rings, are found in blood and other body fluids, and can turn other genes on or off in cancer cells. Some circRNAs help lung tumors grow and spread, while others slow them down. The writers report that certain circRNAs may affect how lung cancer cells move, hide from the immune system, use energy, and respond to drugs. These findings matter because circRNAs in blood or tissue may become new tests to help find NSCLC earlier and to predict how it will act. In the future, man‑made circRNAs or drugs that target harmful circRNAs might add to current lung cancer care, but this still needs more study.","This research looks at a type of lung cancer called non‑small cell lung cancer, or NSCLC, and a group of small ring‑shaped molecules in cells called circular RNAs, or circRNAs [E1].  

NSCLC is very common and often found late, when it has already spread, so many people do not get the full benefit of surgery or drugs [E1][E2]. We need better lab tests to find this cancer early and to guide treatment choices [E2].  

In this review, the writers read and summed up many past studies on circRNAs in NSCLC [E1][E4]. They explain that circRNAs form stable rings, are found in blood and other body fluids, and can turn other genes on or off in cancer cells [E5][E7]. Some circRNAs help lung tumors grow and spread, while others slow them down [E16][E17].  

The writers report that certain circRNAs may affect how lung cancer cells move, hide from the immune system, use energy, and respond to drugs [E19][E21][E20][E24].  

These findings matter because circRNAs in blood or tissue may become new tests to help find NSCLC earlier and to predict how it will act [E25][E27]. In the future, man‑made circRNAs or drugs that target harmful circRNAs might add to current lung cancer care, but this still needs more study [E25][E29].",18,"E1, E2, E4, E5, E7, E16, E17, E19, E21, E20, E24, E25, E27, E29",,29,29,0.510859399,64.9,10.41777778,65.78217197,9.577051926,0.947368421,0.956521739,0.478589909,0.580445467,8.841846275,10.74609503,11.6,11.85951982
40910276,Lactylation modification in lung cancer: A review of current research and future directions (Review).,https://pubmed.ncbi.nlm.nih.gov/40910276/,"Lung cancer is a common malignancy that poses risks to human health and quality of life. The primary treatment options currently available include surgery, chemotherapy and radiotherapy. However, the aggressive metastatic nature of the disease combined with the development of drug and radiation resistance results in suboptimal survival outcomes. Consequently, there is a need to explore novel therapeutic approaches and develop more effective drugs. Lactylation, an epigenetic modification induced by lactate, alters histone proteins to modify the chromatin structure, as well as non‑histone proteins. This post‑translational modification is associated with the initiation and progression of lung cancer. Lactylation carries out a considerable role in the onset, progression and resistance of the disease by influencing tumor metabolism and the surrounding microenvironment. Targeting lactylation could provide innovative strategies for the targeted therapy of lung cancer.",Available,"This study looks at lung cancer, which is a very common and serious type of cancer that harms health and daily life (Abstract, sentence 1). Today, you may get surgery, drug treatment, or radiation for lung cancer, but these do not always work well (Abstract, sentence 2). The cancer can spread fast and can learn to resist these treatments, so many people still do not live long (Abstract, sentence 3). Because of this, we need new kinds of treatment and better drugs (Abstract, sentence 4). The team in this study looked at a small change in cells called “lactylation,” which is caused by a substance called lactate (Abstract, sentence 5). This change can affect key cell parts and can help start lung cancer and help it grow (Abstract, sentence 6). It also seems to help the cancer stay strong and resist treatment by changing how the tumor uses energy and how it talks with nearby cells (Abstract, sentence 7). The study says that if we can block or change lactylation, we may be able to make new, more exact drugs for lung cancer (Abstract, sentence 8). In the future, this may give doctors one more way to treat lung cancer, along with surgery, drugs, and radiation (Abstract, sentence 2).","This research looks at lung cancer and a new cell change called “lactylation.” (Abstract, para. 1)We need this study because lung cancer is very common and often deadly, and many people do not live long even with surgery, chemo, and radiation. (Abstract, para. 1)It may help people with both main types of lung cancer, but most data are in the more common type. (Introduction, para. 1)The writers read and summed up many lab and patient studies on how cancer cells use sugar, make a waste called lactate, and then use that lactate to change proteins by lactylation. (Introduction, para. 2)They also looked at work that links these changes to how fast tumors grow, spread, and avoid the body’s defense cells. (Body, para. 7)They found that high lactate in lung tumors can drive lactylation, which can help cancer cells grow, move, and resist drugs. (Body, para. 7)Some studies built gene “risk scores” based on lactylation‑related genes to predict which lung cancer patients do worse. (Body, para. 10)Early lab work shows that blocking lactate making or moving, or lowering lactylation, can slow lung cancer cells and may make other drugs work better. (Body, para. 15)These findings suggest that, in the future, doctors might use lactylation‑related tests to guide care and may add new drugs that target this process to standard lung cancer treatment. (Body, para. 16)","This research looks at lung cancer and a new cell change called “lactylation.”We need this study because lung cancer is very common and often deadly, and many people do not live long even with surgery, chemo, and radiation. It may help people with both main types of lung cancer, but most data are in the more common type. The writers read and summed up many lab and patient studies on how cancer cells use sugar, make a waste called lactate, and then use that lactate to change proteins by lactylation. They also looked at work that links these changes to how fast tumors grow, spread, and avoid the body’s defense cells. They found that high lactate in lung tumors can drive lactylation, which can help cancer cells grow, move, and resist drugs. Some studies built gene “risk scores” based on lactylation‑related genes to predict which lung cancer patients do worse. Early lab work shows that blocking lactate making or moving, or lowering lactylation, can slow lung cancer cells and may make other drugs work better. These findings suggest that, in the future, doctors might use lactylation‑related tests to guide care and may add new drugs that target this process to standard lung cancer treatment.","This research looks at lung cancer and a new cell change called “lactylation.”We need this study because lung cancer is very common and often deadly, and many people do not live long even with surgery, chemo, and radiation. It may help people with both main types of lung cancer, but most data are in the more common type. The writers read and summed up many lab and patient studies on how cancer cells use sugar, make a waste called lactate, and then use that lactate to change proteins by lactylation. They also looked at work that links these changes to how fast tumors grow, spread, and avoid the body’s defense cells. They found that high lactate in lung tumors can drive lactylation, which can help cancer cells grow, move, and resist drugs. Some studies built gene “risk scores” based on lactylation‑related genes to predict which lung cancer patients do worse. Early lab work shows that blocking lactate making or moving, or lowering lactylation, can slow lung cancer cells and may make other drugs work better. These findings suggest that, in the future, doctors might use lactylation‑related tests to guide care and may add new drugs that target this process to standard lung cancer treatment.","This research looks at lung cancer and a new cell change called “lactylation.” [E1]  

We need this study because lung cancer is very common and often deadly, and many people do not live long even with surgery, chemo, and radiation. [E1] It may help people with both main types of lung cancer, but most data are in the more common type. [E2]  

The writers read and summed up many lab and patient studies on how cancer cells use sugar, make a waste called lactate, and then use that lactate to change proteins by lactylation. [E3] They also looked at work that links these changes to how fast tumors grow, spread, and avoid the body’s defense cells. [E13]  

They found that high lactate in lung tumors can drive lactylation, which can help cancer cells grow, move, and resist drugs. [E13] Some studies built gene “risk scores” based on lactylation‑related genes to predict which lung cancer patients do worse. [E16] Early lab work shows that blocking lactate making or moving, or lowering lactylation, can slow lung cancer cells and may make other drugs work better. [E21]  

These findings suggest that, in the future, doctors might use lactylation‑related tests to guide care and may add new drugs that target this process to standard lung cancer treatment. [E22]",9,"E1, E2, E3, E13, E16, E21, E22",,26,26,0.562110317,68.30559277,9.501116427,65.22245098,9.793137255,0.954545455,1,0.4,0.75495,8.51512884,8.841846275,10.81998937,10.83137255
41369416,Ferroptosis and Radiotherapy in Lung Cancer.,https://pubmed.ncbi.nlm.nih.gov/41369416/,"BACKGROUND: Lung cancer (LC) is a leading cause of cancer mortality worldwide. While radiotherapy (RT) has been a lasting cornerstone of LC management, there are concerns due to tumor radioresistance and unintended damage to surrounding healthy tissue. Ferroptosis is a recently described mechanism of programmed cell death which has potential to serve as a complementary adjunct to facilitate RT-based LC treatment. OBJECTIVES: This review is a comprehensive overview of ferroptosis in the broader context of synergism with RT for LC. SUMMARY: Ferroptosis is essentially driven by intracellular iron overload, which drives the formation of reactive oxygen species, ultimately resulting in membrane instability and cell death. LC lines have been shown to exhibit a heterogeneous mix of pro- and anti-ferroptotic changes. RT shows promise as a potential ferroptosis inducer, especially when complemented with pharmacologic agents such as erastin. CONCLUSIONS: Ferroptosis represents a promising modern adjunct to a traditional therapeutic strategy. Future work should focus on rigorous dosage standards to avoid unintended toxicity, repurposing of currently available drugs into ferroptosis inducers, and establishment of safety protocols to begin the pathway towards clinical studies.",Available,"This research looks at lung cancer and a new way to help kill cancer cells called ferroptosis (Abstract, sentence 1). We need this study because lung cancer is a major cause of death, and current use of strong x‑ray treatment, called radiation, can hurt healthy cells and may not fully kill the tumor (Abstract, sentence 1). The writers of this paper read and summed up many past lab and animal studies on how ferroptosis works with radiation in lung cancer (Abstract, sentence 4). Ferroptosis is a type of cell death that happens when iron builds up inside a cell and causes damage to the cell wall, so the cell breaks down and dies (Abstract, sentence 5). They found that lung cancer cells can show both signs that make ferroptosis easier and signs that block it, so the mix is not the same in all tumors (Abstract, sentence 6). They also found that radiation may help start ferroptosis, and some drugs, such as erastin, may make this effect stronger (Abstract, sentence 7). The authors say ferroptosis could be added to standard radiation to help treat lung cancer, but this is not ready for use in people yet (Abstract, sentence 8). Future work needs to test safe dose levels and find drugs that can trigger ferroptosis without high harm before patient trials can start (Abstract, sentence 9).","This research looks at a new way to help treat lung cancer with radiation. (Abstract, para. 1)Lung cancer causes many deaths, and about 4 in 10 people with lung cancer get radiation. (Introduction, para. 1)But tumors can learn to resist this care, and radiation can also hurt nearby healthy lung. (Introduction, para. 1)The paper reviews a type of cell death called ferroptosis, where too much iron and “rust‑like” damage in the cell wall make the cell break apart and die. (Abstract, para. 1)Radiation can raise this kind of damage and may push cancer cells toward ferroptosis. (Introduction, para. 3)The writers looked at lab and animal work that tested drugs which spark ferroptosis, such as erastin and sorafenib, together with radiation. (Body, para. 12)In lung cancer models, these drug and radiation pairs slowed tumor growth more than either one alone, even when tumors were hard to kill. (Body, para. 12)They also warn that this same process can harm normal lung and other organs, so dose and drug delivery must be very careful. (Introduction, para. 4)If future animal and then human studies show this mix is safe, ferroptosis drugs might one day help your radiation care work better and help some people whose tumors now resist treatment. (Body, para. 23)","This research looks at a new way to help treat lung cancer with radiation. Lung cancer causes many deaths, and about 4 in 10 people with lung cancer get radiation. But tumors can learn to resist this care, and radiation can also hurt nearby healthy lung. The paper reviews a type of cell death called ferroptosis, where too much iron and “rust‑like” damage in the cell wall make the cell break apart and die. Radiation can raise this kind of damage and may push cancer cells toward ferroptosis. The writers looked at lab and animal work that tested drugs which spark ferroptosis, such as erastin and sorafenib, together with radiation. In lung cancer models, these drug and radiation pairs slowed tumor growth more than either one alone, even when tumors were hard to kill. They also warn that this same process can harm normal lung and other organs, so dose and drug delivery must be very careful. If future animal and then human studies show this mix is safe, ferroptosis drugs might one day help your radiation care work better and help some people whose tumors now resist treatment.","This research looks at a new way to help treat lung cancer with radiation. Lung cancer causes many deaths, and about 4 in 10 people with lung cancer get radiation. But tumors can learn to resist this care, and radiation can also hurt nearby healthy lung. The paper reviews a type of cell death called ferroptosis, where too much iron and “rust‑like” damage in the cell wall make the cell break apart and die. Radiation can raise this kind of damage and may push cancer cells toward ferroptosis. The writers looked at lab and animal work that tested drugs which spark ferroptosis, such as erastin and sorafenib, together with radiation. In lung cancer models, these drug and radiation pairs slowed tumor growth more than either one alone, even when tumors were hard to kill. They also warn that this same process can harm normal lung and other organs, so dose and drug delivery must be very careful. If future animal and then human studies show this mix is safe, ferroptosis drugs might one day help your radiation care work better and help some people whose tumors now resist treatment.","This research looks at a new way to help treat lung cancer with radiation. [E1]  

Lung cancer causes many deaths, and about 4 in 10 people with lung cancer get radiation. [E2] But tumors can learn to resist this care, and radiation can also hurt nearby healthy lung. [E2]  

The paper reviews a type of cell death called ferroptosis, where too much iron and “rust‑like” damage in the cell wall make the cell break apart and die. [E1] Radiation can raise this kind of damage and may push cancer cells toward ferroptosis. [E4]  

The writers looked at lab and animal work that tested drugs which spark ferroptosis, such as erastin and sorafenib, together with radiation. [E18] In lung cancer models, these drug and radiation pairs slowed tumor growth more than either one alone, even when tumors were hard to kill. [E18]  

They also warn that this same process can harm normal lung and other organs, so dose and drug delivery must be very careful. [E5]  

If future animal and then human studies show this mix is safe, ferroptosis drugs might one day help your radiation care work better and help some people whose tumors now resist treatment. [E29]",9,"E1, E2, E4, E18, E5, E29",,49,49,0.597301457,58.720125,12.05608333,61.08190476,9.956613757,0.833333333,0.944444444,0.3,0.7319,10.41145118,10.50422373,13.38333333,10.93968254
,,,,,,,,,,,,,,,,,,,,,,,,,,,
,,,,,,,,,,,,,,,,,,,,,,,,,,,
,,,,,,,,,,,,,,,,,,,,,,,,,,,
,,,,,,,,,,,,,,,,,,,,,,,,,,,
,,,,,,,,,,,,Average,43.175,43.175,0.569898252,68.85869698,9.787496948,69.03901178,9.311696482,0.825663525,0.987986326,0.366218084,0.624651986,6.968189323,8.21202298,10.5962333,10.46902003